image_path,cropped_image_path,metadata_ribbon_detected,sem_crop_box,metadata_crop_box,top1_label,top1_score,top2_label,top2_score,top3_label,top3_score,error
C:\Users\kom-e14-1\OneDrive\MLTraining\project\microvision-ai\data\unlabeled_test_images\L8_05ce34b632988d502d8157852d1124fb.jpg,C:\Users\kom-e14-1\Documents\Codex\2026-06-05\i-have-sem-images-i-chategorized\outputs\unlabeled_cropped_for_review\L8_05ce34b632988d502d8157852d1124fb_cropped.jpg,true,"(0, 0, 1024, 607)","(0, 607, 1024, 768)",Electrode,0.857096,close_up_line,0.121212,3d_edge,0.010813,
C:\Users\kom-e14-1\OneDrive\MLTraining\project\microvision-ai\data\unlabeled_test_images\L8_11c71c17fcd62002949182b98f420821.jpg,C:\Users\kom-e14-1\Documents\Codex\2026-06-05\i-have-sem-images-i-chategorized\outputs\unlabeled_cropped_for_review\L8_11c71c17fcd62002949182b98f420821_cropped.jpg,true,"(0, 0, 1024, 607)","(0, 607, 1024, 768)",close_up_line,0.973831,Electrode,0.020444,Bond-Pad-Array,0.001894,
C:\Users\kom-e14-1\OneDrive\MLTraining\project\microvision-ai\data\unlabeled_test_images\L8_25b53c21422ddd5de1f3284078a38b8f.jpg,C:\Users\kom-e14-1\Documents\Codex\2026-06-05\i-have-sem-images-i-chategorized\outputs\unlabeled_cropped_for_review\L8_25b53c21422ddd5de1f3284078a38b8f_cropped.jpg,true,"(0, 0, 1024, 637)","(0, 637, 1024, 768)",3d_edge,0.985465,microfluidic,0.007649,waveguide,0.002784,
C:\Users\kom-e14-1\OneDrive\MLTraining\project\microvision-ai\data\unlabeled_test_images\L8_40aa12722b3b210eb5b5234606c8966d.jpg,C:\Users\kom-e14-1\Documents\Codex\2026-06-05\i-have-sem-images-i-chategorized\outputs\unlabeled_cropped_for_review\L8_40aa12722b3b210eb5b5234606c8966d_cropped.jpg,true,"(0, 0, 1024, 631)","(0, 631, 1024, 768)",microfluidic,0.967502,3d_edge,0.030915,Electrode,0.000487,
C:\Users\kom-e14-1\OneDrive\MLTraining\project\microvision-ai\data\unlabeled_test_images\L8_49ca3809e3f9008670cb2d1368fa3ce3.jpg,C:\Users\kom-e14-1\Documents\Codex\2026-06-05\i-have-sem-images-i-chategorized\outputs\unlabeled_cropped_for_review\L8_49ca3809e3f9008670cb2d1368fa3ce3_cropped.jpg,true,"(0, 0, 1024, 607)","(0, 607, 1024, 768)",Bond-Pad-Array,0.993395,close_up_line,0.001881,label,0.001597,
C:\Users\kom-e14-1\OneDrive\MLTraining\project\microvision-ai\data\unlabeled_test_images\L8_52e12763d07bf60b9d9f75e9d476a415.jpg,C:\Users\kom-e14-1\Documents\Codex\2026-06-05\i-have-sem-images-i-chategorized\outputs\unlabeled_cropped_for_review\L8_52e12763d07bf60b9d9f75e9d476a415_cropped.jpg,true,"(0, 0, 1024, 635)","(0, 635, 1024, 768)",Bond-Pad-Array,0.643658,3d_edge,0.105039,Electrode,0.080299,
C:\Users\kom-e14-1\OneDrive\MLTraining\project\microvision-ai\data\unlabeled_test_images\L8_67a683d047af107f451982874489381b.jpg,C:\Users\kom-e14-1\Documents\Codex\2026-06-05\i-have-sem-images-i-chategorized\outputs\unlabeled_cropped_for_review\L8_67a683d047af107f451982874489381b_cropped.jpg,true,"(0, 0, 1024, 607)","(0, 607, 1024, 768)",Electrode,0.932866,close_up_line,0.056246,Bond-Pad-Array,0.007041,
C:\Users\kom-e14-1\OneDrive\MLTraining\project\microvision-ai\data\unlabeled_test_images\L8_7a046411e14c3fc7b24f4dd0cd9be2f5.jpg,C:\Users\kom-e14-1\Documents\Codex\2026-06-05\i-have-sem-images-i-chategorized\outputs\unlabeled_cropped_for_review\L8_7a046411e14c3fc7b24f4dd0cd9be2f5_cropped.jpg,true,"(0, 0, 1024, 636)","(0, 636, 1024, 768)",cantilever,0.985398,3d_edge,0.007748,Electrode,0.004565,
C:\Users\kom-e14-1\OneDrive\MLTraining\project\microvision-ai\data\unlabeled_test_images\L8_8cb3da937456429301c03ee11670678e.jpg,C:\Users\kom-e14-1\Documents\Codex\2026-06-05\i-have-sem-images-i-chategorized\outputs\unlabeled_cropped_for_review\L8_8cb3da937456429301c03ee11670678e_cropped.jpg,true,"(0, 0, 1024, 636)","(0, 636, 1024, 768)",cantilever,0.999021,3d_edge,0.000403,Electrode,0.000345,
C:\Users\kom-e14-1\OneDrive\MLTraining\project\microvision-ai\data\unlabeled_test_images\L8_92af6907928852807b0a5ac198ed184d.jpg,C:\Users\kom-e14-1\Documents\Codex\2026-06-05\i-have-sem-images-i-chategorized\outputs\unlabeled_cropped_for_review\L8_92af6907928852807b0a5ac198ed184d_cropped.jpg,true,"(0, 0, 1024, 636)","(0, 636, 1024, 768)",3d_edge,0.998238,waveguide,0.001187,close_up_line,0.000180,
C:\Users\kom-e14-1\OneDrive\MLTraining\project\microvision-ai\data\unlabeled_test_images\MEMS_devices_and_electrodes\L8_0015099e6314efa091dd1b4d7201f46e.jpg,C:\Users\kom-e14-1\Documents\Codex\2026-06-05\i-have-sem-images-i-chategorized\outputs\unlabeled_cropped_for_review\L8_0015099e6314efa091dd1b4d7201f46e_cropped.jpg,true,"(0, 0, 1024, 659)","(0, 659, 1024, 768)",Electrode,0.985990,close_up_line,0.004256,cantilever,0.004145,
C:\Users\kom-e14-1\OneDrive\MLTraining\project\microvision-ai\data\unlabeled_test_images\MEMS_devices_and_electrodes\L8_00275311fce01b3e6820fae100e4baa2.jpg,C:\Users\kom-e14-1\Documents\Codex\2026-06-05\i-have-sem-images-i-chategorized\outputs\unlabeled_cropped_for_review\L8_00275311fce01b3e6820fae100e4baa2_cropped.jpg,true,"(0, 0, 1024, 635)","(0, 635, 1024, 768)",3d_edge,0.883912,microfluidic,0.043085,Electrode,0.034033,
C:\Users\kom-e14-1\OneDrive\MLTraining\project\microvision-ai\data\unlabeled_test_images\MEMS_devices_and_electrodes\L8_005438e9179b563d7440d3f1fc19bf10.jpg,C:\Users\kom-e14-1\Documents\Codex\2026-06-05\i-have-sem-images-i-chategorized\outputs\unlabeled_cropped_for_review\L8_005438e9179b563d7440d3f1fc19bf10_cropped.jpg,true,"(0, 0, 1024, 607)","(0, 607, 1024, 768)",close_up_line,0.927423,Electrode,0.057323,Bond-Pad-Array,0.008738,
C:\Users\kom-e14-1\OneDrive\MLTraining\project\microvision-ai\data\unlabeled_test_images\MEMS_devices_and_electrodes\L8_005f33b229648f3094f11c5047abc034.jpg,C:\Users\kom-e14-1\Documents\Codex\2026-06-05\i-have-sem-images-i-chategorized\outputs\unlabeled_cropped_for_review\L8_005f33b229648f3094f11c5047abc034_cropped.jpg,true,"(0, 0, 1024, 658)","(0, 658, 1024, 768)",3d_edge,0.855003,waveguide,0.082893,close_up_line,0.030157,
C:\Users\kom-e14-1\OneDrive\MLTraining\project\microvision-ai\data\unlabeled_test_images\MEMS_devices_and_electrodes\L8_0062a36fcf713730137d362cc2df0acf.jpg,C:\Users\kom-e14-1\Documents\Codex\2026-06-05\i-have-sem-images-i-chategorized\outputs\unlabeled_cropped_for_review\L8_0062a36fcf713730137d362cc2df0acf_cropped.jpg,true,"(0, 0, 1024, 637)","(0, 637, 1024, 768)",3d_edge,0.940408,waveguide,0.053217,close_up_line,0.004134,
C:\Users\kom-e14-1\OneDrive\MLTraining\project\microvision-ai\data\unlabeled_test_images\MEMS_devices_and_electrodes\L8_00661188f30a0f78da0cdc5573733919.jpg,C:\Users\kom-e14-1\Documents\Codex\2026-06-05\i-have-sem-images-i-chategorized\outputs\unlabeled_cropped_for_review\L8_00661188f30a0f78da0cdc5573733919_cropped.jpg,true,"(0, 0, 1024, 607)","(0, 607, 1024, 768)",Electrode,0.759111,3d_edge,0.113397,close_up_line,0.085028,
C:\Users\kom-e14-1\OneDrive\MLTraining\project\microvision-ai\data\unlabeled_test_images\MEMS_devices_and_electrodes\L8_00b0dc09692d57fa450c49b7cfaaf6fc.jpg,C:\Users\kom-e14-1\Documents\Codex\2026-06-05\i-have-sem-images-i-chategorized\outputs\unlabeled_cropped_for_review\L8_00b0dc09692d57fa450c49b7cfaaf6fc_cropped.jpg,true,"(0, 0, 1024, 675)","(0, 675, 1024, 768)",3d_edge,0.921722,close_up_line,0.026008,Electrode,0.023688,
C:\Users\kom-e14-1\OneDrive\MLTraining\project\microvision-ai\data\unlabeled_test_images\MEMS_devices_and_electrodes\L8_0117b238bf85c4dc1cb4d8af64edca66.jpg,C:\Users\kom-e14-1\Documents\Codex\2026-06-05\i-have-sem-images-i-chategorized\outputs\unlabeled_cropped_for_review\L8_0117b238bf85c4dc1cb4d8af64edca66_cropped.jpg,true,"(0, 0, 1024, 637)","(0, 637, 1024, 768)",3d_edge,0.904262,microfluidic,0.042494,waveguide,0.014303,
C:\Users\kom-e14-1\OneDrive\MLTraining\project\microvision-ai\data\unlabeled_test_images\MEMS_devices_and_electrodes\L8_014b22bf4a8ec82f6bbb03e0521b4996.jpg,C:\Users\kom-e14-1\Documents\Codex\2026-06-05\i-have-sem-images-i-chategorized\outputs\unlabeled_cropped_for_review\L8_014b22bf4a8ec82f6bbb03e0521b4996_cropped.jpg,true,"(0, 0, 1024, 607)","(0, 607, 1024, 768)",Electrode,0.855965,close_up_line,0.071496,3d_edge,0.041655,
C:\Users\kom-e14-1\OneDrive\MLTraining\project\microvision-ai\data\unlabeled_test_images\MEMS_devices_and_electrodes\L8_0168bfb6377ea0f54c338a4ad4a50479.jpg,C:\Users\kom-e14-1\Documents\Codex\2026-06-05\i-have-sem-images-i-chategorized\outputs\unlabeled_cropped_for_review\L8_0168bfb6377ea0f54c338a4ad4a50479_cropped.jpg,true,"(0, 0, 1024, 635)","(0, 635, 1024, 768)",microfluidic,0.619765,waveguide,0.148820,3d_edge,0.079526,
C:\Users\kom-e14-1\OneDrive\MLTraining\project\microvision-ai\data\unlabeled_test_images\MEMS_devices_and_electrodes\L8_01821a44674df37cb148edc67d96194c.jpg,C:\Users\kom-e14-1\Documents\Codex\2026-06-05\i-have-sem-images-i-chategorized\outputs\unlabeled_cropped_for_review\L8_01821a44674df37cb148edc67d96194c_cropped.jpg,true,"(0, 0, 1024, 635)","(0, 635, 1024, 768)",3d_edge,0.575597,waveguide,0.245142,microfluidic,0.115538,
C:\Users\kom-e14-1\OneDrive\MLTraining\project\microvision-ai\data\unlabeled_test_images\MEMS_devices_and_electrodes\L8_0184b8d1a226204480ab203be9e97dbe.jpg,C:\Users\kom-e14-1\Documents\Codex\2026-06-05\i-have-sem-images-i-chategorized\outputs\unlabeled_cropped_for_review\L8_0184b8d1a226204480ab203be9e97dbe_cropped.jpg,true,"(0, 0, 1024, 659)","(0, 659, 1024, 768)",Electrode,0.949424,close_up_line,0.040589,3d_edge,0.007597,
C:\Users\kom-e14-1\OneDrive\MLTraining\project\microvision-ai\data\unlabeled_test_images\MEMS_devices_and_electrodes\L8_0187785ae90e631a4baae6889873485e.jpg,C:\Users\kom-e14-1\Documents\Codex\2026-06-05\i-have-sem-images-i-chategorized\outputs\unlabeled_cropped_for_review\L8_0187785ae90e631a4baae6889873485e_cropped.jpg,true,"(0, 0, 1024, 607)","(0, 607, 1024, 768)",waveguide,0.727350,cantilever,0.115930,Electrode,0.053882,
C:\Users\kom-e14-1\OneDrive\MLTraining\project\microvision-ai\data\unlabeled_test_images\MEMS_devices_and_electrodes\L8_019ec4cbd707260f8c5655636e67db65.jpg,C:\Users\kom-e14-1\Documents\Codex\2026-06-05\i-have-sem-images-i-chategorized\outputs\unlabeled_cropped_for_review\L8_019ec4cbd707260f8c5655636e67db65_cropped.jpg,true,"(0, 0, 1024, 675)","(0, 675, 1024, 768)",waveguide,0.954605,3d_edge,0.032594,close_up_line,0.003798,
C:\Users\kom-e14-1\OneDrive\MLTraining\project\microvision-ai\data\unlabeled_test_images\MEMS_devices_and_electrodes\L8_01fb41851604044345cefeb6c06408a9.jpg,C:\Users\kom-e14-1\Documents\Codex\2026-06-05\i-have-sem-images-i-chategorized\outputs\unlabeled_cropped_for_review\L8_01fb41851604044345cefeb6c06408a9_cropped.jpg,true,"(0, 0, 1024, 635)","(0, 635, 1024, 768)",Electrode,0.585323,close_up_line,0.306047,3d_edge,0.081054,
C:\Users\kom-e14-1\OneDrive\MLTraining\project\microvision-ai\data\unlabeled_test_images\MEMS_devices_and_electrodes\L8_020668400b69222c3ffeb2acb8975142.jpg,C:\Users\kom-e14-1\Documents\Codex\2026-06-05\i-have-sem-images-i-chategorized\outputs\unlabeled_cropped_for_review\L8_020668400b69222c3ffeb2acb8975142_cropped.jpg,true,"(0, 0, 1024, 636)","(0, 636, 1024, 768)",3d_edge,0.993551,waveguide,0.004233,cantilever,0.000780,
C:\Users\kom-e14-1\OneDrive\MLTraining\project\microvision-ai\data\unlabeled_test_images\MEMS_devices_and_electrodes\L8_021ea7fd49e125b530555dbf69a8f1ba.jpg,C:\Users\kom-e14-1\Documents\Codex\2026-06-05\i-have-sem-images-i-chategorized\outputs\unlabeled_cropped_for_review\L8_021ea7fd49e125b530555dbf69a8f1ba_cropped.jpg,true,"(0, 0, 1024, 691)","(0, 691, 1024, 768)",3d_edge,0.956871,cantilever,0.021113,waveguide,0.010843,
C:\Users\kom-e14-1\OneDrive\MLTraining\project\microvision-ai\data\unlabeled_test_images\MEMS_devices_and_electrodes\L8_02302179d820ab6e32fafb55c40f646c.jpg,C:\Users\kom-e14-1\Documents\Codex\2026-06-05\i-have-sem-images-i-chategorized\outputs\unlabeled_cropped_for_review\L8_02302179d820ab6e32fafb55c40f646c_cropped.jpg,true,"(0, 0, 1024, 607)","(0, 607, 1024, 768)",Electrode,0.530750,close_up_line,0.298553,Bond-Pad-Array,0.121543,
C:\Users\kom-e14-1\OneDrive\MLTraining\project\microvision-ai\data\unlabeled_test_images\MEMS_devices_and_electrodes\L8_02382b1761a0a0cbbf90f4afbb667439.jpg,C:\Users\kom-e14-1\Documents\Codex\2026-06-05\i-have-sem-images-i-chategorized\outputs\unlabeled_cropped_for_review\L8_02382b1761a0a0cbbf90f4afbb667439_cropped.jpg,true,"(0, 0, 1024, 630)","(0, 630, 1024, 768)",3d_edge,0.971393,waveguide,0.008557,close_up_line,0.008116,
C:\Users\kom-e14-1\OneDrive\MLTraining\project\microvision-ai\data\unlabeled_test_images\MEMS_devices_and_electrodes\L8_023c7de904377b2db97a0a53419a7cdd.jpg,C:\Users\kom-e14-1\Documents\Codex\2026-06-05\i-have-sem-images-i-chategorized\outputs\unlabeled_cropped_for_review\L8_023c7de904377b2db97a0a53419a7cdd_cropped.jpg,true,"(0, 0, 1024, 616)","(0, 616, 1024, 768)",waveguide,0.830216,close_up_line,0.050079,3d_edge,0.045331,
C:\Users\kom-e14-1\OneDrive\MLTraining\project\microvision-ai\data\unlabeled_test_images\MEMS_devices_and_electrodes\L8_024b184f259f5e48ad301b2616dfaabd.jpg,C:\Users\kom-e14-1\Documents\Codex\2026-06-05\i-have-sem-images-i-chategorized\outputs\unlabeled_cropped_for_review\L8_024b184f259f5e48ad301b2616dfaabd_cropped.jpg,true,"(0, 0, 1024, 499)","(0, 499, 1024, 768)",3d_edge,0.851763,waveguide,0.126515,cantilever,0.008483,
C:\Users\kom-e14-1\OneDrive\MLTraining\project\microvision-ai\data\unlabeled_test_images\MEMS_devices_and_electrodes\L8_0269de4a40a67a9c7a926a8d806cdc78.jpg,C:\Users\kom-e14-1\Documents\Codex\2026-06-05\i-have-sem-images-i-chategorized\outputs\unlabeled_cropped_for_review\L8_0269de4a40a67a9c7a926a8d806cdc78_cropped.jpg,true,"(0, 0, 1024, 635)","(0, 635, 1024, 768)",3d_edge,0.569031,microfluidic,0.344958,waveguide,0.036879,
C:\Users\kom-e14-1\OneDrive\MLTraining\project\microvision-ai\data\unlabeled_test_images\MEMS_devices_and_electrodes\L8_02701ce8bfa26dafae794f60897ccc0f.jpg,C:\Users\kom-e14-1\Documents\Codex\2026-06-05\i-have-sem-images-i-chategorized\outputs\unlabeled_cropped_for_review\L8_02701ce8bfa26dafae794f60897ccc0f_cropped.jpg,true,"(0, 0, 1024, 607)","(0, 607, 1024, 768)",waveguide,0.921862,close_up_line,0.035253,3d_edge,0.024613,
C:\Users\kom-e14-1\OneDrive\MLTraining\project\microvision-ai\data\unlabeled_test_images\MEMS_devices_and_electrodes\L8_02e815da977c6b3675f7bb0046687182.jpg,C:\Users\kom-e14-1\Documents\Codex\2026-06-05\i-have-sem-images-i-chategorized\outputs\unlabeled_cropped_for_review\L8_02e815da977c6b3675f7bb0046687182_cropped.jpg,true,"(0, 0, 1024, 499)","(0, 499, 1024, 768)",3d_edge,0.946366,microfluidic,0.031704,waveguide,0.008577,
C:\Users\kom-e14-1\OneDrive\MLTraining\project\microvision-ai\data\unlabeled_test_images\MEMS_devices_and_electrodes\L8_0310d35d5e13687583ceecb1627691e5.jpg,C:\Users\kom-e14-1\Documents\Codex\2026-06-05\i-have-sem-images-i-chategorized\outputs\unlabeled_cropped_for_review\L8_0310d35d5e13687583ceecb1627691e5_cropped.jpg,true,"(0, 0, 1024, 630)","(0, 630, 1024, 768)",3d_edge,0.476018,Bond-Pad-Array,0.334286,close_up_line,0.048138,
C:\Users\kom-e14-1\OneDrive\MLTraining\project\microvision-ai\data\unlabeled_test_images\MEMS_devices_and_electrodes\L8_034fafc776ca68f5ec100c5e74b65462.jpg,C:\Users\kom-e14-1\Documents\Codex\2026-06-05\i-have-sem-images-i-chategorized\outputs\unlabeled_cropped_for_review\L8_034fafc776ca68f5ec100c5e74b65462_cropped.jpg,true,"(0, 0, 1024, 636)","(0, 636, 1024, 768)",3d_edge,0.991504,close_up_line,0.003201,waveguide,0.001879,
C:\Users\kom-e14-1\OneDrive\MLTraining\project\microvision-ai\data\unlabeled_test_images\MEMS_devices_and_electrodes\L8_035014a38ccab74e9856ef196409eab8.jpg,C:\Users\kom-e14-1\Documents\Codex\2026-06-05\i-have-sem-images-i-chategorized\outputs\unlabeled_cropped_for_review\L8_035014a38ccab74e9856ef196409eab8_cropped.jpg,true,"(0, 0, 1024, 607)","(0, 607, 1024, 768)",close_up_line,0.819052,Electrode,0.116148,3d_edge,0.026407,
C:\Users\kom-e14-1\OneDrive\MLTraining\project\microvision-ai\data\unlabeled_test_images\MEMS_devices_and_electrodes\L8_037a5031acf03d2dc4ec6bb0371fd6bd.jpg,C:\Users\kom-e14-1\Documents\Codex\2026-06-05\i-have-sem-images-i-chategorized\outputs\unlabeled_cropped_for_review\L8_037a5031acf03d2dc4ec6bb0371fd6bd_cropped.jpg,true,"(0, 0, 1024, 635)","(0, 635, 1024, 768)",microfluidic,0.857692,3d_edge,0.132552,Electrode,0.005707,
C:\Users\kom-e14-1\OneDrive\MLTraining\project\microvision-ai\data\unlabeled_test_images\MEMS_devices_and_electrodes\L8_0390b3b17b1ee047f6c579f65a42dd9e.jpg,C:\Users\kom-e14-1\Documents\Codex\2026-06-05\i-have-sem-images-i-chategorized\outputs\unlabeled_cropped_for_review\L8_0390b3b17b1ee047f6c579f65a42dd9e_cropped.jpg,true,"(0, 0, 1024, 607)","(0, 607, 1024, 768)",close_up_line,0.913175,Electrode,0.063324,3d_edge,0.017951,
C:\Users\kom-e14-1\OneDrive\MLTraining\project\microvision-ai\data\unlabeled_test_images\MEMS_devices_and_electrodes\L8_03ae960b492cc7874b0e0812d9b89ee6.jpg,C:\Users\kom-e14-1\Documents\Codex\2026-06-05\i-have-sem-images-i-chategorized\outputs\unlabeled_cropped_for_review\L8_03ae960b492cc7874b0e0812d9b89ee6_cropped.jpg,true,"(0, 0, 1024, 630)","(0, 630, 1024, 768)",3d_edge,0.969942,waveguide,0.020169,close_up_line,0.005074,
C:\Users\kom-e14-1\OneDrive\MLTraining\project\microvision-ai\data\unlabeled_test_images\MEMS_devices_and_electrodes\L8_03dd103284546f42140f30d7a0d804bb.jpg,C:\Users\kom-e14-1\Documents\Codex\2026-06-05\i-have-sem-images-i-chategorized\outputs\unlabeled_cropped_for_review\L8_03dd103284546f42140f30d7a0d804bb_cropped.jpg,true,"(0, 0, 1024, 639)","(0, 639, 1024, 768)",3d_edge,0.438505,cantilever,0.338349,waveguide,0.082374,
C:\Users\kom-e14-1\OneDrive\MLTraining\project\microvision-ai\data\unlabeled_test_images\MEMS_devices_and_electrodes\L8_040647008390fd3d4b5af3e535bc2fa7.jpg,C:\Users\kom-e14-1\Documents\Codex\2026-06-05\i-have-sem-images-i-chategorized\outputs\unlabeled_cropped_for_review\L8_040647008390fd3d4b5af3e535bc2fa7_cropped.jpg,true,"(0, 0, 1024, 607)","(0, 607, 1024, 768)",close_up_line,0.968012,Electrode,0.019857,Bond-Pad-Array,0.007904,
C:\Users\kom-e14-1\OneDrive\MLTraining\project\microvision-ai\data\unlabeled_test_images\MEMS_devices_and_electrodes\L8_0434abd46a12640f795c3c5985b4839f.jpg,C:\Users\kom-e14-1\Documents\Codex\2026-06-05\i-have-sem-images-i-chategorized\outputs\unlabeled_cropped_for_review\L8_0434abd46a12640f795c3c5985b4839f_cropped.jpg,true,"(0, 0, 1024, 635)","(0, 635, 1024, 768)",3d_edge,0.599677,microfluidic,0.213026,Electrode,0.091370,
C:\Users\kom-e14-1\OneDrive\MLTraining\project\microvision-ai\data\unlabeled_test_images\MEMS_devices_and_electrodes\L8_0438dc4a93f370f2e2e0c128c4adbdf4.jpg,C:\Users\kom-e14-1\Documents\Codex\2026-06-05\i-have-sem-images-i-chategorized\outputs\unlabeled_cropped_for_review\L8_0438dc4a93f370f2e2e0c128c4adbdf4_cropped.jpg,true,"(0, 0, 1024, 631)","(0, 631, 1024, 768)",3d_edge,0.855383,close_up_line,0.035444,waveguide,0.032919,
C:\Users\kom-e14-1\OneDrive\MLTraining\project\microvision-ai\data\unlabeled_test_images\MEMS_devices_and_electrodes\L8_04491b2ebd9390d7eea3e78ded3d6c93.jpg,C:\Users\kom-e14-1\Documents\Codex\2026-06-05\i-have-sem-images-i-chategorized\outputs\unlabeled_cropped_for_review\L8_04491b2ebd9390d7eea3e78ded3d6c93_cropped.jpg,false,"(0, 0, 1024, 768)",,Bond-Pad-Array,0.997857,waveguide,0.000597,microfluidic,0.000375,
C:\Users\kom-e14-1\OneDrive\MLTraining\project\microvision-ai\data\unlabeled_test_images\MEMS_devices_and_electrodes\L8_047b8ceb6659bd18485a9a00c7267c3b.jpg,C:\Users\kom-e14-1\Documents\Codex\2026-06-05\i-have-sem-images-i-chategorized\outputs\unlabeled_cropped_for_review\L8_047b8ceb6659bd18485a9a00c7267c3b_cropped.jpg,true,"(0, 0, 1024, 635)","(0, 635, 1024, 768)",cantilever,0.646809,waveguide,0.141650,3d_edge,0.081911,
C:\Users\kom-e14-1\OneDrive\MLTraining\project\microvision-ai\data\unlabeled_test_images\MEMS_devices_and_electrodes\L8_04a2af61a6c740bfccf5a2498623b62e.jpg,C:\Users\kom-e14-1\Documents\Codex\2026-06-05\i-have-sem-images-i-chategorized\outputs\unlabeled_cropped_for_review\L8_04a2af61a6c740bfccf5a2498623b62e_cropped.jpg,true,"(0, 0, 1024, 635)","(0, 635, 1024, 768)",3d_edge,0.810047,waveguide,0.180208,cantilever,0.003460,
C:\Users\kom-e14-1\OneDrive\MLTraining\project\microvision-ai\data\unlabeled_test_images\MEMS_devices_and_electrodes\L8_04b45d61aebf3492274e12c43cf1e2b8.jpg,C:\Users\kom-e14-1\Documents\Codex\2026-06-05\i-have-sem-images-i-chategorized\outputs\unlabeled_cropped_for_review\L8_04b45d61aebf3492274e12c43cf1e2b8_cropped.jpg,true,"(0, 0, 1024, 635)","(0, 635, 1024, 768)",3d_edge,0.975520,waveguide,0.019174,close_up_line,0.001369,
C:\Users\kom-e14-1\OneDrive\MLTraining\project\microvision-ai\data\unlabeled_test_images\MEMS_devices_and_electrodes\L8_04d4dc589bbbc39254030e5e9c6ee9e3.jpg,C:\Users\kom-e14-1\Documents\Codex\2026-06-05\i-have-sem-images-i-chategorized\outputs\unlabeled_cropped_for_review\L8_04d4dc589bbbc39254030e5e9c6ee9e3_cropped.jpg,true,"(0, 0, 1024, 607)","(0, 607, 1024, 768)",close_up_line,0.601031,Electrode,0.299398,3d_edge,0.078677,
C:\Users\kom-e14-1\OneDrive\MLTraining\project\microvision-ai\data\unlabeled_test_images\MEMS_devices_and_electrodes\L8_05012041cd7545048842695be53c02f6.jpg,C:\Users\kom-e14-1\Documents\Codex\2026-06-05\i-have-sem-images-i-chategorized\outputs\unlabeled_cropped_for_review\L8_05012041cd7545048842695be53c02f6_cropped.jpg,true,"(0, 0, 1024, 554)","(0, 554, 1024, 768)",cantilever,0.878943,waveguide,0.066811,Electrode,0.025310,
C:\Users\kom-e14-1\OneDrive\MLTraining\project\microvision-ai\data\unlabeled_test_images\MEMS_devices_and_electrodes\L8_05034514d8a7687f1d1748e034e88438.jpg,C:\Users\kom-e14-1\Documents\Codex\2026-06-05\i-have-sem-images-i-chategorized\outputs\unlabeled_cropped_for_review\L8_05034514d8a7687f1d1748e034e88438_cropped.jpg,true,"(0, 0, 1024, 607)","(0, 607, 1024, 768)",Electrode,0.727107,close_up_line,0.221212,3d_edge,0.021565,
C:\Users\kom-e14-1\OneDrive\MLTraining\project\microvision-ai\data\unlabeled_test_images\MEMS_devices_and_electrodes\L8_0504aca4101236e91544a837e33dbf35.jpg,C:\Users\kom-e14-1\Documents\Codex\2026-06-05\i-have-sem-images-i-chategorized\outputs\unlabeled_cropped_for_review\L8_0504aca4101236e91544a837e33dbf35_cropped.jpg,true,"(0, 0, 1024, 607)","(0, 607, 1024, 768)",Electrode,0.682266,close_up_line,0.301671,Bond-Pad-Array,0.012433,
C:\Users\kom-e14-1\OneDrive\MLTraining\project\microvision-ai\data\unlabeled_test_images\MEMS_devices_and_electrodes\L8_0529ba80a9448b891bab680d339158b7.jpg,C:\Users\kom-e14-1\Documents\Codex\2026-06-05\i-have-sem-images-i-chategorized\outputs\unlabeled_cropped_for_review\L8_0529ba80a9448b891bab680d339158b7_cropped.jpg,true,"(0, 0, 1024, 631)","(0, 631, 1024, 768)",3d_edge,0.951526,microfluidic,0.041408,waveguide,0.003700,
C:\Users\kom-e14-1\OneDrive\MLTraining\project\microvision-ai\data\unlabeled_test_images\MEMS_devices_and_electrodes\L8_05599b7b3b0048ccc9b4694ee7b766a7.jpg,C:\Users\kom-e14-1\Documents\Codex\2026-06-05\i-have-sem-images-i-chategorized\outputs\unlabeled_cropped_for_review\L8_05599b7b3b0048ccc9b4694ee7b766a7_cropped.jpg,true,"(0, 0, 1024, 607)","(0, 607, 1024, 768)",close_up_line,0.727857,Electrode,0.219637,cantilever,0.019894,
C:\Users\kom-e14-1\OneDrive\MLTraining\project\microvision-ai\data\unlabeled_test_images\MEMS_devices_and_electrodes\L8_05617929179d113ffd9f48f7bac94147.jpg,C:\Users\kom-e14-1\Documents\Codex\2026-06-05\i-have-sem-images-i-chategorized\outputs\unlabeled_cropped_for_review\L8_05617929179d113ffd9f48f7bac94147_cropped.jpg,true,"(0, 0, 1024, 499)","(0, 499, 1024, 768)",3d_edge,0.992365,waveguide,0.003756,cantilever,0.001200,
C:\Users\kom-e14-1\OneDrive\MLTraining\project\microvision-ai\data\unlabeled_test_images\MEMS_devices_and_electrodes\L8_0589702d54fc64f68713ae17de9fde1b.jpg,C:\Users\kom-e14-1\Documents\Codex\2026-06-05\i-have-sem-images-i-chategorized\outputs\unlabeled_cropped_for_review\L8_0589702d54fc64f68713ae17de9fde1b_cropped.jpg,true,"(0, 0, 1024, 637)","(0, 637, 1024, 768)",Electrode,0.748430,cantilever,0.151643,3d_edge,0.076189,
C:\Users\kom-e14-1\OneDrive\MLTraining\project\microvision-ai\data\unlabeled_test_images\MEMS_devices_and_electrodes\L8_0592395e4b3bb72973bda092d76ccf00.jpg,C:\Users\kom-e14-1\Documents\Codex\2026-06-05\i-have-sem-images-i-chategorized\outputs\unlabeled_cropped_for_review\L8_0592395e4b3bb72973bda092d76ccf00_cropped.jpg,true,"(0, 0, 1024, 635)","(0, 635, 1024, 768)",3d_edge,0.976162,close_up_line,0.006100,waveguide,0.005542,
C:\Users\kom-e14-1\OneDrive\MLTraining\project\microvision-ai\data\unlabeled_test_images\MEMS_devices_and_electrodes\L8_059903e63cbe74b9f32853f88f73849e.jpg,C:\Users\kom-e14-1\Documents\Codex\2026-06-05\i-have-sem-images-i-chategorized\outputs\unlabeled_cropped_for_review\L8_059903e63cbe74b9f32853f88f73849e_cropped.jpg,true,"(0, 0, 1024, 635)","(0, 635, 1024, 768)",3d_edge,0.856786,Electrode,0.079943,close_up_line,0.023861,
C:\Users\kom-e14-1\OneDrive\MLTraining\project\microvision-ai\data\unlabeled_test_images\MEMS_devices_and_electrodes\L8_05a21c8db6a32635f37a2f268d2b6c66.jpg,C:\Users\kom-e14-1\Documents\Codex\2026-06-05\i-have-sem-images-i-chategorized\outputs\unlabeled_cropped_for_review\L8_05a21c8db6a32635f37a2f268d2b6c66_cropped.jpg,true,"(0, 0, 1024, 635)","(0, 635, 1024, 768)",3d_edge,0.982054,waveguide,0.014067,close_up_line,0.001713,
C:\Users\kom-e14-1\OneDrive\MLTraining\project\microvision-ai\data\unlabeled_test_images\MEMS_devices_and_electrodes\L8_05aae61115c5b5c3a68bf5b309f0867a.jpg,C:\Users\kom-e14-1\Documents\Codex\2026-06-05\i-have-sem-images-i-chategorized\outputs\unlabeled_cropped_for_review\L8_05aae61115c5b5c3a68bf5b309f0867a_cropped.jpg,true,"(0, 0, 1024, 635)","(0, 635, 1024, 768)",3d_edge,0.617382,close_up_line,0.129311,microfluidic,0.105305,
C:\Users\kom-e14-1\OneDrive\MLTraining\project\microvision-ai\data\unlabeled_test_images\MEMS_devices_and_electrodes\L8_05ae26c782401ad1e6eca49b418b75ce.jpg,C:\Users\kom-e14-1\Documents\Codex\2026-06-05\i-have-sem-images-i-chategorized\outputs\unlabeled_cropped_for_review\L8_05ae26c782401ad1e6eca49b418b75ce_cropped.jpg,true,"(0, 0, 1024, 635)","(0, 635, 1024, 768)",3d_edge,0.831121,waveguide,0.088050,microfluidic,0.042839,
C:\Users\kom-e14-1\OneDrive\MLTraining\project\microvision-ai\data\unlabeled_test_images\MEMS_devices_and_electrodes\L8_05c8dc051fb70d5789b6747d13324aac.jpg,C:\Users\kom-e14-1\Documents\Codex\2026-06-05\i-have-sem-images-i-chategorized\outputs\unlabeled_cropped_for_review\L8_05c8dc051fb70d5789b6747d13324aac_cropped.jpg,true,"(0, 0, 1024, 607)","(0, 607, 1024, 768)",cantilever,0.440788,close_up_line,0.237929,Electrode,0.107373,
C:\Users\kom-e14-1\OneDrive\MLTraining\project\microvision-ai\data\unlabeled_test_images\MEMS_devices_and_electrodes\L8_05ce34b632988d502d8157852d1124fb.jpg,C:\Users\kom-e14-1\Documents\Codex\2026-06-05\i-have-sem-images-i-chategorized\outputs\unlabeled_cropped_for_review\L8_05ce34b632988d502d8157852d1124fb_cropped.jpg,true,"(0, 0, 1024, 607)","(0, 607, 1024, 768)",Electrode,0.857096,close_up_line,0.121212,3d_edge,0.010813,
C:\Users\kom-e14-1\OneDrive\MLTraining\project\microvision-ai\data\unlabeled_test_images\MEMS_devices_and_electrodes\L8_05cfc16efbe4bfa7580f82e4879bb2d5.jpg,C:\Users\kom-e14-1\Documents\Codex\2026-06-05\i-have-sem-images-i-chategorized\outputs\unlabeled_cropped_for_review\L8_05cfc16efbe4bfa7580f82e4879bb2d5_cropped.jpg,true,"(0, 0, 1024, 594)","(0, 594, 1024, 768)",Electrode,0.778396,close_up_line,0.163484,cantilever,0.025261,
C:\Users\kom-e14-1\OneDrive\MLTraining\project\microvision-ai\data\unlabeled_test_images\MEMS_devices_and_electrodes\L8_05dd6f1f1b8a8ed65bbd787b1e38b6b7.jpg,C:\Users\kom-e14-1\Documents\Codex\2026-06-05\i-have-sem-images-i-chategorized\outputs\unlabeled_cropped_for_review\L8_05dd6f1f1b8a8ed65bbd787b1e38b6b7_cropped.jpg,true,"(0, 0, 1024, 635)","(0, 635, 1024, 768)",3d_edge,0.601215,cantilever,0.159998,waveguide,0.082583,
C:\Users\kom-e14-1\OneDrive\MLTraining\project\microvision-ai\data\unlabeled_test_images\MEMS_devices_and_electrodes\L8_0602644ac9d9f883049d4df145fcfcaa.jpg,C:\Users\kom-e14-1\Documents\Codex\2026-06-05\i-have-sem-images-i-chategorized\outputs\unlabeled_cropped_for_review\L8_0602644ac9d9f883049d4df145fcfcaa_cropped.jpg,true,"(0, 0, 1024, 636)","(0, 636, 1024, 768)",3d_edge,0.978277,waveguide,0.012564,cantilever,0.003653,
C:\Users\kom-e14-1\OneDrive\MLTraining\project\microvision-ai\data\unlabeled_test_images\MEMS_devices_and_electrodes\L8_0636252da0ace7a0e2bbada62fc65036.jpg,C:\Users\kom-e14-1\Documents\Codex\2026-06-05\i-have-sem-images-i-chategorized\outputs\unlabeled_cropped_for_review\L8_0636252da0ace7a0e2bbada62fc65036_cropped.jpg,true,"(0, 0, 1024, 607)","(0, 607, 1024, 768)",label,0.668398,3d_edge,0.215684,waveguide,0.073912,
C:\Users\kom-e14-1\OneDrive\MLTraining\project\microvision-ai\data\unlabeled_test_images\MEMS_devices_and_electrodes\L8_0641e47531a42044096f24ea4a3cad6f.jpg,C:\Users\kom-e14-1\Documents\Codex\2026-06-05\i-have-sem-images-i-chategorized\outputs\unlabeled_cropped_for_review\L8_0641e47531a42044096f24ea4a3cad6f_cropped.jpg,true,"(0, 0, 1024, 607)","(0, 607, 1024, 768)",Electrode,0.711260,close_up_line,0.231587,Bond-Pad-Array,0.046713,
C:\Users\kom-e14-1\OneDrive\MLTraining\project\microvision-ai\data\unlabeled_test_images\MEMS_devices_and_electrodes\L8_0677a7a421c32ef303ddf47e79a57f8c.jpg,C:\Users\kom-e14-1\Documents\Codex\2026-06-05\i-have-sem-images-i-chategorized\outputs\unlabeled_cropped_for_review\L8_0677a7a421c32ef303ddf47e79a57f8c_cropped.jpg,true,"(0, 0, 1024, 607)","(0, 607, 1024, 768)",close_up_line,0.605589,Electrode,0.201687,Bond-Pad-Array,0.051004,
C:\Users\kom-e14-1\OneDrive\MLTraining\project\microvision-ai\data\unlabeled_test_images\MEMS_devices_and_electrodes\L8_068ab98a7fcaf3583da4fccf0671a923.jpg,C:\Users\kom-e14-1\Documents\Codex\2026-06-05\i-have-sem-images-i-chategorized\outputs\unlabeled_cropped_for_review\L8_068ab98a7fcaf3583da4fccf0671a923_cropped.jpg,true,"(0, 0, 1024, 635)","(0, 635, 1024, 768)",Electrode,0.894136,close_up_line,0.087457,3d_edge,0.010960,
C:\Users\kom-e14-1\OneDrive\MLTraining\project\microvision-ai\data\unlabeled_test_images\MEMS_devices_and_electrodes\L8_068e8c976885722979825f23476d056d.jpg,C:\Users\kom-e14-1\Documents\Codex\2026-06-05\i-have-sem-images-i-chategorized\outputs\unlabeled_cropped_for_review\L8_068e8c976885722979825f23476d056d_cropped.jpg,true,"(0, 0, 1024, 607)","(0, 607, 1024, 768)",3d_edge,0.651290,close_up_line,0.151021,Electrode,0.147540,
C:\Users\kom-e14-1\OneDrive\MLTraining\project\microvision-ai\data\unlabeled_test_images\MEMS_devices_and_electrodes\L8_06ada1911ef793d14d45015d986f6fae.jpg,C:\Users\kom-e14-1\Documents\Codex\2026-06-05\i-have-sem-images-i-chategorized\outputs\unlabeled_cropped_for_review\L8_06ada1911ef793d14d45015d986f6fae_cropped.jpg,true,"(0, 0, 1024, 503)","(0, 503, 1024, 768)",3d_edge,0.626851,waveguide,0.161450,close_up_line,0.087093,
C:\Users\kom-e14-1\OneDrive\MLTraining\project\microvision-ai\data\unlabeled_test_images\MEMS_devices_and_electrodes\L8_070889ce4769421c19f8a50a16eaf16e.jpg,C:\Users\kom-e14-1\Documents\Codex\2026-06-05\i-have-sem-images-i-chategorized\outputs\unlabeled_cropped_for_review\L8_070889ce4769421c19f8a50a16eaf16e_cropped.jpg,true,"(0, 0, 1024, 607)","(0, 607, 1024, 768)",close_up_line,0.953003,Electrode,0.027884,waveguide,0.006544,
C:\Users\kom-e14-1\OneDrive\MLTraining\project\microvision-ai\data\unlabeled_test_images\MEMS_devices_and_electrodes\L8_07185cfe071bb5a130511baf1b5623af.jpg,C:\Users\kom-e14-1\Documents\Codex\2026-06-05\i-have-sem-images-i-chategorized\outputs\unlabeled_cropped_for_review\L8_07185cfe071bb5a130511baf1b5623af_cropped.jpg,true,"(0, 0, 1024, 499)","(0, 499, 1024, 768)",3d_edge,0.978223,microfluidic,0.008201,waveguide,0.006470,
C:\Users\kom-e14-1\OneDrive\MLTraining\project\microvision-ai\data\unlabeled_test_images\MEMS_devices_and_electrodes\L8_07352d92ae4d46e947fc55213be1dbd8.jpg,C:\Users\kom-e14-1\Documents\Codex\2026-06-05\i-have-sem-images-i-chategorized\outputs\unlabeled_cropped_for_review\L8_07352d92ae4d46e947fc55213be1dbd8_cropped.jpg,true,"(0, 0, 1024, 635)","(0, 635, 1024, 768)",3d_edge,0.305314,waveguide,0.227682,cantilever,0.119341,
C:\Users\kom-e14-1\OneDrive\MLTraining\project\microvision-ai\data\unlabeled_test_images\MEMS_devices_and_electrodes\L8_074fca68bdf5e39e4a13da00ea15cc9d.jpg,C:\Users\kom-e14-1\Documents\Codex\2026-06-05\i-have-sem-images-i-chategorized\outputs\unlabeled_cropped_for_review\L8_074fca68bdf5e39e4a13da00ea15cc9d_cropped.jpg,true,"(0, 0, 1024, 499)","(0, 499, 1024, 768)",3d_edge,0.999768,waveguide,0.000116,microfluidic,0.000093,
C:\Users\kom-e14-1\OneDrive\MLTraining\project\microvision-ai\data\unlabeled_test_images\MEMS_devices_and_electrodes\L8_07688e4e959df22f1725d715cf042b39.jpg,C:\Users\kom-e14-1\Documents\Codex\2026-06-05\i-have-sem-images-i-chategorized\outputs\unlabeled_cropped_for_review\L8_07688e4e959df22f1725d715cf042b39_cropped.jpg,true,"(0, 0, 1024, 607)","(0, 607, 1024, 768)",close_up_line,0.938344,Electrode,0.059317,3d_edge,0.000528,
C:\Users\kom-e14-1\OneDrive\MLTraining\project\microvision-ai\data\unlabeled_test_images\MEMS_devices_and_electrodes\L8_076c9b7861cff3264d44dbac8646415c.jpg,C:\Users\kom-e14-1\Documents\Codex\2026-06-05\i-have-sem-images-i-chategorized\outputs\unlabeled_cropped_for_review\L8_076c9b7861cff3264d44dbac8646415c_cropped.jpg,true,"(0, 0, 1024, 499)","(0, 499, 1024, 768)",3d_edge,0.996305,microfluidic,0.001529,cantilever,0.000785,
C:\Users\kom-e14-1\OneDrive\MLTraining\project\microvision-ai\data\unlabeled_test_images\MEMS_devices_and_electrodes\L8_078065a77e737a3a0d7238f99cde9aa2.jpg,C:\Users\kom-e14-1\Documents\Codex\2026-06-05\i-have-sem-images-i-chategorized\outputs\unlabeled_cropped_for_review\L8_078065a77e737a3a0d7238f99cde9aa2_cropped.jpg,true,"(0, 0, 1024, 607)","(0, 607, 1024, 768)",close_up_line,0.818960,Electrode,0.138179,Bond-Pad-Array,0.020603,
C:\Users\kom-e14-1\OneDrive\MLTraining\project\microvision-ai\data\unlabeled_test_images\MEMS_devices_and_electrodes\L8_078a43a14928ee708d01add2e3c94294.jpg,C:\Users\kom-e14-1\Documents\Codex\2026-06-05\i-have-sem-images-i-chategorized\outputs\unlabeled_cropped_for_review\L8_078a43a14928ee708d01add2e3c94294_cropped.jpg,true,"(0, 0, 1024, 635)","(0, 635, 1024, 768)",3d_edge,0.987696,waveguide,0.007106,close_up_line,0.001960,
C:\Users\kom-e14-1\OneDrive\MLTraining\project\microvision-ai\data\unlabeled_test_images\MEMS_devices_and_electrodes\L8_0799ea63ee3124ecfbfa9b1091bc8450.jpg,C:\Users\kom-e14-1\Documents\Codex\2026-06-05\i-have-sem-images-i-chategorized\outputs\unlabeled_cropped_for_review\L8_0799ea63ee3124ecfbfa9b1091bc8450_cropped.jpg,true,"(0, 0, 1024, 631)","(0, 631, 1024, 768)",3d_edge,0.999382,microfluidic,0.000229,Electrode,0.000208,
C:\Users\kom-e14-1\OneDrive\MLTraining\project\microvision-ai\data\unlabeled_test_images\MEMS_devices_and_electrodes\L8_079b6b8acbc569ffa19b0d84551355db.jpg,C:\Users\kom-e14-1\Documents\Codex\2026-06-05\i-have-sem-images-i-chategorized\outputs\unlabeled_cropped_for_review\L8_079b6b8acbc569ffa19b0d84551355db_cropped.jpg,true,"(0, 0, 1024, 607)","(0, 607, 1024, 768)",3d_edge,0.996756,waveguide,0.001083,close_up_line,0.000807,
C:\Users\kom-e14-1\OneDrive\MLTraining\project\microvision-ai\data\unlabeled_test_images\MEMS_devices_and_electrodes\L8_07cc7d457fc06fe01312b296fdea19a6.jpg,C:\Users\kom-e14-1\Documents\Codex\2026-06-05\i-have-sem-images-i-chategorized\outputs\unlabeled_cropped_for_review\L8_07cc7d457fc06fe01312b296fdea19a6_cropped.jpg,true,"(0, 0, 1024, 635)","(0, 635, 1024, 768)",Electrode,0.673989,cantilever,0.146046,Bond-Pad-Array,0.130274,
C:\Users\kom-e14-1\OneDrive\MLTraining\project\microvision-ai\data\unlabeled_test_images\MEMS_devices_and_electrodes\L8_080af091305cd9207e4fda9cb93ec809.jpg,C:\Users\kom-e14-1\Documents\Codex\2026-06-05\i-have-sem-images-i-chategorized\outputs\unlabeled_cropped_for_review\L8_080af091305cd9207e4fda9cb93ec809_cropped.jpg,true,"(0, 0, 1024, 635)","(0, 635, 1024, 768)",3d_edge,0.911978,close_up_line,0.029998,Electrode,0.018005,
C:\Users\kom-e14-1\OneDrive\MLTraining\project\microvision-ai\data\unlabeled_test_images\MEMS_devices_and_electrodes\L8_080e676def82cc39a28d5a4ea72e7e6d.jpg,C:\Users\kom-e14-1\Documents\Codex\2026-06-05\i-have-sem-images-i-chategorized\outputs\unlabeled_cropped_for_review\L8_080e676def82cc39a28d5a4ea72e7e6d_cropped.jpg,true,"(0, 0, 1024, 635)","(0, 635, 1024, 768)",3d_edge,0.969789,waveguide,0.014446,close_up_line,0.005163,
C:\Users\kom-e14-1\OneDrive\MLTraining\project\microvision-ai\data\unlabeled_test_images\MEMS_devices_and_electrodes\L8_082dc8f7dcfe32bc0b788d7a8a41571c.jpg,C:\Users\kom-e14-1\Documents\Codex\2026-06-05\i-have-sem-images-i-chategorized\outputs\unlabeled_cropped_for_review\L8_082dc8f7dcfe32bc0b788d7a8a41571c_cropped.jpg,true,"(0, 0, 1024, 658)","(0, 658, 1024, 768)",cantilever,0.476820,Electrode,0.130956,Bond-Pad-Array,0.123562,
C:\Users\kom-e14-1\OneDrive\MLTraining\project\microvision-ai\data\unlabeled_test_images\MEMS_devices_and_electrodes\L8_08418d8a5f87b20adbedd3cf1a231cd6.jpg,C:\Users\kom-e14-1\Documents\Codex\2026-06-05\i-have-sem-images-i-chategorized\outputs\unlabeled_cropped_for_review\L8_08418d8a5f87b20adbedd3cf1a231cd6_cropped.jpg,true,"(0, 0, 1024, 635)","(0, 635, 1024, 768)",Bond-Pad-Array,0.878138,microfluidic,0.070239,3d_edge,0.016412,
C:\Users\kom-e14-1\OneDrive\MLTraining\project\microvision-ai\data\unlabeled_test_images\MEMS_devices_and_electrodes\L8_0859de80c3b7cafe19b172e3e41c58c5.jpg,C:\Users\kom-e14-1\Documents\Codex\2026-06-05\i-have-sem-images-i-chategorized\outputs\unlabeled_cropped_for_review\L8_0859de80c3b7cafe19b172e3e41c58c5_cropped.jpg,true,"(0, 0, 1024, 635)","(0, 635, 1024, 768)",3d_edge,0.980406,close_up_line,0.008814,Electrode,0.004126,
C:\Users\kom-e14-1\OneDrive\MLTraining\project\microvision-ai\data\unlabeled_test_images\MEMS_devices_and_electrodes\L8_085dfffc2f158327bacdbae11d2b2ca5.jpg,C:\Users\kom-e14-1\Documents\Codex\2026-06-05\i-have-sem-images-i-chategorized\outputs\unlabeled_cropped_for_review\L8_085dfffc2f158327bacdbae11d2b2ca5_cropped.jpg,true,"(0, 0, 1024, 607)","(0, 607, 1024, 768)",Electrode,0.691575,close_up_line,0.199963,Bond-Pad-Array,0.074651,
C:\Users\kom-e14-1\OneDrive\MLTraining\project\microvision-ai\data\unlabeled_test_images\MEMS_devices_and_electrodes\L8_087c85cfaf0161ac095156c17410555f.jpg,C:\Users\kom-e14-1\Documents\Codex\2026-06-05\i-have-sem-images-i-chategorized\outputs\unlabeled_cropped_for_review\L8_087c85cfaf0161ac095156c17410555f_cropped.jpg,true,"(0, 0, 1024, 635)","(0, 635, 1024, 768)",3d_edge,0.914468,Electrode,0.029831,cantilever,0.024739,
C:\Users\kom-e14-1\OneDrive\MLTraining\project\microvision-ai\data\unlabeled_test_images\MEMS_devices_and_electrodes\L8_088275329bb08c15aee6356d39135d12.jpg,C:\Users\kom-e14-1\Documents\Codex\2026-06-05\i-have-sem-images-i-chategorized\outputs\unlabeled_cropped_for_review\L8_088275329bb08c15aee6356d39135d12_cropped.jpg,true,"(0, 0, 1024, 607)","(0, 607, 1024, 768)",close_up_line,0.708877,Electrode,0.116258,3d_edge,0.047049,
C:\Users\kom-e14-1\OneDrive\MLTraining\project\microvision-ai\data\unlabeled_test_images\MEMS_devices_and_electrodes\L8_08889959612b2226020af69349afc6ea.jpg,C:\Users\kom-e14-1\Documents\Codex\2026-06-05\i-have-sem-images-i-chategorized\outputs\unlabeled_cropped_for_review\L8_08889959612b2226020af69349afc6ea_cropped.jpg,true,"(0, 0, 1024, 637)","(0, 637, 1024, 768)",3d_edge,0.995396,cantilever,0.001910,microfluidic,0.000886,
C:\Users\kom-e14-1\OneDrive\MLTraining\project\microvision-ai\data\unlabeled_test_images\MEMS_devices_and_electrodes\L8_08933729751f1866f1bb878117eb8aa2.jpg,C:\Users\kom-e14-1\Documents\Codex\2026-06-05\i-have-sem-images-i-chategorized\outputs\unlabeled_cropped_for_review\L8_08933729751f1866f1bb878117eb8aa2_cropped.jpg,true,"(0, 0, 1024, 636)","(0, 636, 1024, 768)",3d_edge,0.987007,waveguide,0.003932,close_up_line,0.002734,
C:\Users\kom-e14-1\OneDrive\MLTraining\project\microvision-ai\data\unlabeled_test_images\MEMS_devices_and_electrodes\L8_08964eb95e481993d76b4778793f85a1.jpg,C:\Users\kom-e14-1\Documents\Codex\2026-06-05\i-have-sem-images-i-chategorized\outputs\unlabeled_cropped_for_review\L8_08964eb95e481993d76b4778793f85a1_cropped.jpg,true,"(0, 0, 1024, 659)","(0, 659, 1024, 768)",Electrode,0.991093,3d_edge,0.003690,close_up_line,0.003219,
C:\Users\kom-e14-1\OneDrive\MLTraining\project\microvision-ai\data\unlabeled_test_images\MEMS_devices_and_electrodes\L8_08975c921f3b4840d13ad99cd6933db6.jpg,C:\Users\kom-e14-1\Documents\Codex\2026-06-05\i-have-sem-images-i-chategorized\outputs\unlabeled_cropped_for_review\L8_08975c921f3b4840d13ad99cd6933db6_cropped.jpg,true,"(0, 0, 1024, 635)","(0, 635, 1024, 768)",3d_edge,0.965932,waveguide,0.015802,cantilever,0.007747,
C:\Users\kom-e14-1\OneDrive\MLTraining\project\microvision-ai\data\unlabeled_test_images\MEMS_devices_and_electrodes\L8_089dce3f43cbd7e2500b3074c73aa2c5.jpg,C:\Users\kom-e14-1\Documents\Codex\2026-06-05\i-have-sem-images-i-chategorized\outputs\unlabeled_cropped_for_review\L8_089dce3f43cbd7e2500b3074c73aa2c5_cropped.jpg,true,"(0, 0, 1024, 607)","(0, 607, 1024, 768)",3d_edge,0.691004,microfluidic,0.154786,waveguide,0.052150,
C:\Users\kom-e14-1\OneDrive\MLTraining\project\microvision-ai\data\unlabeled_test_images\MEMS_devices_and_electrodes\L8_08d197df30d7cc7f32eb522f1fc2ecd8.jpg,C:\Users\kom-e14-1\Documents\Codex\2026-06-05\i-have-sem-images-i-chategorized\outputs\unlabeled_cropped_for_review\L8_08d197df30d7cc7f32eb522f1fc2ecd8_cropped.jpg,true,"(0, 0, 1024, 607)","(0, 607, 1024, 768)",close_up_line,0.497437,Electrode,0.459467,3d_edge,0.021056,
C:\Users\kom-e14-1\OneDrive\MLTraining\project\microvision-ai\data\unlabeled_test_images\MEMS_devices_and_electrodes\L8_08fb26546043f5eb4b6e12eb94bec75f.jpg,C:\Users\kom-e14-1\Documents\Codex\2026-06-05\i-have-sem-images-i-chategorized\outputs\unlabeled_cropped_for_review\L8_08fb26546043f5eb4b6e12eb94bec75f_cropped.jpg,true,"(0, 0, 1024, 635)","(0, 635, 1024, 768)",3d_edge,0.721386,microfluidic,0.086238,cantilever,0.084976,
C:\Users\kom-e14-1\OneDrive\MLTraining\project\microvision-ai\data\unlabeled_test_images\MEMS_devices_and_electrodes\L8_09092db1f09e7b6414044b1fe36f80e6.jpg,C:\Users\kom-e14-1\Documents\Codex\2026-06-05\i-have-sem-images-i-chategorized\outputs\unlabeled_cropped_for_review\L8_09092db1f09e7b6414044b1fe36f80e6_cropped.jpg,true,"(0, 0, 1024, 635)","(0, 635, 1024, 768)",3d_edge,0.999232,waveguide,0.000323,microfluidic,0.000223,
C:\Users\kom-e14-1\OneDrive\MLTraining\project\microvision-ai\data\unlabeled_test_images\MEMS_devices_and_electrodes\L8_091057ab5d1225dc7eecc49b22a305a9.jpg,C:\Users\kom-e14-1\Documents\Codex\2026-06-05\i-have-sem-images-i-chategorized\outputs\unlabeled_cropped_for_review\L8_091057ab5d1225dc7eecc49b22a305a9_cropped.jpg,true,"(0, 0, 1024, 635)","(0, 635, 1024, 768)",3d_edge,0.992736,microfluidic,0.002426,close_up_line,0.002370,
C:\Users\kom-e14-1\OneDrive\MLTraining\project\microvision-ai\data\unlabeled_test_images\MEMS_devices_and_electrodes\L8_0915aa8f818fe191863ab32fe8648e6a.jpg,C:\Users\kom-e14-1\Documents\Codex\2026-06-05\i-have-sem-images-i-chategorized\outputs\unlabeled_cropped_for_review\L8_0915aa8f818fe191863ab32fe8648e6a_cropped.jpg,true,"(0, 0, 1024, 499)","(0, 499, 1024, 768)",3d_edge,0.992309,microfluidic,0.002390,waveguide,0.002372,
C:\Users\kom-e14-1\OneDrive\MLTraining\project\microvision-ai\data\unlabeled_test_images\MEMS_devices_and_electrodes\L8_0933394bbb7e84d0dc8e66c5423da2a5.jpg,C:\Users\kom-e14-1\Documents\Codex\2026-06-05\i-have-sem-images-i-chategorized\outputs\unlabeled_cropped_for_review\L8_0933394bbb7e84d0dc8e66c5423da2a5_cropped.jpg,true,"(0, 0, 1024, 635)","(0, 635, 1024, 768)",Electrode,0.866325,close_up_line,0.101894,3d_edge,0.017548,
C:\Users\kom-e14-1\OneDrive\MLTraining\project\microvision-ai\data\unlabeled_test_images\MEMS_devices_and_electrodes\L8_0967345c8cf07fc94fd8c3864dc0c63c.jpg,C:\Users\kom-e14-1\Documents\Codex\2026-06-05\i-have-sem-images-i-chategorized\outputs\unlabeled_cropped_for_review\L8_0967345c8cf07fc94fd8c3864dc0c63c_cropped.jpg,true,"(0, 0, 1024, 610)","(0, 610, 1024, 768)",3d_edge,0.967267,microfluidic,0.020735,waveguide,0.004942,
C:\Users\kom-e14-1\OneDrive\MLTraining\project\microvision-ai\data\unlabeled_test_images\MEMS_devices_and_electrodes\L8_096841768a6096c509246ee813b1d5f5.jpg,C:\Users\kom-e14-1\Documents\Codex\2026-06-05\i-have-sem-images-i-chategorized\outputs\unlabeled_cropped_for_review\L8_096841768a6096c509246ee813b1d5f5_cropped.jpg,true,"(0, 0, 1024, 607)","(0, 607, 1024, 768)",waveguide,0.999006,3d_edge,0.000602,close_up_line,0.000196,
C:\Users\kom-e14-1\OneDrive\MLTraining\project\microvision-ai\data\unlabeled_test_images\MEMS_devices_and_electrodes\L8_096aa98a21ac2a1deb9136b2fc850529.jpg,C:\Users\kom-e14-1\Documents\Codex\2026-06-05\i-have-sem-images-i-chategorized\outputs\unlabeled_cropped_for_review\L8_096aa98a21ac2a1deb9136b2fc850529_cropped.jpg,true,"(0, 0, 1024, 691)","(0, 691, 1024, 768)",3d_edge,0.945313,waveguide,0.019343,cantilever,0.011220,
C:\Users\kom-e14-1\OneDrive\MLTraining\project\microvision-ai\data\unlabeled_test_images\MEMS_devices_and_electrodes\L8_0976db6164a50c830756a43de8fde48a.jpg,C:\Users\kom-e14-1\Documents\Codex\2026-06-05\i-have-sem-images-i-chategorized\outputs\unlabeled_cropped_for_review\L8_0976db6164a50c830756a43de8fde48a_cropped.jpg,true,"(0, 0, 1024, 635)","(0, 635, 1024, 768)",3d_edge,0.993303,waveguide,0.003165,cantilever,0.001355,
C:\Users\kom-e14-1\OneDrive\MLTraining\project\microvision-ai\data\unlabeled_test_images\MEMS_devices_and_electrodes\L8_097e798b99d97d97fe02c5a69feef731.jpg,C:\Users\kom-e14-1\Documents\Codex\2026-06-05\i-have-sem-images-i-chategorized\outputs\unlabeled_cropped_for_review\L8_097e798b99d97d97fe02c5a69feef731_cropped.jpg,true,"(0, 0, 1024, 630)","(0, 630, 1024, 768)",3d_edge,0.728435,close_up_line,0.137137,Electrode,0.084200,
C:\Users\kom-e14-1\OneDrive\MLTraining\project\microvision-ai\data\unlabeled_test_images\MEMS_devices_and_electrodes\L8_098084c62ea3c0c8e9d6e7319cf46c46.jpg,C:\Users\kom-e14-1\Documents\Codex\2026-06-05\i-have-sem-images-i-chategorized\outputs\unlabeled_cropped_for_review\L8_098084c62ea3c0c8e9d6e7319cf46c46_cropped.jpg,true,"(0, 0, 1024, 658)","(0, 658, 1024, 768)",Bond-Pad-Array,0.267475,microfluidic,0.258545,close_up_line,0.155137,
C:\Users\kom-e14-1\OneDrive\MLTraining\project\microvision-ai\data\unlabeled_test_images\MEMS_devices_and_electrodes\L8_09d416436740bba1a12b46f7b4ee292c.jpg,C:\Users\kom-e14-1\Documents\Codex\2026-06-05\i-have-sem-images-i-chategorized\outputs\unlabeled_cropped_for_review\L8_09d416436740bba1a12b46f7b4ee292c_cropped.jpg,true,"(0, 0, 1024, 607)","(0, 607, 1024, 768)",3d_edge,0.584659,close_up_line,0.185442,Electrode,0.076831,
C:\Users\kom-e14-1\OneDrive\MLTraining\project\microvision-ai\data\unlabeled_test_images\MEMS_devices_and_electrodes\L8_09ddbb4645630b202436592aba2000a8.jpg,C:\Users\kom-e14-1\Documents\Codex\2026-06-05\i-have-sem-images-i-chategorized\outputs\unlabeled_cropped_for_review\L8_09ddbb4645630b202436592aba2000a8_cropped.jpg,true,"(0, 0, 1024, 635)","(0, 635, 1024, 768)",3d_edge,0.994386,cantilever,0.001672,Electrode,0.001317,
C:\Users\kom-e14-1\OneDrive\MLTraining\project\microvision-ai\data\unlabeled_test_images\MEMS_devices_and_electrodes\L8_0a4646917998bb206e7b2cafe8c819bd.jpg,C:\Users\kom-e14-1\Documents\Codex\2026-06-05\i-have-sem-images-i-chategorized\outputs\unlabeled_cropped_for_review\L8_0a4646917998bb206e7b2cafe8c819bd_cropped.jpg,true,"(0, 0, 1024, 637)","(0, 637, 1024, 768)",microfluidic,0.496610,3d_edge,0.176036,waveguide,0.174657,
C:\Users\kom-e14-1\OneDrive\MLTraining\project\microvision-ai\data\unlabeled_test_images\MEMS_devices_and_electrodes\L8_0a5c352f7a9d060638f30df525d15895.jpg,C:\Users\kom-e14-1\Documents\Codex\2026-06-05\i-have-sem-images-i-chategorized\outputs\unlabeled_cropped_for_review\L8_0a5c352f7a9d060638f30df525d15895_cropped.jpg,true,"(0, 0, 1024, 636)","(0, 636, 1024, 768)",3d_edge,0.982434,waveguide,0.007687,close_up_line,0.003251,
C:\Users\kom-e14-1\OneDrive\MLTraining\project\microvision-ai\data\unlabeled_test_images\MEMS_devices_and_electrodes\L8_0addccd54c90843bd343b3bbf66bf93a.jpg,C:\Users\kom-e14-1\Documents\Codex\2026-06-05\i-have-sem-images-i-chategorized\outputs\unlabeled_cropped_for_review\L8_0addccd54c90843bd343b3bbf66bf93a_cropped.jpg,true,"(0, 0, 1024, 675)","(0, 675, 1024, 768)",3d_edge,0.457875,waveguide,0.272238,close_up_line,0.186481,
C:\Users\kom-e14-1\OneDrive\MLTraining\project\microvision-ai\data\unlabeled_test_images\MEMS_devices_and_electrodes\L8_0ae1d8034211120cc267369e6de364ac.jpg,C:\Users\kom-e14-1\Documents\Codex\2026-06-05\i-have-sem-images-i-chategorized\outputs\unlabeled_cropped_for_review\L8_0ae1d8034211120cc267369e6de364ac_cropped.jpg,true,"(0, 0, 1024, 607)","(0, 607, 1024, 768)",waveguide,0.507531,3d_edge,0.246668,close_up_line,0.078964,
C:\Users\kom-e14-1\OneDrive\MLTraining\project\microvision-ai\data\unlabeled_test_images\MEMS_devices_and_electrodes\L8_0ae76ec5e208da10c513f949a876ee19.jpg,C:\Users\kom-e14-1\Documents\Codex\2026-06-05\i-have-sem-images-i-chategorized\outputs\unlabeled_cropped_for_review\L8_0ae76ec5e208da10c513f949a876ee19_cropped.jpg,true,"(0, 0, 1024, 635)","(0, 635, 1024, 768)",3d_edge,0.827741,waveguide,0.056808,cantilever,0.031726,
C:\Users\kom-e14-1\OneDrive\MLTraining\project\microvision-ai\data\unlabeled_test_images\MEMS_devices_and_electrodes\L8_0b2e71675e4fe087d81bd50e8eef736a.jpg,C:\Users\kom-e14-1\Documents\Codex\2026-06-05\i-have-sem-images-i-chategorized\outputs\unlabeled_cropped_for_review\L8_0b2e71675e4fe087d81bd50e8eef736a_cropped.jpg,true,"(0, 0, 1024, 658)","(0, 658, 1024, 768)",3d_edge,0.941307,waveguide,0.020290,Electrode,0.017501,
C:\Users\kom-e14-1\OneDrive\MLTraining\project\microvision-ai\data\unlabeled_test_images\MEMS_devices_and_electrodes\L8_0bc37ccde4848d85a5b9bb9134017136.jpg,C:\Users\kom-e14-1\Documents\Codex\2026-06-05\i-have-sem-images-i-chategorized\outputs\unlabeled_cropped_for_review\L8_0bc37ccde4848d85a5b9bb9134017136_cropped.jpg,true,"(0, 0, 1024, 636)","(0, 636, 1024, 768)",3d_edge,0.820118,close_up_line,0.041077,Electrode,0.035056,
C:\Users\kom-e14-1\OneDrive\MLTraining\project\microvision-ai\data\unlabeled_test_images\MEMS_devices_and_electrodes\L8_0ca193b04b7c5beee68ec3948aa7ba9d.jpg,C:\Users\kom-e14-1\Documents\Codex\2026-06-05\i-have-sem-images-i-chategorized\outputs\unlabeled_cropped_for_review\L8_0ca193b04b7c5beee68ec3948aa7ba9d_cropped.jpg,true,"(0, 0, 1024, 607)","(0, 607, 1024, 768)",Electrode,0.479446,close_up_line,0.393710,3d_edge,0.064708,
C:\Users\kom-e14-1\OneDrive\MLTraining\project\microvision-ai\data\unlabeled_test_images\MEMS_devices_and_electrodes\L8_0ca89e761f93d04a5b0a3ebe097506d1.jpg,C:\Users\kom-e14-1\Documents\Codex\2026-06-05\i-have-sem-images-i-chategorized\outputs\unlabeled_cropped_for_review\L8_0ca89e761f93d04a5b0a3ebe097506d1_cropped.jpg,true,"(0, 0, 1024, 607)","(0, 607, 1024, 768)",3d_edge,0.952605,waveguide,0.022228,close_up_line,0.010191,
C:\Users\kom-e14-1\OneDrive\MLTraining\project\microvision-ai\data\unlabeled_test_images\MEMS_devices_and_electrodes\L8_0cdf4b993c9ee0945ddb538cba475566.jpg,C:\Users\kom-e14-1\Documents\Codex\2026-06-05\i-have-sem-images-i-chategorized\outputs\unlabeled_cropped_for_review\L8_0cdf4b993c9ee0945ddb538cba475566_cropped.jpg,true,"(0, 0, 1024, 607)","(0, 607, 1024, 768)",3d_edge,0.998792,microfluidic,0.000686,Electrode,0.000216,
C:\Users\kom-e14-1\OneDrive\MLTraining\project\microvision-ai\data\unlabeled_test_images\MEMS_devices_and_electrodes\L8_0ce9150073281760fc1df590f1f5aca1.jpg,C:\Users\kom-e14-1\Documents\Codex\2026-06-05\i-have-sem-images-i-chategorized\outputs\unlabeled_cropped_for_review\L8_0ce9150073281760fc1df590f1f5aca1_cropped.jpg,true,"(0, 0, 1024, 549)","(0, 549, 1024, 768)",3d_edge,0.855698,cantilever,0.110887,waveguide,0.013566,
C:\Users\kom-e14-1\OneDrive\MLTraining\project\microvision-ai\data\unlabeled_test_images\MEMS_devices_and_electrodes\L8_0d2ab4eb94f424c0748165f2ee5702d8.jpg,C:\Users\kom-e14-1\Documents\Codex\2026-06-05\i-have-sem-images-i-chategorized\outputs\unlabeled_cropped_for_review\L8_0d2ab4eb94f424c0748165f2ee5702d8_cropped.jpg,true,"(0, 0, 1024, 592)","(0, 592, 1024, 768)",3d_edge,0.707427,waveguide,0.130757,close_up_line,0.041739,
C:\Users\kom-e14-1\OneDrive\MLTraining\project\microvision-ai\data\unlabeled_test_images\MEMS_devices_and_electrodes\L8_0e48b882e290bae87301ddd258eabbc2.jpg,C:\Users\kom-e14-1\Documents\Codex\2026-06-05\i-have-sem-images-i-chategorized\outputs\unlabeled_cropped_for_review\L8_0e48b882e290bae87301ddd258eabbc2_cropped.jpg,true,"(0, 0, 1024, 636)","(0, 636, 1024, 768)",3d_edge,0.905418,waveguide,0.037829,microfluidic,0.014898,
C:\Users\kom-e14-1\OneDrive\MLTraining\project\microvision-ai\data\unlabeled_test_images\MEMS_devices_and_electrodes\L8_0e5bee2035330ff21e7f031ea19721d7.jpg,C:\Users\kom-e14-1\Documents\Codex\2026-06-05\i-have-sem-images-i-chategorized\outputs\unlabeled_cropped_for_review\L8_0e5bee2035330ff21e7f031ea19721d7_cropped.jpg,true,"(0, 0, 1024, 635)","(0, 635, 1024, 768)",3d_edge,0.975483,waveguide,0.017747,close_up_line,0.003804,
C:\Users\kom-e14-1\OneDrive\MLTraining\project\microvision-ai\data\unlabeled_test_images\MEMS_devices_and_electrodes\L8_0e97ae2b7a27550c225408193b8dfa64.jpg,C:\Users\kom-e14-1\Documents\Codex\2026-06-05\i-have-sem-images-i-chategorized\outputs\unlabeled_cropped_for_review\L8_0e97ae2b7a27550c225408193b8dfa64_cropped.jpg,true,"(0, 0, 1024, 635)","(0, 635, 1024, 768)",3d_edge,0.997290,waveguide,0.001223,close_up_line,0.000611,
C:\Users\kom-e14-1\OneDrive\MLTraining\project\microvision-ai\data\unlabeled_test_images\MEMS_devices_and_electrodes\L8_0ecd1e56e9882db60227e58252f72f15.jpg,C:\Users\kom-e14-1\Documents\Codex\2026-06-05\i-have-sem-images-i-chategorized\outputs\unlabeled_cropped_for_review\L8_0ecd1e56e9882db60227e58252f72f15_cropped.jpg,true,"(0, 0, 1024, 499)","(0, 499, 1024, 768)",3d_edge,0.809185,waveguide,0.088380,microfluidic,0.050893,
C:\Users\kom-e14-1\OneDrive\MLTraining\project\microvision-ai\data\unlabeled_test_images\MEMS_devices_and_electrodes\L8_0eda79aed81f9db3028aeb3d49c6e265.jpg,C:\Users\kom-e14-1\Documents\Codex\2026-06-05\i-have-sem-images-i-chategorized\outputs\unlabeled_cropped_for_review\L8_0eda79aed81f9db3028aeb3d49c6e265_cropped.jpg,true,"(0, 0, 1024, 637)","(0, 637, 1024, 768)",3d_edge,0.990390,microfluidic,0.004686,close_up_line,0.002434,
C:\Users\kom-e14-1\OneDrive\MLTraining\project\microvision-ai\data\unlabeled_test_images\MEMS_devices_and_electrodes\L8_0ef7c198fa1012c67bfe2ff8343ad677.jpg,C:\Users\kom-e14-1\Documents\Codex\2026-06-05\i-have-sem-images-i-chategorized\outputs\unlabeled_cropped_for_review\L8_0ef7c198fa1012c67bfe2ff8343ad677_cropped.jpg,true,"(0, 0, 1024, 636)","(0, 636, 1024, 768)",3d_edge,0.995877,Electrode,0.001152,microfluidic,0.001039,
C:\Users\kom-e14-1\OneDrive\MLTraining\project\microvision-ai\data\unlabeled_test_images\MEMS_devices_and_electrodes\L8_0f106a2b55af13f813dbb9a02c16f635.jpg,C:\Users\kom-e14-1\Documents\Codex\2026-06-05\i-have-sem-images-i-chategorized\outputs\unlabeled_cropped_for_review\L8_0f106a2b55af13f813dbb9a02c16f635_cropped.jpg,true,"(0, 0, 1024, 630)","(0, 630, 1024, 768)",close_up_line,0.349396,3d_edge,0.241506,waveguide,0.146356,
C:\Users\kom-e14-1\OneDrive\MLTraining\project\microvision-ai\data\unlabeled_test_images\MEMS_devices_and_electrodes\L8_0f87244d89f985c334b47eaf500cca0c.jpg,C:\Users\kom-e14-1\Documents\Codex\2026-06-05\i-have-sem-images-i-chategorized\outputs\unlabeled_cropped_for_review\L8_0f87244d89f985c334b47eaf500cca0c_cropped.jpg,true,"(0, 0, 1024, 607)","(0, 607, 1024, 768)",waveguide,0.917110,microfluidic,0.029102,close_up_line,0.024352,
C:\Users\kom-e14-1\OneDrive\MLTraining\project\microvision-ai\data\unlabeled_test_images\MEMS_devices_and_electrodes\L8_0fab0fb58389d5cfd895b1a6b91e0d01.jpg,C:\Users\kom-e14-1\Documents\Codex\2026-06-05\i-have-sem-images-i-chategorized\outputs\unlabeled_cropped_for_review\L8_0fab0fb58389d5cfd895b1a6b91e0d01_cropped.jpg,true,"(0, 0, 1024, 607)","(0, 607, 1024, 768)",3d_edge,0.882080,waveguide,0.062131,Electrode,0.019071,
C:\Users\kom-e14-1\OneDrive\MLTraining\project\microvision-ai\data\unlabeled_test_images\MEMS_devices_and_electrodes\L8_0fcfec280f0d0c2e29284447bd946f8d.jpg,C:\Users\kom-e14-1\Documents\Codex\2026-06-05\i-have-sem-images-i-chategorized\outputs\unlabeled_cropped_for_review\L8_0fcfec280f0d0c2e29284447bd946f8d_cropped.jpg,true,"(0, 0, 1024, 607)","(0, 607, 1024, 768)",close_up_line,0.943248,Electrode,0.049501,microfluidic,0.002620,
C:\Users\kom-e14-1\OneDrive\MLTraining\project\microvision-ai\data\unlabeled_test_images\MEMS_devices_and_electrodes\L8_100105cdf343686e5cc6fe9b9d910b0c.jpg,C:\Users\kom-e14-1\Documents\Codex\2026-06-05\i-have-sem-images-i-chategorized\outputs\unlabeled_cropped_for_review\L8_100105cdf343686e5cc6fe9b9d910b0c_cropped.jpg,true,"(0, 0, 1024, 635)","(0, 635, 1024, 768)",3d_edge,0.488017,cantilever,0.308531,waveguide,0.125119,
C:\Users\kom-e14-1\OneDrive\MLTraining\project\microvision-ai\data\unlabeled_test_images\MEMS_devices_and_electrodes\L8_103cdff34770bdf861d4f31f0e2c1894.jpg,C:\Users\kom-e14-1\Documents\Codex\2026-06-05\i-have-sem-images-i-chategorized\outputs\unlabeled_cropped_for_review\L8_103cdff34770bdf861d4f31f0e2c1894_cropped.jpg,true,"(0, 0, 1024, 635)","(0, 635, 1024, 768)",cantilever,0.272925,Electrode,0.236173,waveguide,0.137267,
C:\Users\kom-e14-1\OneDrive\MLTraining\project\microvision-ai\data\unlabeled_test_images\MEMS_devices_and_electrodes\L8_105383b5cf02e2894c6bc9ca66372715.jpg,C:\Users\kom-e14-1\Documents\Codex\2026-06-05\i-have-sem-images-i-chategorized\outputs\unlabeled_cropped_for_review\L8_105383b5cf02e2894c6bc9ca66372715_cropped.jpg,true,"(0, 0, 1024, 631)","(0, 631, 1024, 768)",3d_edge,0.991248,waveguide,0.004765,microfluidic,0.001400,
C:\Users\kom-e14-1\OneDrive\MLTraining\project\microvision-ai\data\unlabeled_test_images\MEMS_devices_and_electrodes\L8_10637ebc5bee524579fc91b2278765ae.jpg,C:\Users\kom-e14-1\Documents\Codex\2026-06-05\i-have-sem-images-i-chategorized\outputs\unlabeled_cropped_for_review\L8_10637ebc5bee524579fc91b2278765ae_cropped.jpg,true,"(0, 0, 1024, 635)","(0, 635, 1024, 768)",3d_edge,0.747201,waveguide,0.156466,close_up_line,0.026656,
C:\Users\kom-e14-1\OneDrive\MLTraining\project\microvision-ai\data\unlabeled_test_images\MEMS_devices_and_electrodes\L8_107881d1c282e8f2d78498c1d2085a80.jpg,C:\Users\kom-e14-1\Documents\Codex\2026-06-05\i-have-sem-images-i-chategorized\outputs\unlabeled_cropped_for_review\L8_107881d1c282e8f2d78498c1d2085a80_cropped.jpg,true,"(0, 0, 1024, 637)","(0, 637, 1024, 768)",close_up_line,0.242790,Bond-Pad-Array,0.197359,Electrode,0.176573,
C:\Users\kom-e14-1\OneDrive\MLTraining\project\microvision-ai\data\unlabeled_test_images\MEMS_devices_and_electrodes\L8_107fbcd8f5c36bfa3f095340d485f55d.jpg,C:\Users\kom-e14-1\Documents\Codex\2026-06-05\i-have-sem-images-i-chategorized\outputs\unlabeled_cropped_for_review\L8_107fbcd8f5c36bfa3f095340d485f55d_cropped.jpg,true,"(0, 0, 1024, 594)","(0, 594, 1024, 768)",3d_edge,0.505995,Electrode,0.224247,close_up_line,0.155694,
C:\Users\kom-e14-1\OneDrive\MLTraining\project\microvision-ai\data\unlabeled_test_images\MEMS_devices_and_electrodes\L8_1096ac73a6cea71a495aeea78109ec2f.jpg,C:\Users\kom-e14-1\Documents\Codex\2026-06-05\i-have-sem-images-i-chategorized\outputs\unlabeled_cropped_for_review\L8_1096ac73a6cea71a495aeea78109ec2f_cropped.jpg,true,"(0, 0, 1024, 635)","(0, 635, 1024, 768)",3d_edge,0.751541,microfluidic,0.104522,cantilever,0.063097,
C:\Users\kom-e14-1\OneDrive\MLTraining\project\microvision-ai\data\unlabeled_test_images\MEMS_devices_and_electrodes\L8_10a3d1249eec3faac7dc8261e668b660.jpg,C:\Users\kom-e14-1\Documents\Codex\2026-06-05\i-have-sem-images-i-chategorized\outputs\unlabeled_cropped_for_review\L8_10a3d1249eec3faac7dc8261e668b660_cropped.jpg,true,"(0, 0, 1024, 607)","(0, 607, 1024, 768)",close_up_line,0.390394,Bond-Pad-Array,0.262366,Electrode,0.119714,
C:\Users\kom-e14-1\OneDrive\MLTraining\project\microvision-ai\data\unlabeled_test_images\MEMS_devices_and_electrodes\L8_10a817ffd22ecb67206452c4dc254f1c.jpg,C:\Users\kom-e14-1\Documents\Codex\2026-06-05\i-have-sem-images-i-chategorized\outputs\unlabeled_cropped_for_review\L8_10a817ffd22ecb67206452c4dc254f1c_cropped.jpg,true,"(0, 0, 1024, 636)","(0, 636, 1024, 768)",3d_edge,0.682723,close_up_line,0.077225,Electrode,0.076792,
C:\Users\kom-e14-1\OneDrive\MLTraining\project\microvision-ai\data\unlabeled_test_images\MEMS_devices_and_electrodes\L8_10a938dd829f0a3f51d328d9fbc2be3d.jpg,C:\Users\kom-e14-1\Documents\Codex\2026-06-05\i-have-sem-images-i-chategorized\outputs\unlabeled_cropped_for_review\L8_10a938dd829f0a3f51d328d9fbc2be3d_cropped.jpg,true,"(0, 0, 1024, 607)","(0, 607, 1024, 768)",3d_edge,0.908263,close_up_line,0.047476,Electrode,0.033764,
C:\Users\kom-e14-1\OneDrive\MLTraining\project\microvision-ai\data\unlabeled_test_images\MEMS_devices_and_electrodes\L8_10bd7c734b1eb13e8cfcdc99765037f3.jpg,C:\Users\kom-e14-1\Documents\Codex\2026-06-05\i-have-sem-images-i-chategorized\outputs\unlabeled_cropped_for_review\L8_10bd7c734b1eb13e8cfcdc99765037f3_cropped.jpg,true,"(0, 0, 1024, 637)","(0, 637, 1024, 768)",3d_edge,0.994033,microfluidic,0.002376,waveguide,0.001822,
C:\Users\kom-e14-1\OneDrive\MLTraining\project\microvision-ai\data\unlabeled_test_images\MEMS_devices_and_electrodes\L8_10c5217b11fc7772d7bd3ebea39eb0d2.jpg,C:\Users\kom-e14-1\Documents\Codex\2026-06-05\i-have-sem-images-i-chategorized\outputs\unlabeled_cropped_for_review\L8_10c5217b11fc7772d7bd3ebea39eb0d2_cropped.jpg,true,"(0, 0, 1024, 499)","(0, 499, 1024, 768)",3d_edge,0.982721,close_up_line,0.007319,waveguide,0.006487,
C:\Users\kom-e14-1\OneDrive\MLTraining\project\microvision-ai\data\unlabeled_test_images\MEMS_devices_and_electrodes\L8_10ca8581ab940cd7429bd7016fe519a8.jpg,C:\Users\kom-e14-1\Documents\Codex\2026-06-05\i-have-sem-images-i-chategorized\outputs\unlabeled_cropped_for_review\L8_10ca8581ab940cd7429bd7016fe519a8_cropped.jpg,true,"(0, 0, 1024, 636)","(0, 636, 1024, 768)",3d_edge,0.720480,waveguide,0.162322,close_up_line,0.052527,
C:\Users\kom-e14-1\OneDrive\MLTraining\project\microvision-ai\data\unlabeled_test_images\MEMS_devices_and_electrodes\L8_1100844efe3436b3c9a956676e611b5d.jpg,C:\Users\kom-e14-1\Documents\Codex\2026-06-05\i-have-sem-images-i-chategorized\outputs\unlabeled_cropped_for_review\L8_1100844efe3436b3c9a956676e611b5d_cropped.jpg,true,"(0, 0, 1024, 607)","(0, 607, 1024, 768)",waveguide,0.990655,close_up_line,0.003580,3d_edge,0.002103,
C:\Users\kom-e14-1\OneDrive\MLTraining\project\microvision-ai\data\unlabeled_test_images\MEMS_devices_and_electrodes\L8_1111a03204d9798e42fa19dec036316d.jpg,C:\Users\kom-e14-1\Documents\Codex\2026-06-05\i-have-sem-images-i-chategorized\outputs\unlabeled_cropped_for_review\L8_1111a03204d9798e42fa19dec036316d_cropped.jpg,true,"(0, 0, 1024, 630)","(0, 630, 1024, 768)",3d_edge,0.601237,Bond-Pad-Array,0.279161,microfluidic,0.066122,
C:\Users\kom-e14-1\OneDrive\MLTraining\project\microvision-ai\data\unlabeled_test_images\MEMS_devices_and_electrodes\L8_1123324924a283093913be2cb8a3cf36.jpg,C:\Users\kom-e14-1\Documents\Codex\2026-06-05\i-have-sem-images-i-chategorized\outputs\unlabeled_cropped_for_review\L8_1123324924a283093913be2cb8a3cf36_cropped.jpg,true,"(0, 0, 1024, 607)","(0, 607, 1024, 768)",close_up_line,0.980077,Electrode,0.016066,microfluidic,0.000894,
C:\Users\kom-e14-1\OneDrive\MLTraining\project\microvision-ai\data\unlabeled_test_images\MEMS_devices_and_electrodes\L8_1153c77f497e59f6c8e335e36be7e20f.jpg,C:\Users\kom-e14-1\Documents\Codex\2026-06-05\i-have-sem-images-i-chategorized\outputs\unlabeled_cropped_for_review\L8_1153c77f497e59f6c8e335e36be7e20f_cropped.jpg,true,"(0, 0, 1024, 643)","(0, 643, 1024, 768)",3d_edge,0.554784,Electrode,0.206973,close_up_line,0.096333,
C:\Users\kom-e14-1\OneDrive\MLTraining\project\microvision-ai\data\unlabeled_test_images\MEMS_devices_and_electrodes\L8_1158c472f3a71f04e60985fda25632e8.jpg,C:\Users\kom-e14-1\Documents\Codex\2026-06-05\i-have-sem-images-i-chategorized\outputs\unlabeled_cropped_for_review\L8_1158c472f3a71f04e60985fda25632e8_cropped.jpg,true,"(0, 0, 1024, 637)","(0, 637, 1024, 768)",Bond-Pad-Array,0.986075,3d_edge,0.005121,Electrode,0.002353,
C:\Users\kom-e14-1\OneDrive\MLTraining\project\microvision-ai\data\unlabeled_test_images\MEMS_devices_and_electrodes\L8_115baf5fbe20a7091d5f55f30d399bbd.jpg,C:\Users\kom-e14-1\Documents\Codex\2026-06-05\i-have-sem-images-i-chategorized\outputs\unlabeled_cropped_for_review\L8_115baf5fbe20a7091d5f55f30d399bbd_cropped.jpg,true,"(0, 0, 1024, 607)","(0, 607, 1024, 768)",close_up_line,0.938650,Electrode,0.059598,Bond-Pad-Array,0.000952,
C:\Users\kom-e14-1\OneDrive\MLTraining\project\microvision-ai\data\unlabeled_test_images\MEMS_devices_and_electrodes\L8_11854f63a0aeb3d4ce43b1b7c53ccb83.jpg,C:\Users\kom-e14-1\Documents\Codex\2026-06-05\i-have-sem-images-i-chategorized\outputs\unlabeled_cropped_for_review\L8_11854f63a0aeb3d4ce43b1b7c53ccb83_cropped.jpg,true,"(0, 0, 1024, 636)","(0, 636, 1024, 768)",3d_edge,0.985287,microfluidic,0.009019,Electrode,0.002335,
C:\Users\kom-e14-1\OneDrive\MLTraining\project\microvision-ai\data\unlabeled_test_images\MEMS_devices_and_electrodes\L8_119a9ff5b0bd9b7fe800c5f41c187820.jpg,C:\Users\kom-e14-1\Documents\Codex\2026-06-05\i-have-sem-images-i-chategorized\outputs\unlabeled_cropped_for_review\L8_119a9ff5b0bd9b7fe800c5f41c187820_cropped.jpg,true,"(0, 0, 1024, 607)","(0, 607, 1024, 768)",Electrode,0.870618,close_up_line,0.115387,Bond-Pad-Array,0.007222,
C:\Users\kom-e14-1\OneDrive\MLTraining\project\microvision-ai\data\unlabeled_test_images\MEMS_devices_and_electrodes\L8_11aaa2bfeb8effcc4d50b8fbaa497776.jpg,C:\Users\kom-e14-1\Documents\Codex\2026-06-05\i-have-sem-images-i-chategorized\outputs\unlabeled_cropped_for_review\L8_11aaa2bfeb8effcc4d50b8fbaa497776_cropped.jpg,true,"(0, 0, 1024, 659)","(0, 659, 1024, 768)",Bond-Pad-Array,0.597374,waveguide,0.321581,3d_edge,0.041994,
C:\Users\kom-e14-1\OneDrive\MLTraining\project\microvision-ai\data\unlabeled_test_images\MEMS_devices_and_electrodes\L8_11bfa670ab87d4decc090d4b5b6fc7a0.jpg,C:\Users\kom-e14-1\Documents\Codex\2026-06-05\i-have-sem-images-i-chategorized\outputs\unlabeled_cropped_for_review\L8_11bfa670ab87d4decc090d4b5b6fc7a0_cropped.jpg,true,"(0, 0, 1024, 659)","(0, 659, 1024, 768)",cantilever,0.691755,Electrode,0.232972,3d_edge,0.049244,
C:\Users\kom-e14-1\OneDrive\MLTraining\project\microvision-ai\data\unlabeled_test_images\MEMS_devices_and_electrodes\L8_11c71c17fcd62002949182b98f420821.jpg,C:\Users\kom-e14-1\Documents\Codex\2026-06-05\i-have-sem-images-i-chategorized\outputs\unlabeled_cropped_for_review\L8_11c71c17fcd62002949182b98f420821_cropped.jpg,true,"(0, 0, 1024, 607)","(0, 607, 1024, 768)",close_up_line,0.973831,Electrode,0.020444,Bond-Pad-Array,0.001894,
C:\Users\kom-e14-1\OneDrive\MLTraining\project\microvision-ai\data\unlabeled_test_images\MEMS_devices_and_electrodes\L8_11f3cf0d53ddb0076ee7a5d30c12b802.jpg,C:\Users\kom-e14-1\Documents\Codex\2026-06-05\i-have-sem-images-i-chategorized\outputs\unlabeled_cropped_for_review\L8_11f3cf0d53ddb0076ee7a5d30c12b802_cropped.jpg,true,"(0, 0, 1024, 499)","(0, 499, 1024, 768)",3d_edge,0.966295,waveguide,0.012970,microfluidic,0.008821,
C:\Users\kom-e14-1\OneDrive\MLTraining\project\microvision-ai\data\unlabeled_test_images\MEMS_devices_and_electrodes\L8_120722c57763d676da205316b5afba62.jpg,C:\Users\kom-e14-1\Documents\Codex\2026-06-05\i-have-sem-images-i-chategorized\outputs\unlabeled_cropped_for_review\L8_120722c57763d676da205316b5afba62_cropped.jpg,true,"(0, 0, 1024, 607)","(0, 607, 1024, 768)",close_up_line,0.576604,waveguide,0.186361,Electrode,0.082585,
C:\Users\kom-e14-1\OneDrive\MLTraining\project\microvision-ai\data\unlabeled_test_images\MEMS_devices_and_electrodes\L8_121e5eae6f281b0a063488b601044c43.jpg,C:\Users\kom-e14-1\Documents\Codex\2026-06-05\i-have-sem-images-i-chategorized\outputs\unlabeled_cropped_for_review\L8_121e5eae6f281b0a063488b601044c43_cropped.jpg,true,"(0, 0, 1024, 635)","(0, 635, 1024, 768)",3d_edge,0.567759,waveguide,0.143755,cantilever,0.125103,
C:\Users\kom-e14-1\OneDrive\MLTraining\project\microvision-ai\data\unlabeled_test_images\MEMS_devices_and_electrodes\L8_1256ec4f3442fc3031b92237c51edf6e.jpg,C:\Users\kom-e14-1\Documents\Codex\2026-06-05\i-have-sem-images-i-chategorized\outputs\unlabeled_cropped_for_review\L8_1256ec4f3442fc3031b92237c51edf6e_cropped.jpg,true,"(0, 0, 1024, 636)","(0, 636, 1024, 768)",3d_edge,0.955716,microfluidic,0.015274,Electrode,0.007866,
C:\Users\kom-e14-1\OneDrive\MLTraining\project\microvision-ai\data\unlabeled_test_images\MEMS_devices_and_electrodes\L8_125fd9190962503be9c0d524c8f10798.jpg,C:\Users\kom-e14-1\Documents\Codex\2026-06-05\i-have-sem-images-i-chategorized\outputs\unlabeled_cropped_for_review\L8_125fd9190962503be9c0d524c8f10798_cropped.jpg,true,"(0, 0, 1024, 630)","(0, 630, 1024, 768)",3d_edge,0.823679,Electrode,0.106607,close_up_line,0.044396,
C:\Users\kom-e14-1\OneDrive\MLTraining\project\microvision-ai\data\unlabeled_test_images\MEMS_devices_and_electrodes\L8_128d7d5c16b0e76177c459f341360c9d.jpg,C:\Users\kom-e14-1\Documents\Codex\2026-06-05\i-have-sem-images-i-chategorized\outputs\unlabeled_cropped_for_review\L8_128d7d5c16b0e76177c459f341360c9d_cropped.jpg,true,"(0, 0, 1024, 635)","(0, 635, 1024, 768)",3d_edge,0.626874,microfluidic,0.366712,waveguide,0.002147,
C:\Users\kom-e14-1\OneDrive\MLTraining\project\microvision-ai\data\unlabeled_test_images\MEMS_devices_and_electrodes\L8_12afc21126ea1cdf1c8d12c435a0f51b.jpg,C:\Users\kom-e14-1\Documents\Codex\2026-06-05\i-have-sem-images-i-chategorized\outputs\unlabeled_cropped_for_review\L8_12afc21126ea1cdf1c8d12c435a0f51b_cropped.jpg,true,"(0, 0, 1024, 630)","(0, 630, 1024, 768)",3d_edge,0.704435,close_up_line,0.079989,waveguide,0.076581,
C:\Users\kom-e14-1\OneDrive\MLTraining\project\microvision-ai\data\unlabeled_test_images\MEMS_devices_and_electrodes\L8_12bd307d1490d42859fa0f91a87cf8bc.jpg,C:\Users\kom-e14-1\Documents\Codex\2026-06-05\i-have-sem-images-i-chategorized\outputs\unlabeled_cropped_for_review\L8_12bd307d1490d42859fa0f91a87cf8bc_cropped.jpg,true,"(0, 0, 1024, 607)","(0, 607, 1024, 768)",waveguide,0.188181,cantilever,0.184799,Bond-Pad-Array,0.177767,
C:\Users\kom-e14-1\OneDrive\MLTraining\project\microvision-ai\data\unlabeled_test_images\MEMS_devices_and_electrodes\L8_12f3223d55d88977b9820466f00e2ca8.jpg,C:\Users\kom-e14-1\Documents\Codex\2026-06-05\i-have-sem-images-i-chategorized\outputs\unlabeled_cropped_for_review\L8_12f3223d55d88977b9820466f00e2ca8_cropped.jpg,true,"(0, 0, 1024, 635)","(0, 635, 1024, 768)",3d_edge,0.972801,close_up_line,0.011297,Electrode,0.008713,
C:\Users\kom-e14-1\OneDrive\MLTraining\project\microvision-ai\data\unlabeled_test_images\MEMS_devices_and_electrodes\L8_130ece1b1bc3e6ae7ee3f8e6571f8fa8.jpg,C:\Users\kom-e14-1\Documents\Codex\2026-06-05\i-have-sem-images-i-chategorized\outputs\unlabeled_cropped_for_review\L8_130ece1b1bc3e6ae7ee3f8e6571f8fa8_cropped.jpg,true,"(0, 0, 1024, 635)","(0, 635, 1024, 768)",Bond-Pad-Array,0.646153,cantilever,0.121305,waveguide,0.050783,
C:\Users\kom-e14-1\OneDrive\MLTraining\project\microvision-ai\data\unlabeled_test_images\MEMS_devices_and_electrodes\L8_1333b83d15b7e9c70ea4259efed9ba73.jpg,C:\Users\kom-e14-1\Documents\Codex\2026-06-05\i-have-sem-images-i-chategorized\outputs\unlabeled_cropped_for_review\L8_1333b83d15b7e9c70ea4259efed9ba73_cropped.jpg,true,"(0, 0, 1024, 635)","(0, 635, 1024, 768)",3d_edge,0.997408,close_up_line,0.001195,Electrode,0.000705,
C:\Users\kom-e14-1\OneDrive\MLTraining\project\microvision-ai\data\unlabeled_test_images\MEMS_devices_and_electrodes\L8_13422635be9f8fff6427afe9385b5cf0.jpg,C:\Users\kom-e14-1\Documents\Codex\2026-06-05\i-have-sem-images-i-chategorized\outputs\unlabeled_cropped_for_review\L8_13422635be9f8fff6427afe9385b5cf0_cropped.jpg,true,"(0, 0, 1024, 635)","(0, 635, 1024, 768)",Electrode,0.428789,close_up_line,0.329825,microfluidic,0.114517,
C:\Users\kom-e14-1\OneDrive\MLTraining\project\microvision-ai\data\unlabeled_test_images\MEMS_devices_and_electrodes\L8_1342572593af9f3e1a2c3f626e46a145.jpg,C:\Users\kom-e14-1\Documents\Codex\2026-06-05\i-have-sem-images-i-chategorized\outputs\unlabeled_cropped_for_review\L8_1342572593af9f3e1a2c3f626e46a145_cropped.jpg,true,"(0, 0, 1024, 635)","(0, 635, 1024, 768)",3d_edge,0.970430,close_up_line,0.010413,Electrode,0.009379,
C:\Users\kom-e14-1\OneDrive\MLTraining\project\microvision-ai\data\unlabeled_test_images\MEMS_devices_and_electrodes\L8_134a3ad821c13a99b276a25486ac0643.jpg,C:\Users\kom-e14-1\Documents\Codex\2026-06-05\i-have-sem-images-i-chategorized\outputs\unlabeled_cropped_for_review\L8_134a3ad821c13a99b276a25486ac0643_cropped.jpg,true,"(0, 0, 1024, 635)","(0, 635, 1024, 768)",3d_edge,0.863188,waveguide,0.121274,cantilever,0.004534,
C:\Users\kom-e14-1\OneDrive\MLTraining\project\microvision-ai\data\unlabeled_test_images\MEMS_devices_and_electrodes\L8_1360449e8d40a45637d8437aa59c5645.jpg,C:\Users\kom-e14-1\Documents\Codex\2026-06-05\i-have-sem-images-i-chategorized\outputs\unlabeled_cropped_for_review\L8_1360449e8d40a45637d8437aa59c5645_cropped.jpg,true,"(0, 0, 1024, 607)","(0, 607, 1024, 768)",close_up_line,0.947410,Electrode,0.049087,waveguide,0.000787,
C:\Users\kom-e14-1\OneDrive\MLTraining\project\microvision-ai\data\unlabeled_test_images\MEMS_devices_and_electrodes\L8_137541e07808a4ccda601fe45a3f913a.jpg,C:\Users\kom-e14-1\Documents\Codex\2026-06-05\i-have-sem-images-i-chategorized\outputs\unlabeled_cropped_for_review\L8_137541e07808a4ccda601fe45a3f913a_cropped.jpg,true,"(0, 0, 1024, 616)","(0, 616, 1024, 768)",close_up_line,0.932976,Electrode,0.046458,microfluidic,0.014245,
C:\Users\kom-e14-1\OneDrive\MLTraining\project\microvision-ai\data\unlabeled_test_images\MEMS_devices_and_electrodes\L8_139a10e2abe02b3edc597537f170a022.jpg,C:\Users\kom-e14-1\Documents\Codex\2026-06-05\i-have-sem-images-i-chategorized\outputs\unlabeled_cropped_for_review\L8_139a10e2abe02b3edc597537f170a022_cropped.jpg,true,"(0, 0, 1024, 635)","(0, 635, 1024, 768)",3d_edge,0.995485,microfluidic,0.002830,close_up_line,0.001062,
C:\Users\kom-e14-1\OneDrive\MLTraining\project\microvision-ai\data\unlabeled_test_images\MEMS_devices_and_electrodes\L8_13c33050c29dfa7b446c6617c9e5aed3.jpg,C:\Users\kom-e14-1\Documents\Codex\2026-06-05\i-have-sem-images-i-chategorized\outputs\unlabeled_cropped_for_review\L8_13c33050c29dfa7b446c6617c9e5aed3_cropped.jpg,true,"(0, 0, 1024, 635)","(0, 635, 1024, 768)",3d_edge,0.998722,waveguide,0.000834,close_up_line,0.000151,
C:\Users\kom-e14-1\OneDrive\MLTraining\project\microvision-ai\data\unlabeled_test_images\MEMS_devices_and_electrodes\L8_13c8769ff36be64f1a5e277c691b0333.jpg,C:\Users\kom-e14-1\Documents\Codex\2026-06-05\i-have-sem-images-i-chategorized\outputs\unlabeled_cropped_for_review\L8_13c8769ff36be64f1a5e277c691b0333_cropped.jpg,true,"(0, 0, 1024, 499)","(0, 499, 1024, 768)",3d_edge,0.960320,cantilever,0.020090,waveguide,0.016290,
C:\Users\kom-e14-1\OneDrive\MLTraining\project\microvision-ai\data\unlabeled_test_images\MEMS_devices_and_electrodes\L8_13d87ee982f3f217267835d5184acf3d.jpg,C:\Users\kom-e14-1\Documents\Codex\2026-06-05\i-have-sem-images-i-chategorized\outputs\unlabeled_cropped_for_review\L8_13d87ee982f3f217267835d5184acf3d_cropped.jpg,true,"(0, 0, 1024, 635)","(0, 635, 1024, 768)",waveguide,0.731887,3d_edge,0.208688,cantilever,0.028157,
C:\Users\kom-e14-1\OneDrive\MLTraining\project\microvision-ai\data\unlabeled_test_images\MEMS_devices_and_electrodes\L8_13fd1d15c20c782253374551d0d68930.jpg,C:\Users\kom-e14-1\Documents\Codex\2026-06-05\i-have-sem-images-i-chategorized\outputs\unlabeled_cropped_for_review\L8_13fd1d15c20c782253374551d0d68930_cropped.jpg,true,"(0, 0, 1024, 639)","(0, 639, 1024, 768)",3d_edge,0.963548,cantilever,0.021182,waveguide,0.005781,
C:\Users\kom-e14-1\OneDrive\MLTraining\project\microvision-ai\data\unlabeled_test_images\MEMS_devices_and_electrodes\L8_141702cbfb5f68281e635a966fbadd05.jpg,C:\Users\kom-e14-1\Documents\Codex\2026-06-05\i-have-sem-images-i-chategorized\outputs\unlabeled_cropped_for_review\L8_141702cbfb5f68281e635a966fbadd05_cropped.jpg,true,"(0, 0, 1024, 645)","(0, 645, 1024, 768)",3d_edge,0.847600,microfluidic,0.119537,close_up_line,0.010183,
C:\Users\kom-e14-1\OneDrive\MLTraining\project\microvision-ai\data\unlabeled_test_images\MEMS_devices_and_electrodes\L8_1425608e110a8bcfc0e538d9d2d5da17.jpg,C:\Users\kom-e14-1\Documents\Codex\2026-06-05\i-have-sem-images-i-chategorized\outputs\unlabeled_cropped_for_review\L8_1425608e110a8bcfc0e538d9d2d5da17_cropped.jpg,true,"(0, 0, 1024, 635)","(0, 635, 1024, 768)",Electrode,0.996516,close_up_line,0.002586,Bond-Pad-Array,0.000502,
C:\Users\kom-e14-1\OneDrive\MLTraining\project\microvision-ai\data\unlabeled_test_images\MEMS_devices_and_electrodes\L8_143662c07e7aeec888a0f6b135f97820.jpg,C:\Users\kom-e14-1\Documents\Codex\2026-06-05\i-have-sem-images-i-chategorized\outputs\unlabeled_cropped_for_review\L8_143662c07e7aeec888a0f6b135f97820_cropped.jpg,true,"(0, 0, 1024, 635)","(0, 635, 1024, 768)",3d_edge,0.655516,close_up_line,0.098093,waveguide,0.088965,
C:\Users\kom-e14-1\OneDrive\MLTraining\project\microvision-ai\data\unlabeled_test_images\MEMS_devices_and_electrodes\L8_1445dca8ca7468297b8bcef8617c21e2.jpg,C:\Users\kom-e14-1\Documents\Codex\2026-06-05\i-have-sem-images-i-chategorized\outputs\unlabeled_cropped_for_review\L8_1445dca8ca7468297b8bcef8617c21e2_cropped.jpg,true,"(0, 0, 1024, 607)","(0, 607, 1024, 768)",close_up_line,0.660701,3d_edge,0.170683,waveguide,0.126701,
C:\Users\kom-e14-1\OneDrive\MLTraining\project\microvision-ai\data\unlabeled_test_images\MEMS_devices_and_electrodes\L8_147f2ad053787012b3dfecc1361f0fc9.jpg,C:\Users\kom-e14-1\Documents\Codex\2026-06-05\i-have-sem-images-i-chategorized\outputs\unlabeled_cropped_for_review\L8_147f2ad053787012b3dfecc1361f0fc9_cropped.jpg,true,"(0, 0, 1024, 499)","(0, 499, 1024, 768)",microfluidic,0.956300,3d_edge,0.042132,waveguide,0.000779,
C:\Users\kom-e14-1\OneDrive\MLTraining\project\microvision-ai\data\unlabeled_test_images\MEMS_devices_and_electrodes\L8_149815a34969338f4767732b4dd3b37d.jpg,C:\Users\kom-e14-1\Documents\Codex\2026-06-05\i-have-sem-images-i-chategorized\outputs\unlabeled_cropped_for_review\L8_149815a34969338f4767732b4dd3b37d_cropped.jpg,true,"(0, 0, 1024, 675)","(0, 675, 1024, 768)",3d_edge,0.982567,waveguide,0.010200,Electrode,0.003060,
C:\Users\kom-e14-1\OneDrive\MLTraining\project\microvision-ai\data\unlabeled_test_images\MEMS_devices_and_electrodes\L8_14aacc967c08673d5341dbe1ac5bf2c7.jpg,C:\Users\kom-e14-1\Documents\Codex\2026-06-05\i-have-sem-images-i-chategorized\outputs\unlabeled_cropped_for_review\L8_14aacc967c08673d5341dbe1ac5bf2c7_cropped.jpg,true,"(0, 0, 1024, 635)","(0, 635, 1024, 768)",close_up_line,0.533535,Electrode,0.415933,3d_edge,0.023692,
C:\Users\kom-e14-1\OneDrive\MLTraining\project\microvision-ai\data\unlabeled_test_images\MEMS_devices_and_electrodes\L8_14b4c8c1f22f07c591116498b1386808.jpg,C:\Users\kom-e14-1\Documents\Codex\2026-06-05\i-have-sem-images-i-chategorized\outputs\unlabeled_cropped_for_review\L8_14b4c8c1f22f07c591116498b1386808_cropped.jpg,true,"(0, 0, 1024, 607)","(0, 607, 1024, 768)",waveguide,0.968616,3d_edge,0.029768,microfluidic,0.000796,
C:\Users\kom-e14-1\OneDrive\MLTraining\project\microvision-ai\data\unlabeled_test_images\MEMS_devices_and_electrodes\L8_1522b9c4e5a8db269341ebe519f324c9.jpg,C:\Users\kom-e14-1\Documents\Codex\2026-06-05\i-have-sem-images-i-chategorized\outputs\unlabeled_cropped_for_review\L8_1522b9c4e5a8db269341ebe519f324c9_cropped.jpg,true,"(0, 0, 1024, 505)","(0, 505, 1024, 768)",3d_edge,0.977521,Electrode,0.009608,microfluidic,0.008144,
C:\Users\kom-e14-1\OneDrive\MLTraining\project\microvision-ai\data\unlabeled_test_images\MEMS_devices_and_electrodes\L8_154f5d753421db97cbacf791d0c141dc.jpg,C:\Users\kom-e14-1\Documents\Codex\2026-06-05\i-have-sem-images-i-chategorized\outputs\unlabeled_cropped_for_review\L8_154f5d753421db97cbacf791d0c141dc_cropped.jpg,true,"(0, 0, 1024, 658)","(0, 658, 1024, 768)",3d_edge,0.709297,Electrode,0.223567,cantilever,0.024489,
C:\Users\kom-e14-1\OneDrive\MLTraining\project\microvision-ai\data\unlabeled_test_images\MEMS_devices_and_electrodes\L8_15a52e310f1da0e72317a5206c418831.jpg,C:\Users\kom-e14-1\Documents\Codex\2026-06-05\i-have-sem-images-i-chategorized\outputs\unlabeled_cropped_for_review\L8_15a52e310f1da0e72317a5206c418831_cropped.jpg,true,"(0, 0, 1024, 635)","(0, 635, 1024, 768)",cantilever,0.393043,Electrode,0.262931,Bond-Pad-Array,0.208355,
C:\Users\kom-e14-1\OneDrive\MLTraining\project\microvision-ai\data\unlabeled_test_images\MEMS_devices_and_electrodes\L8_15ccb9e29da31ff130d6a393a067196e.jpg,C:\Users\kom-e14-1\Documents\Codex\2026-06-05\i-have-sem-images-i-chategorized\outputs\unlabeled_cropped_for_review\L8_15ccb9e29da31ff130d6a393a067196e_cropped.jpg,true,"(0, 0, 1024, 607)","(0, 607, 1024, 768)",close_up_line,0.784370,Electrode,0.127758,microfluidic,0.047690,
C:\Users\kom-e14-1\OneDrive\MLTraining\project\microvision-ai\data\unlabeled_test_images\MEMS_devices_and_electrodes\L8_1602bf2eac12e5369928c634cd814968.jpg,C:\Users\kom-e14-1\Documents\Codex\2026-06-05\i-have-sem-images-i-chategorized\outputs\unlabeled_cropped_for_review\L8_1602bf2eac12e5369928c634cd814968_cropped.jpg,true,"(0, 0, 1024, 635)","(0, 635, 1024, 768)",waveguide,0.780797,3d_edge,0.182421,close_up_line,0.021646,
C:\Users\kom-e14-1\OneDrive\MLTraining\project\microvision-ai\data\unlabeled_test_images\MEMS_devices_and_electrodes\L8_164e2f2e4a822863af4dfa32b3e68ecb.jpg,C:\Users\kom-e14-1\Documents\Codex\2026-06-05\i-have-sem-images-i-chategorized\outputs\unlabeled_cropped_for_review\L8_164e2f2e4a822863af4dfa32b3e68ecb_cropped.jpg,true,"(0, 0, 1024, 545)","(0, 545, 1024, 768)",3d_edge,0.992832,waveguide,0.003301,microfluidic,0.002774,
C:\Users\kom-e14-1\OneDrive\MLTraining\project\microvision-ai\data\unlabeled_test_images\MEMS_devices_and_electrodes\L8_16647fdaa2f72c278502967bd25749b1.jpg,C:\Users\kom-e14-1\Documents\Codex\2026-06-05\i-have-sem-images-i-chategorized\outputs\unlabeled_cropped_for_review\L8_16647fdaa2f72c278502967bd25749b1_cropped.jpg,true,"(0, 0, 1024, 607)","(0, 607, 1024, 768)",waveguide,0.883714,3d_edge,0.051171,close_up_line,0.034494,
C:\Users\kom-e14-1\OneDrive\MLTraining\project\microvision-ai\data\unlabeled_test_images\MEMS_devices_and_electrodes\L8_166cc6561e0e72f9b89234e34be41571.jpg,C:\Users\kom-e14-1\Documents\Codex\2026-06-05\i-have-sem-images-i-chategorized\outputs\unlabeled_cropped_for_review\L8_166cc6561e0e72f9b89234e34be41571_cropped.jpg,true,"(0, 0, 1024, 636)","(0, 636, 1024, 768)",3d_edge,0.992256,close_up_line,0.002549,microfluidic,0.001951,
C:\Users\kom-e14-1\OneDrive\MLTraining\project\microvision-ai\data\unlabeled_test_images\MEMS_devices_and_electrodes\L8_166fc1e0ae281decb27b0569801053eb.jpg,C:\Users\kom-e14-1\Documents\Codex\2026-06-05\i-have-sem-images-i-chategorized\outputs\unlabeled_cropped_for_review\L8_166fc1e0ae281decb27b0569801053eb_cropped.jpg,true,"(0, 0, 1024, 636)","(0, 636, 1024, 768)",waveguide,0.325030,3d_edge,0.292067,close_up_line,0.107930,
C:\Users\kom-e14-1\OneDrive\MLTraining\project\microvision-ai\data\unlabeled_test_images\MEMS_devices_and_electrodes\L8_168a51443ce38e58bda1729b21ea32d3.jpg,C:\Users\kom-e14-1\Documents\Codex\2026-06-05\i-have-sem-images-i-chategorized\outputs\unlabeled_cropped_for_review\L8_168a51443ce38e58bda1729b21ea32d3_cropped.jpg,true,"(0, 0, 1024, 607)","(0, 607, 1024, 768)",close_up_line,0.506599,Electrode,0.464375,3d_edge,0.015005,
C:\Users\kom-e14-1\OneDrive\MLTraining\project\microvision-ai\data\unlabeled_test_images\MEMS_devices_and_electrodes\L8_17162d0aeaafda1f2c5081439fe0d753.jpg,C:\Users\kom-e14-1\Documents\Codex\2026-06-05\i-have-sem-images-i-chategorized\outputs\unlabeled_cropped_for_review\L8_17162d0aeaafda1f2c5081439fe0d753_cropped.jpg,true,"(0, 0, 1024, 635)","(0, 635, 1024, 768)",3d_edge,0.998211,waveguide,0.001390,microfluidic,0.000200,
C:\Users\kom-e14-1\OneDrive\MLTraining\project\microvision-ai\data\unlabeled_test_images\MEMS_devices_and_electrodes\L8_173884eb6d85afc1cda81825774673eb.jpg,C:\Users\kom-e14-1\Documents\Codex\2026-06-05\i-have-sem-images-i-chategorized\outputs\unlabeled_cropped_for_review\L8_173884eb6d85afc1cda81825774673eb_cropped.jpg,true,"(0, 0, 1024, 499)","(0, 499, 1024, 768)",microfluidic,0.845216,3d_edge,0.115114,close_up_line,0.010921,
C:\Users\kom-e14-1\OneDrive\MLTraining\project\microvision-ai\data\unlabeled_test_images\MEMS_devices_and_electrodes\L8_173bb7d7bf17227f920a3ac31ad30fba.jpg,C:\Users\kom-e14-1\Documents\Codex\2026-06-05\i-have-sem-images-i-chategorized\outputs\unlabeled_cropped_for_review\L8_173bb7d7bf17227f920a3ac31ad30fba_cropped.jpg,true,"(0, 0, 1024, 607)","(0, 607, 1024, 768)",3d_edge,0.253934,cantilever,0.172344,Electrode,0.148928,
C:\Users\kom-e14-1\OneDrive\MLTraining\project\microvision-ai\data\unlabeled_test_images\MEMS_devices_and_electrodes\L8_174411c98a32907238375caa6921639d.jpg,C:\Users\kom-e14-1\Documents\Codex\2026-06-05\i-have-sem-images-i-chategorized\outputs\unlabeled_cropped_for_review\L8_174411c98a32907238375caa6921639d_cropped.jpg,true,"(0, 0, 1024, 631)","(0, 631, 1024, 768)",Bond-Pad-Array,0.980070,waveguide,0.004982,cantilever,0.004613,
C:\Users\kom-e14-1\OneDrive\MLTraining\project\microvision-ai\data\unlabeled_test_images\MEMS_devices_and_electrodes\L8_174425fb0125b0759b641ff98a3d67cb.jpg,C:\Users\kom-e14-1\Documents\Codex\2026-06-05\i-have-sem-images-i-chategorized\outputs\unlabeled_cropped_for_review\L8_174425fb0125b0759b641ff98a3d67cb_cropped.jpg,true,"(0, 0, 1024, 635)","(0, 635, 1024, 768)",3d_edge,0.995821,waveguide,0.001526,microfluidic,0.001421,
C:\Users\kom-e14-1\OneDrive\MLTraining\project\microvision-ai\data\unlabeled_test_images\MEMS_devices_and_electrodes\L8_1744519a8b099d05b79a024e9d22cab3.jpg,C:\Users\kom-e14-1\Documents\Codex\2026-06-05\i-have-sem-images-i-chategorized\outputs\unlabeled_cropped_for_review\L8_1744519a8b099d05b79a024e9d22cab3_cropped.jpg,true,"(0, 0, 1024, 635)","(0, 635, 1024, 768)",cantilever,0.360655,3d_edge,0.355321,Electrode,0.101101,
C:\Users\kom-e14-1\OneDrive\MLTraining\project\microvision-ai\data\unlabeled_test_images\MEMS_devices_and_electrodes\L8_174b851e4d78adf69bae04c6c1f32508.jpg,C:\Users\kom-e14-1\Documents\Codex\2026-06-05\i-have-sem-images-i-chategorized\outputs\unlabeled_cropped_for_review\L8_174b851e4d78adf69bae04c6c1f32508_cropped.jpg,true,"(0, 0, 1024, 637)","(0, 637, 1024, 768)",3d_edge,0.779604,microfluidic,0.060427,waveguide,0.048124,
C:\Users\kom-e14-1\OneDrive\MLTraining\project\microvision-ai\data\unlabeled_test_images\MEMS_devices_and_electrodes\L8_17703eda6cd52cc0e5285df65d1aa320.jpg,C:\Users\kom-e14-1\Documents\Codex\2026-06-05\i-have-sem-images-i-chategorized\outputs\unlabeled_cropped_for_review\L8_17703eda6cd52cc0e5285df65d1aa320_cropped.jpg,true,"(0, 0, 1024, 637)","(0, 637, 1024, 768)",3d_edge,0.952547,close_up_line,0.012446,waveguide,0.009443,
C:\Users\kom-e14-1\OneDrive\MLTraining\project\microvision-ai\data\unlabeled_test_images\MEMS_devices_and_electrodes\L8_17ab8c88da1171c96d1423bba7954061.jpg,C:\Users\kom-e14-1\Documents\Codex\2026-06-05\i-have-sem-images-i-chategorized\outputs\unlabeled_cropped_for_review\L8_17ab8c88da1171c96d1423bba7954061_cropped.jpg,true,"(0, 0, 1024, 536)","(0, 536, 1024, 768)",3d_edge,0.983455,waveguide,0.005123,Electrode,0.003600,
C:\Users\kom-e14-1\OneDrive\MLTraining\project\microvision-ai\data\unlabeled_test_images\MEMS_devices_and_electrodes\L8_17b080b264b38073f9d32ad21c376040.jpg,C:\Users\kom-e14-1\Documents\Codex\2026-06-05\i-have-sem-images-i-chategorized\outputs\unlabeled_cropped_for_review\L8_17b080b264b38073f9d32ad21c376040_cropped.jpg,true,"(0, 0, 1024, 499)","(0, 499, 1024, 768)",3d_edge,0.854643,waveguide,0.061085,cantilever,0.031847,
C:\Users\kom-e14-1\OneDrive\MLTraining\project\microvision-ai\data\unlabeled_test_images\MEMS_devices_and_electrodes\L8_184c710c2051f4e7275135579eb6d394.jpg,C:\Users\kom-e14-1\Documents\Codex\2026-06-05\i-have-sem-images-i-chategorized\outputs\unlabeled_cropped_for_review\L8_184c710c2051f4e7275135579eb6d394_cropped.jpg,true,"(0, 0, 1024, 639)","(0, 639, 1024, 768)",3d_edge,0.600428,cantilever,0.198877,waveguide,0.108772,
C:\Users\kom-e14-1\OneDrive\MLTraining\project\microvision-ai\data\unlabeled_test_images\MEMS_devices_and_electrodes\L8_1867ebaed9fbc19ab083f25f2cb920ca.jpg,C:\Users\kom-e14-1\Documents\Codex\2026-06-05\i-have-sem-images-i-chategorized\outputs\unlabeled_cropped_for_review\L8_1867ebaed9fbc19ab083f25f2cb920ca_cropped.jpg,true,"(0, 0, 1024, 607)","(0, 607, 1024, 768)",close_up_line,0.932011,Electrode,0.043035,microfluidic,0.007456,
C:\Users\kom-e14-1\OneDrive\MLTraining\project\microvision-ai\data\unlabeled_test_images\MEMS_devices_and_electrodes\L8_186f699e9037a0cdd0e1b05deb6ac605.jpg,C:\Users\kom-e14-1\Documents\Codex\2026-06-05\i-have-sem-images-i-chategorized\outputs\unlabeled_cropped_for_review\L8_186f699e9037a0cdd0e1b05deb6ac605_cropped.jpg,true,"(0, 0, 1024, 658)","(0, 658, 1024, 768)",cantilever,0.540700,Electrode,0.272314,microfluidic,0.105739,
C:\Users\kom-e14-1\OneDrive\MLTraining\project\microvision-ai\data\unlabeled_test_images\MEMS_devices_and_electrodes\L8_18728bffd2c2563f2dd94b43546f50c4.jpg,C:\Users\kom-e14-1\Documents\Codex\2026-06-05\i-have-sem-images-i-chategorized\outputs\unlabeled_cropped_for_review\L8_18728bffd2c2563f2dd94b43546f50c4_cropped.jpg,true,"(0, 0, 1024, 659)","(0, 659, 1024, 768)",Bond-Pad-Array,0.982588,cantilever,0.004355,3d_edge,0.003505,
C:\Users\kom-e14-1\OneDrive\MLTraining\project\microvision-ai\data\unlabeled_test_images\MEMS_devices_and_electrodes\L8_18bccd1bdc175d65058fdec9e937f73b.jpg,C:\Users\kom-e14-1\Documents\Codex\2026-06-05\i-have-sem-images-i-chategorized\outputs\unlabeled_cropped_for_review\L8_18bccd1bdc175d65058fdec9e937f73b_cropped.jpg,true,"(0, 0, 1024, 658)","(0, 658, 1024, 768)",cantilever,0.722660,3d_edge,0.191529,waveguide,0.042915,
C:\Users\kom-e14-1\OneDrive\MLTraining\project\microvision-ai\data\unlabeled_test_images\MEMS_devices_and_electrodes\L8_18ed0b1b10fe3cb5821775c674eb1d50.jpg,C:\Users\kom-e14-1\Documents\Codex\2026-06-05\i-have-sem-images-i-chategorized\outputs\unlabeled_cropped_for_review\L8_18ed0b1b10fe3cb5821775c674eb1d50_cropped.jpg,true,"(0, 0, 1024, 635)","(0, 635, 1024, 768)",3d_edge,0.987081,waveguide,0.003736,close_up_line,0.002955,
C:\Users\kom-e14-1\OneDrive\MLTraining\project\microvision-ai\data\unlabeled_test_images\MEMS_devices_and_electrodes\L8_19281e00e36e380b985380ff1dfe2786.jpg,C:\Users\kom-e14-1\Documents\Codex\2026-06-05\i-have-sem-images-i-chategorized\outputs\unlabeled_cropped_for_review\L8_19281e00e36e380b985380ff1dfe2786_cropped.jpg,true,"(0, 0, 1024, 636)","(0, 636, 1024, 768)",3d_edge,0.994118,waveguide,0.003522,cantilever,0.001369,
C:\Users\kom-e14-1\OneDrive\MLTraining\project\microvision-ai\data\unlabeled_test_images\MEMS_devices_and_electrodes\L8_1956f9e8875bab6ecb756f874fe8ed27.jpg,C:\Users\kom-e14-1\Documents\Codex\2026-06-05\i-have-sem-images-i-chategorized\outputs\unlabeled_cropped_for_review\L8_1956f9e8875bab6ecb756f874fe8ed27_cropped.jpg,true,"(0, 0, 1024, 630)","(0, 630, 1024, 768)",Electrode,0.364324,close_up_line,0.275164,3d_edge,0.267897,
C:\Users\kom-e14-1\OneDrive\MLTraining\project\microvision-ai\data\unlabeled_test_images\MEMS_devices_and_electrodes\L8_196631390a09af929e613b42166389e0.jpg,C:\Users\kom-e14-1\Documents\Codex\2026-06-05\i-have-sem-images-i-chategorized\outputs\unlabeled_cropped_for_review\L8_196631390a09af929e613b42166389e0_cropped.jpg,true,"(0, 0, 1024, 636)","(0, 636, 1024, 768)",3d_edge,0.959902,waveguide,0.030485,cantilever,0.002991,
C:\Users\kom-e14-1\OneDrive\MLTraining\project\microvision-ai\data\unlabeled_test_images\MEMS_devices_and_electrodes\L8_198f06729be2e5ec3e66ac48beca4eda.jpg,C:\Users\kom-e14-1\Documents\Codex\2026-06-05\i-have-sem-images-i-chategorized\outputs\unlabeled_cropped_for_review\L8_198f06729be2e5ec3e66ac48beca4eda_cropped.jpg,false,"(0, 0, 1024, 768)",,close_up_line,0.405037,3d_edge,0.266267,Electrode,0.195325,
C:\Users\kom-e14-1\OneDrive\MLTraining\project\microvision-ai\data\unlabeled_test_images\MEMS_devices_and_electrodes\L8_19b15d5fd3ac9b04635d36c40ada0d1a.jpg,C:\Users\kom-e14-1\Documents\Codex\2026-06-05\i-have-sem-images-i-chategorized\outputs\unlabeled_cropped_for_review\L8_19b15d5fd3ac9b04635d36c40ada0d1a_cropped.jpg,true,"(0, 0, 1024, 675)","(0, 675, 1024, 768)",close_up_line,0.373286,Electrode,0.229616,3d_edge,0.174748,
C:\Users\kom-e14-1\OneDrive\MLTraining\project\microvision-ai\data\unlabeled_test_images\MEMS_devices_and_electrodes\L8_1a0eac356b25aef884b4c7e1589a74c6.jpg,C:\Users\kom-e14-1\Documents\Codex\2026-06-05\i-have-sem-images-i-chategorized\outputs\unlabeled_cropped_for_review\L8_1a0eac356b25aef884b4c7e1589a74c6_cropped.jpg,true,"(0, 0, 1024, 607)","(0, 607, 1024, 768)",close_up_line,0.694172,waveguide,0.129935,3d_edge,0.124353,
C:\Users\kom-e14-1\OneDrive\MLTraining\project\microvision-ai\data\unlabeled_test_images\MEMS_devices_and_electrodes\L8_1a32894957833d03c5ab9995c3633b73.jpg,C:\Users\kom-e14-1\Documents\Codex\2026-06-05\i-have-sem-images-i-chategorized\outputs\unlabeled_cropped_for_review\L8_1a32894957833d03c5ab9995c3633b73_cropped.jpg,true,"(0, 0, 1024, 675)","(0, 675, 1024, 768)",close_up_line,0.902581,Electrode,0.038949,microfluidic,0.024550,
C:\Users\kom-e14-1\OneDrive\MLTraining\project\microvision-ai\data\unlabeled_test_images\MEMS_devices_and_electrodes\L8_1a80f8373408fde88d92d476b71a32a5.jpg,C:\Users\kom-e14-1\Documents\Codex\2026-06-05\i-have-sem-images-i-chategorized\outputs\unlabeled_cropped_for_review\L8_1a80f8373408fde88d92d476b71a32a5_cropped.jpg,true,"(0, 0, 1024, 635)","(0, 635, 1024, 768)",Bond-Pad-Array,0.467022,waveguide,0.380152,microfluidic,0.062746,
C:\Users\kom-e14-1\OneDrive\MLTraining\project\microvision-ai\data\unlabeled_test_images\MEMS_devices_and_electrodes\L8_1aacdd08c78b0815ea2fe15fd903c28d.jpg,C:\Users\kom-e14-1\Documents\Codex\2026-06-05\i-have-sem-images-i-chategorized\outputs\unlabeled_cropped_for_review\L8_1aacdd08c78b0815ea2fe15fd903c28d_cropped.jpg,true,"(0, 0, 1024, 636)","(0, 636, 1024, 768)",3d_edge,0.979319,waveguide,0.016402,microfluidic,0.001245,
C:\Users\kom-e14-1\OneDrive\MLTraining\project\microvision-ai\data\unlabeled_test_images\MEMS_devices_and_electrodes\L8_1abacc867cd0f5be30929ea810851e12.jpg,C:\Users\kom-e14-1\Documents\Codex\2026-06-05\i-have-sem-images-i-chategorized\outputs\unlabeled_cropped_for_review\L8_1abacc867cd0f5be30929ea810851e12_cropped.jpg,true,"(0, 0, 1024, 637)","(0, 637, 1024, 768)",Bond-Pad-Array,0.990377,cantilever,0.003053,waveguide,0.001906,
C:\Users\kom-e14-1\OneDrive\MLTraining\project\microvision-ai\data\unlabeled_test_images\MEMS_devices_and_electrodes\L8_1ad811891a34799abf494893e08dba00.jpg,C:\Users\kom-e14-1\Documents\Codex\2026-06-05\i-have-sem-images-i-chategorized\outputs\unlabeled_cropped_for_review\L8_1ad811891a34799abf494893e08dba00_cropped.jpg,true,"(0, 0, 1024, 658)","(0, 658, 1024, 768)",3d_edge,0.940183,Electrode,0.018974,waveguide,0.018006,
C:\Users\kom-e14-1\OneDrive\MLTraining\project\microvision-ai\data\unlabeled_test_images\MEMS_devices_and_electrodes\L8_1af7b140a0559970a3647a5163319582.jpg,C:\Users\kom-e14-1\Documents\Codex\2026-06-05\i-have-sem-images-i-chategorized\outputs\unlabeled_cropped_for_review\L8_1af7b140a0559970a3647a5163319582_cropped.jpg,true,"(0, 0, 1024, 607)","(0, 607, 1024, 768)",close_up_line,0.568276,Electrode,0.366756,3d_edge,0.036751,
C:\Users\kom-e14-1\OneDrive\MLTraining\project\microvision-ai\data\unlabeled_test_images\MEMS_devices_and_electrodes\L8_1b02452ad0e0b83b4035cbda68db5fa6.jpg,C:\Users\kom-e14-1\Documents\Codex\2026-06-05\i-have-sem-images-i-chategorized\outputs\unlabeled_cropped_for_review\L8_1b02452ad0e0b83b4035cbda68db5fa6_cropped.jpg,true,"(0, 0, 1024, 628)","(0, 628, 1024, 768)",3d_edge,0.985967,Electrode,0.004191,waveguide,0.003891,
C:\Users\kom-e14-1\OneDrive\MLTraining\project\microvision-ai\data\unlabeled_test_images\MEMS_devices_and_electrodes\L8_1b11146dde699e572db5daa955ffa5f5.jpg,C:\Users\kom-e14-1\Documents\Codex\2026-06-05\i-have-sem-images-i-chategorized\outputs\unlabeled_cropped_for_review\L8_1b11146dde699e572db5daa955ffa5f5_cropped.jpg,false,"(0, 0, 1024, 768)",,Electrode,0.975055,cantilever,0.011257,close_up_line,0.005526,
C:\Users\kom-e14-1\OneDrive\MLTraining\project\microvision-ai\data\unlabeled_test_images\MEMS_devices_and_electrodes\L8_1b450f3e20b922816562acfebdd58536.jpg,C:\Users\kom-e14-1\Documents\Codex\2026-06-05\i-have-sem-images-i-chategorized\outputs\unlabeled_cropped_for_review\L8_1b450f3e20b922816562acfebdd58536_cropped.jpg,true,"(0, 0, 1024, 635)","(0, 635, 1024, 768)",3d_edge,0.832179,waveguide,0.048863,microfluidic,0.040336,
C:\Users\kom-e14-1\OneDrive\MLTraining\project\microvision-ai\data\unlabeled_test_images\MEMS_devices_and_electrodes\L8_1b6b3400ccd566e89cba02a32d762d04.jpg,C:\Users\kom-e14-1\Documents\Codex\2026-06-05\i-have-sem-images-i-chategorized\outputs\unlabeled_cropped_for_review\L8_1b6b3400ccd566e89cba02a32d762d04_cropped.jpg,true,"(0, 0, 1024, 637)","(0, 637, 1024, 768)",Bond-Pad-Array,0.967969,cantilever,0.006922,3d_edge,0.006733,
C:\Users\kom-e14-1\OneDrive\MLTraining\project\microvision-ai\data\unlabeled_test_images\MEMS_devices_and_electrodes\L8_1b827b6922b9f7dfb0b24b45ff1c42c3.jpg,C:\Users\kom-e14-1\Documents\Codex\2026-06-05\i-have-sem-images-i-chategorized\outputs\unlabeled_cropped_for_review\L8_1b827b6922b9f7dfb0b24b45ff1c42c3_cropped.jpg,true,"(0, 0, 1024, 659)","(0, 659, 1024, 768)",3d_edge,0.638637,close_up_line,0.296498,Electrode,0.030545,
C:\Users\kom-e14-1\OneDrive\MLTraining\project\microvision-ai\data\unlabeled_test_images\MEMS_devices_and_electrodes\L8_1ba85966f4036eb051e9e77aed72377c.jpg,C:\Users\kom-e14-1\Documents\Codex\2026-06-05\i-have-sem-images-i-chategorized\outputs\unlabeled_cropped_for_review\L8_1ba85966f4036eb051e9e77aed72377c_cropped.jpg,true,"(0, 0, 1024, 594)","(0, 594, 1024, 768)",3d_edge,0.646251,Electrode,0.131469,close_up_line,0.104284,
C:\Users\kom-e14-1\OneDrive\MLTraining\project\microvision-ai\data\unlabeled_test_images\MEMS_devices_and_electrodes\L8_1c0dfdab30da1e382394d160661b0c4d.jpg,C:\Users\kom-e14-1\Documents\Codex\2026-06-05\i-have-sem-images-i-chategorized\outputs\unlabeled_cropped_for_review\L8_1c0dfdab30da1e382394d160661b0c4d_cropped.jpg,true,"(0, 0, 1024, 499)","(0, 499, 1024, 768)",3d_edge,0.922961,waveguide,0.030959,microfluidic,0.019859,
C:\Users\kom-e14-1\OneDrive\MLTraining\project\microvision-ai\data\unlabeled_test_images\MEMS_devices_and_electrodes\L8_1c2a4217e160dc1aa02e81912e21798c.jpg,C:\Users\kom-e14-1\Documents\Codex\2026-06-05\i-have-sem-images-i-chategorized\outputs\unlabeled_cropped_for_review\L8_1c2a4217e160dc1aa02e81912e21798c_cropped.jpg,true,"(0, 0, 1024, 635)","(0, 635, 1024, 768)",3d_edge,0.740572,cantilever,0.156479,waveguide,0.042924,
C:\Users\kom-e14-1\OneDrive\MLTraining\project\microvision-ai\data\unlabeled_test_images\MEMS_devices_and_electrodes\L8_1c52a37950e322cde77b192be4cbb27d.jpg,C:\Users\kom-e14-1\Documents\Codex\2026-06-05\i-have-sem-images-i-chategorized\outputs\unlabeled_cropped_for_review\L8_1c52a37950e322cde77b192be4cbb27d_cropped.jpg,true,"(0, 0, 1024, 588)","(0, 588, 1024, 768)",3d_edge,0.972185,waveguide,0.025749,cantilever,0.000833,
C:\Users\kom-e14-1\OneDrive\MLTraining\project\microvision-ai\data\unlabeled_test_images\MEMS_devices_and_electrodes\L8_1c617ba70e80dc663811b0cbe35e91a2.jpg,C:\Users\kom-e14-1\Documents\Codex\2026-06-05\i-have-sem-images-i-chategorized\outputs\unlabeled_cropped_for_review\L8_1c617ba70e80dc663811b0cbe35e91a2_cropped.jpg,true,"(0, 0, 1024, 635)","(0, 635, 1024, 768)",Electrode,0.281193,Bond-Pad-Array,0.217605,cantilever,0.165343,
C:\Users\kom-e14-1\OneDrive\MLTraining\project\microvision-ai\data\unlabeled_test_images\MEMS_devices_and_electrodes\L8_1c79ea2c727c71e0569c1a0cc01843f6.jpg,C:\Users\kom-e14-1\Documents\Codex\2026-06-05\i-have-sem-images-i-chategorized\outputs\unlabeled_cropped_for_review\L8_1c79ea2c727c71e0569c1a0cc01843f6_cropped.jpg,true,"(0, 0, 1024, 635)","(0, 635, 1024, 768)",3d_edge,0.800563,waveguide,0.140578,cantilever,0.026428,
C:\Users\kom-e14-1\OneDrive\MLTraining\project\microvision-ai\data\unlabeled_test_images\MEMS_devices_and_electrodes\L8_1c8598e4d4de4b4a417de82efb5a14c1.jpg,C:\Users\kom-e14-1\Documents\Codex\2026-06-05\i-have-sem-images-i-chategorized\outputs\unlabeled_cropped_for_review\L8_1c8598e4d4de4b4a417de82efb5a14c1_cropped.jpg,true,"(0, 0, 1024, 636)","(0, 636, 1024, 768)",3d_edge,0.886893,waveguide,0.069016,close_up_line,0.012411,
C:\Users\kom-e14-1\OneDrive\MLTraining\project\microvision-ai\data\unlabeled_test_images\MEMS_devices_and_electrodes\L8_1cfedfa79064a438b55f8e4dbb571004.jpg,C:\Users\kom-e14-1\Documents\Codex\2026-06-05\i-have-sem-images-i-chategorized\outputs\unlabeled_cropped_for_review\L8_1cfedfa79064a438b55f8e4dbb571004_cropped.jpg,true,"(0, 0, 1024, 594)","(0, 594, 1024, 768)",Electrode,0.557459,close_up_line,0.258414,3d_edge,0.145986,
C:\Users\kom-e14-1\OneDrive\MLTraining\project\microvision-ai\data\unlabeled_test_images\MEMS_devices_and_electrodes\L8_1d22496c4269e001d0d565205542be08.jpg,C:\Users\kom-e14-1\Documents\Codex\2026-06-05\i-have-sem-images-i-chategorized\outputs\unlabeled_cropped_for_review\L8_1d22496c4269e001d0d565205542be08_cropped.jpg,true,"(0, 0, 1024, 607)","(0, 607, 1024, 768)",3d_edge,0.801391,microfluidic,0.083702,Electrode,0.050412,
C:\Users\kom-e14-1\OneDrive\MLTraining\project\microvision-ai\data\unlabeled_test_images\MEMS_devices_and_electrodes\L8_1d259c6e0f173b94057795c080b9880a.jpg,C:\Users\kom-e14-1\Documents\Codex\2026-06-05\i-have-sem-images-i-chategorized\outputs\unlabeled_cropped_for_review\L8_1d259c6e0f173b94057795c080b9880a_cropped.jpg,true,"(0, 0, 1024, 607)","(0, 607, 1024, 768)",close_up_line,0.854085,Electrode,0.108613,3d_edge,0.015562,
C:\Users\kom-e14-1\OneDrive\MLTraining\project\microvision-ai\data\unlabeled_test_images\MEMS_devices_and_electrodes\L8_1d73e0380cbdd26cf1c2c3f6b5e80df2.jpg,C:\Users\kom-e14-1\Documents\Codex\2026-06-05\i-have-sem-images-i-chategorized\outputs\unlabeled_cropped_for_review\L8_1d73e0380cbdd26cf1c2c3f6b5e80df2_cropped.jpg,true,"(0, 0, 1024, 663)","(0, 663, 1024, 768)",3d_edge,0.961193,waveguide,0.014076,Electrode,0.009623,
C:\Users\kom-e14-1\OneDrive\MLTraining\project\microvision-ai\data\unlabeled_test_images\MEMS_devices_and_electrodes\L8_1d83a8e825fa6a2f73bf53b3794ac99f.jpg,C:\Users\kom-e14-1\Documents\Codex\2026-06-05\i-have-sem-images-i-chategorized\outputs\unlabeled_cropped_for_review\L8_1d83a8e825fa6a2f73bf53b3794ac99f_cropped.jpg,true,"(0, 0, 1024, 636)","(0, 636, 1024, 768)",3d_edge,0.994195,microfluidic,0.002770,waveguide,0.001558,
C:\Users\kom-e14-1\OneDrive\MLTraining\project\microvision-ai\data\unlabeled_test_images\MEMS_devices_and_electrodes\L8_1de725d6db2cd36548a31ef97d0f22d8.jpg,C:\Users\kom-e14-1\Documents\Codex\2026-06-05\i-have-sem-images-i-chategorized\outputs\unlabeled_cropped_for_review\L8_1de725d6db2cd36548a31ef97d0f22d8_cropped.jpg,true,"(0, 0, 1024, 636)","(0, 636, 1024, 768)",close_up_line,0.586214,waveguide,0.174165,3d_edge,0.134189,
C:\Users\kom-e14-1\OneDrive\MLTraining\project\microvision-ai\data\unlabeled_test_images\MEMS_devices_and_electrodes\L8_1de7648c4fd2a01ede499010ceb48755.jpg,C:\Users\kom-e14-1\Documents\Codex\2026-06-05\i-have-sem-images-i-chategorized\outputs\unlabeled_cropped_for_review\L8_1de7648c4fd2a01ede499010ceb48755_cropped.jpg,true,"(0, 0, 1024, 583)","(0, 583, 1024, 768)",3d_edge,0.986294,waveguide,0.007542,microfluidic,0.001714,
C:\Users\kom-e14-1\OneDrive\MLTraining\project\microvision-ai\data\unlabeled_test_images\MEMS_devices_and_electrodes\L8_1e13ff5180d6a00bc7001d8a24c58f96.jpg,C:\Users\kom-e14-1\Documents\Codex\2026-06-05\i-have-sem-images-i-chategorized\outputs\unlabeled_cropped_for_review\L8_1e13ff5180d6a00bc7001d8a24c58f96_cropped.jpg,true,"(0, 0, 1024, 607)","(0, 607, 1024, 768)",close_up_line,0.579114,Electrode,0.254379,3d_edge,0.079160,
C:\Users\kom-e14-1\OneDrive\MLTraining\project\microvision-ai\data\unlabeled_test_images\MEMS_devices_and_electrodes\L8_1e6c25ac22668cd1d3adf738e982d1ef.jpg,C:\Users\kom-e14-1\Documents\Codex\2026-06-05\i-have-sem-images-i-chategorized\outputs\unlabeled_cropped_for_review\L8_1e6c25ac22668cd1d3adf738e982d1ef_cropped.jpg,true,"(0, 0, 1024, 607)","(0, 607, 1024, 768)",close_up_line,0.478865,3d_edge,0.261050,microfluidic,0.142969,
C:\Users\kom-e14-1\OneDrive\MLTraining\project\microvision-ai\data\unlabeled_test_images\MEMS_devices_and_electrodes\L8_1f1f8e7f510cc2f4eb7f05dd8f56adcc.jpg,C:\Users\kom-e14-1\Documents\Codex\2026-06-05\i-have-sem-images-i-chategorized\outputs\unlabeled_cropped_for_review\L8_1f1f8e7f510cc2f4eb7f05dd8f56adcc_cropped.jpg,true,"(0, 0, 1024, 658)","(0, 658, 1024, 768)",3d_edge,0.744187,waveguide,0.073572,Electrode,0.053770,
C:\Users\kom-e14-1\OneDrive\MLTraining\project\microvision-ai\data\unlabeled_test_images\MEMS_devices_and_electrodes\L8_1fdab64b7e73643d454739eb0c8eab92.jpg,C:\Users\kom-e14-1\Documents\Codex\2026-06-05\i-have-sem-images-i-chategorized\outputs\unlabeled_cropped_for_review\L8_1fdab64b7e73643d454739eb0c8eab92_cropped.jpg,true,"(0, 0, 1024, 646)","(0, 646, 1024, 768)",3d_edge,0.996190,waveguide,0.000983,microfluidic,0.000906,
C:\Users\kom-e14-1\OneDrive\MLTraining\project\microvision-ai\data\unlabeled_test_images\MEMS_devices_and_electrodes\L8_1ff74b8cbce19609a7a075b2b2a03d0b.jpg,C:\Users\kom-e14-1\Documents\Codex\2026-06-05\i-have-sem-images-i-chategorized\outputs\unlabeled_cropped_for_review\L8_1ff74b8cbce19609a7a075b2b2a03d0b_cropped.jpg,true,"(0, 0, 1024, 499)","(0, 499, 1024, 768)",3d_edge,0.955800,waveguide,0.011577,microfluidic,0.010902,
C:\Users\kom-e14-1\OneDrive\MLTraining\project\microvision-ai\data\unlabeled_test_images\MEMS_devices_and_electrodes\L8_2026aac5d34935bb232ee7b33de6e2bb.jpg,C:\Users\kom-e14-1\Documents\Codex\2026-06-05\i-have-sem-images-i-chategorized\outputs\unlabeled_cropped_for_review\L8_2026aac5d34935bb232ee7b33de6e2bb_cropped.jpg,true,"(0, 0, 1024, 636)","(0, 636, 1024, 768)",3d_edge,0.980200,close_up_line,0.007491,waveguide,0.006659,
C:\Users\kom-e14-1\OneDrive\MLTraining\project\microvision-ai\data\unlabeled_test_images\MEMS_devices_and_electrodes\L8_204b20fbcd43932efdbbb0c123479511.jpg,C:\Users\kom-e14-1\Documents\Codex\2026-06-05\i-have-sem-images-i-chategorized\outputs\unlabeled_cropped_for_review\L8_204b20fbcd43932efdbbb0c123479511_cropped.jpg,true,"(0, 0, 1024, 607)","(0, 607, 1024, 768)",waveguide,0.587459,microfluidic,0.159597,cantilever,0.086094,
C:\Users\kom-e14-1\OneDrive\MLTraining\project\microvision-ai\data\unlabeled_test_images\MEMS_devices_and_electrodes\L8_20849bbcc8121690e5642ba18dfdf524.jpg,C:\Users\kom-e14-1\Documents\Codex\2026-06-05\i-have-sem-images-i-chategorized\outputs\unlabeled_cropped_for_review\L8_20849bbcc8121690e5642ba18dfdf524_cropped.jpg,true,"(0, 0, 1024, 635)","(0, 635, 1024, 768)",3d_edge,0.597097,waveguide,0.278978,close_up_line,0.060117,
C:\Users\kom-e14-1\OneDrive\MLTraining\project\microvision-ai\data\unlabeled_test_images\MEMS_devices_and_electrodes\L8_209c5114685bffc42cbf3aa7340739e0.jpg,C:\Users\kom-e14-1\Documents\Codex\2026-06-05\i-have-sem-images-i-chategorized\outputs\unlabeled_cropped_for_review\L8_209c5114685bffc42cbf3aa7340739e0_cropped.jpg,true,"(0, 0, 1024, 503)","(0, 503, 1024, 768)",3d_edge,0.999869,microfluidic,0.000069,waveguide,0.000046,
C:\Users\kom-e14-1\OneDrive\MLTraining\project\microvision-ai\data\unlabeled_test_images\MEMS_devices_and_electrodes\L8_20a5948d1e7c491a72cfaa8005ce025d.jpg,C:\Users\kom-e14-1\Documents\Codex\2026-06-05\i-have-sem-images-i-chategorized\outputs\unlabeled_cropped_for_review\L8_20a5948d1e7c491a72cfaa8005ce025d_cropped.jpg,true,"(0, 0, 1024, 499)","(0, 499, 1024, 768)",Electrode,0.627865,close_up_line,0.157512,3d_edge,0.083772,
C:\Users\kom-e14-1\OneDrive\MLTraining\project\microvision-ai\data\unlabeled_test_images\MEMS_devices_and_electrodes\L8_20db5d6c9708aa3b1e2ded162a740c07.jpg,C:\Users\kom-e14-1\Documents\Codex\2026-06-05\i-have-sem-images-i-chategorized\outputs\unlabeled_cropped_for_review\L8_20db5d6c9708aa3b1e2ded162a740c07_cropped.jpg,true,"(0, 0, 1024, 499)","(0, 499, 1024, 768)",3d_edge,0.919550,cantilever,0.036552,microfluidic,0.020919,
C:\Users\kom-e14-1\OneDrive\MLTraining\project\microvision-ai\data\unlabeled_test_images\MEMS_devices_and_electrodes\L8_20e844ad58672defc89ec292bee05e77.jpg,C:\Users\kom-e14-1\Documents\Codex\2026-06-05\i-have-sem-images-i-chategorized\outputs\unlabeled_cropped_for_review\L8_20e844ad58672defc89ec292bee05e77_cropped.jpg,true,"(0, 0, 1024, 635)","(0, 635, 1024, 768)",3d_edge,0.993475,close_up_line,0.002530,Electrode,0.001896,
C:\Users\kom-e14-1\OneDrive\MLTraining\project\microvision-ai\data\unlabeled_test_images\MEMS_devices_and_electrodes\L8_20f82b72fac3bf3bb8affe57106acd01.jpg,C:\Users\kom-e14-1\Documents\Codex\2026-06-05\i-have-sem-images-i-chategorized\outputs\unlabeled_cropped_for_review\L8_20f82b72fac3bf3bb8affe57106acd01_cropped.jpg,true,"(0, 0, 1024, 607)","(0, 607, 1024, 768)",Electrode,0.728192,3d_edge,0.153072,close_up_line,0.093281,
C:\Users\kom-e14-1\OneDrive\MLTraining\project\microvision-ai\data\unlabeled_test_images\MEMS_devices_and_electrodes\L8_210e9332ef60cc973f8e625e1ddcc0e3.jpg,C:\Users\kom-e14-1\Documents\Codex\2026-06-05\i-have-sem-images-i-chategorized\outputs\unlabeled_cropped_for_review\L8_210e9332ef60cc973f8e625e1ddcc0e3_cropped.jpg,true,"(0, 0, 1024, 635)","(0, 635, 1024, 768)",3d_edge,0.872884,waveguide,0.084552,close_up_line,0.017338,
C:\Users\kom-e14-1\OneDrive\MLTraining\project\microvision-ai\data\unlabeled_test_images\MEMS_devices_and_electrodes\L8_216819d0b13661f63e953f2a5e8ebe15.jpg,C:\Users\kom-e14-1\Documents\Codex\2026-06-05\i-have-sem-images-i-chategorized\outputs\unlabeled_cropped_for_review\L8_216819d0b13661f63e953f2a5e8ebe15_cropped.jpg,true,"(0, 0, 1024, 636)","(0, 636, 1024, 768)",3d_edge,0.602992,waveguide,0.301252,cantilever,0.036886,
C:\Users\kom-e14-1\OneDrive\MLTraining\project\microvision-ai\data\unlabeled_test_images\MEMS_devices_and_electrodes\L8_216a9aeec3d34359f3cba4b8ad157b1d.jpg,C:\Users\kom-e14-1\Documents\Codex\2026-06-05\i-have-sem-images-i-chategorized\outputs\unlabeled_cropped_for_review\L8_216a9aeec3d34359f3cba4b8ad157b1d_cropped.jpg,true,"(0, 0, 1024, 607)","(0, 607, 1024, 768)",3d_edge,0.848328,waveguide,0.090935,cantilever,0.045469,
C:\Users\kom-e14-1\OneDrive\MLTraining\project\microvision-ai\data\unlabeled_test_images\MEMS_devices_and_electrodes\L8_21780efdee93240d772a23233a136874.jpg,C:\Users\kom-e14-1\Documents\Codex\2026-06-05\i-have-sem-images-i-chategorized\outputs\unlabeled_cropped_for_review\L8_21780efdee93240d772a23233a136874_cropped.jpg,true,"(0, 0, 1024, 658)","(0, 658, 1024, 768)",Electrode,0.693965,3d_edge,0.180962,close_up_line,0.047993,
C:\Users\kom-e14-1\OneDrive\MLTraining\project\microvision-ai\data\unlabeled_test_images\MEMS_devices_and_electrodes\L8_218b9bac626836cd56d7962ea9dd46a2.jpg,C:\Users\kom-e14-1\Documents\Codex\2026-06-05\i-have-sem-images-i-chategorized\outputs\unlabeled_cropped_for_review\L8_218b9bac626836cd56d7962ea9dd46a2_cropped.jpg,true,"(0, 0, 1024, 576)","(0, 576, 1024, 768)",3d_edge,0.985558,microfluidic,0.008516,waveguide,0.002973,
C:\Users\kom-e14-1\OneDrive\MLTraining\project\microvision-ai\data\unlabeled_test_images\MEMS_devices_and_electrodes\L8_219500366193a57dc3ac5583840cf793.jpg,C:\Users\kom-e14-1\Documents\Codex\2026-06-05\i-have-sem-images-i-chategorized\outputs\unlabeled_cropped_for_review\L8_219500366193a57dc3ac5583840cf793_cropped.jpg,true,"(0, 0, 1024, 499)","(0, 499, 1024, 768)",3d_edge,0.621728,microfluidic,0.375289,close_up_line,0.001187,
C:\Users\kom-e14-1\OneDrive\MLTraining\project\microvision-ai\data\unlabeled_test_images\MEMS_devices_and_electrodes\L8_21977295a623dd4cab8c5fd2d984b70d.jpg,C:\Users\kom-e14-1\Documents\Codex\2026-06-05\i-have-sem-images-i-chategorized\outputs\unlabeled_cropped_for_review\L8_21977295a623dd4cab8c5fd2d984b70d_cropped.jpg,true,"(0, 0, 1024, 631)","(0, 631, 1024, 768)",3d_edge,0.931947,Electrode,0.018921,close_up_line,0.015968,
C:\Users\kom-e14-1\OneDrive\MLTraining\project\microvision-ai\data\unlabeled_test_images\MEMS_devices_and_electrodes\L8_21a14da93a2c5cea74f6a6b1f7af52db.jpg,C:\Users\kom-e14-1\Documents\Codex\2026-06-05\i-have-sem-images-i-chategorized\outputs\unlabeled_cropped_for_review\L8_21a14da93a2c5cea74f6a6b1f7af52db_cropped.jpg,true,"(0, 0, 1024, 636)","(0, 636, 1024, 768)",3d_edge,0.970947,microfluidic,0.010356,waveguide,0.007636,
C:\Users\kom-e14-1\OneDrive\MLTraining\project\microvision-ai\data\unlabeled_test_images\MEMS_devices_and_electrodes\L8_21ac400de76240ca33252f4e071a5dc9.jpg,C:\Users\kom-e14-1\Documents\Codex\2026-06-05\i-have-sem-images-i-chategorized\outputs\unlabeled_cropped_for_review\L8_21ac400de76240ca33252f4e071a5dc9_cropped.jpg,true,"(0, 0, 1024, 659)","(0, 659, 1024, 768)",Electrode,0.999894,close_up_line,0.000063,3d_edge,0.000019,
C:\Users\kom-e14-1\OneDrive\MLTraining\project\microvision-ai\data\unlabeled_test_images\MEMS_devices_and_electrodes\L8_21d9345f0e973c9fede9f3705713e81d.jpg,C:\Users\kom-e14-1\Documents\Codex\2026-06-05\i-have-sem-images-i-chategorized\outputs\unlabeled_cropped_for_review\L8_21d9345f0e973c9fede9f3705713e81d_cropped.jpg,true,"(0, 0, 1024, 636)","(0, 636, 1024, 768)",3d_edge,0.971834,waveguide,0.011052,microfluidic,0.004103,
C:\Users\kom-e14-1\OneDrive\MLTraining\project\microvision-ai\data\unlabeled_test_images\MEMS_devices_and_electrodes\L8_21df15f5cf0e589755d42de97574f5dc.jpg,C:\Users\kom-e14-1\Documents\Codex\2026-06-05\i-have-sem-images-i-chategorized\outputs\unlabeled_cropped_for_review\L8_21df15f5cf0e589755d42de97574f5dc_cropped.jpg,true,"(0, 0, 1024, 635)","(0, 635, 1024, 768)",3d_edge,0.998414,microfluidic,0.000605,waveguide,0.000581,
C:\Users\kom-e14-1\OneDrive\MLTraining\project\microvision-ai\data\unlabeled_test_images\MEMS_devices_and_electrodes\L8_21f1028ed4a51e6f6c8108a21b4fb025.jpg,C:\Users\kom-e14-1\Documents\Codex\2026-06-05\i-have-sem-images-i-chategorized\outputs\unlabeled_cropped_for_review\L8_21f1028ed4a51e6f6c8108a21b4fb025_cropped.jpg,true,"(0, 0, 1024, 663)","(0, 663, 1024, 768)",cantilever,0.563451,3d_edge,0.197837,Bond-Pad-Array,0.150221,
C:\Users\kom-e14-1\OneDrive\MLTraining\project\microvision-ai\data\unlabeled_test_images\MEMS_devices_and_electrodes\L8_222483eb55e86c969923ccc76486721e.jpg,C:\Users\kom-e14-1\Documents\Codex\2026-06-05\i-have-sem-images-i-chategorized\outputs\unlabeled_cropped_for_review\L8_222483eb55e86c969923ccc76486721e_cropped.jpg,true,"(0, 0, 1024, 636)","(0, 636, 1024, 768)",3d_edge,0.997194,microfluidic,0.001362,waveguide,0.000775,
C:\Users\kom-e14-1\OneDrive\MLTraining\project\microvision-ai\data\unlabeled_test_images\MEMS_devices_and_electrodes\L8_225336b8f1638ca3ea39fccd195b60e7.jpg,C:\Users\kom-e14-1\Documents\Codex\2026-06-05\i-have-sem-images-i-chategorized\outputs\unlabeled_cropped_for_review\L8_225336b8f1638ca3ea39fccd195b60e7_cropped.jpg,true,"(0, 0, 1024, 607)","(0, 607, 1024, 768)",close_up_line,0.873927,Electrode,0.117643,Bond-Pad-Array,0.003364,
C:\Users\kom-e14-1\OneDrive\MLTraining\project\microvision-ai\data\unlabeled_test_images\MEMS_devices_and_electrodes\L8_22589fe9c209a12812968380d8dd9e90.jpg,C:\Users\kom-e14-1\Documents\Codex\2026-06-05\i-have-sem-images-i-chategorized\outputs\unlabeled_cropped_for_review\L8_22589fe9c209a12812968380d8dd9e90_cropped.jpg,true,"(0, 0, 1024, 607)","(0, 607, 1024, 768)",close_up_line,0.806112,Electrode,0.146980,3d_edge,0.026633,
C:\Users\kom-e14-1\OneDrive\MLTraining\project\microvision-ai\data\unlabeled_test_images\MEMS_devices_and_electrodes\L8_22a2694f39462b1166428737d108f653.jpg,C:\Users\kom-e14-1\Documents\Codex\2026-06-05\i-have-sem-images-i-chategorized\outputs\unlabeled_cropped_for_review\L8_22a2694f39462b1166428737d108f653_cropped.jpg,true,"(0, 0, 1024, 635)","(0, 635, 1024, 768)",Electrode,0.642814,close_up_line,0.308447,Bond-Pad-Array,0.013940,
C:\Users\kom-e14-1\OneDrive\MLTraining\project\microvision-ai\data\unlabeled_test_images\MEMS_devices_and_electrodes\L8_22f1a3d24940d87f48618370f77f85b8.jpg,C:\Users\kom-e14-1\Documents\Codex\2026-06-05\i-have-sem-images-i-chategorized\outputs\unlabeled_cropped_for_review\L8_22f1a3d24940d87f48618370f77f85b8_cropped.jpg,true,"(0, 0, 1024, 643)","(0, 643, 1024, 768)",3d_edge,0.998600,waveguide,0.000483,Electrode,0.000300,
C:\Users\kom-e14-1\OneDrive\MLTraining\project\microvision-ai\data\unlabeled_test_images\MEMS_devices_and_electrodes\L8_230da4a5262799193e70f612df45b497.jpg,C:\Users\kom-e14-1\Documents\Codex\2026-06-05\i-have-sem-images-i-chategorized\outputs\unlabeled_cropped_for_review\L8_230da4a5262799193e70f612df45b497_cropped.jpg,true,"(0, 0, 1024, 635)","(0, 635, 1024, 768)",3d_edge,0.948655,microfluidic,0.023127,waveguide,0.015100,
C:\Users\kom-e14-1\OneDrive\MLTraining\project\microvision-ai\data\unlabeled_test_images\MEMS_devices_and_electrodes\L8_2320561d5853e43f8713cd95a3c37137.jpg,C:\Users\kom-e14-1\Documents\Codex\2026-06-05\i-have-sem-images-i-chategorized\outputs\unlabeled_cropped_for_review\L8_2320561d5853e43f8713cd95a3c37137_cropped.jpg,true,"(0, 0, 1024, 607)","(0, 607, 1024, 768)",close_up_line,0.610159,Electrode,0.361432,Bond-Pad-Array,0.017721,
C:\Users\kom-e14-1\OneDrive\MLTraining\project\microvision-ai\data\unlabeled_test_images\MEMS_devices_and_electrodes\L8_232bcf9171850d27bb307fd35e5fb899.jpg,C:\Users\kom-e14-1\Documents\Codex\2026-06-05\i-have-sem-images-i-chategorized\outputs\unlabeled_cropped_for_review\L8_232bcf9171850d27bb307fd35e5fb899_cropped.jpg,true,"(0, 0, 1024, 659)","(0, 659, 1024, 768)",waveguide,0.425093,Bond-Pad-Array,0.263100,3d_edge,0.160477,
C:\Users\kom-e14-1\OneDrive\MLTraining\project\microvision-ai\data\unlabeled_test_images\MEMS_devices_and_electrodes\L8_233988b92cfcc12d939d252c7a7c2e3b.jpg,C:\Users\kom-e14-1\Documents\Codex\2026-06-05\i-have-sem-images-i-chategorized\outputs\unlabeled_cropped_for_review\L8_233988b92cfcc12d939d252c7a7c2e3b_cropped.jpg,true,"(0, 0, 1024, 607)","(0, 607, 1024, 768)",close_up_line,0.872319,Electrode,0.115725,cantilever,0.006723,
C:\Users\kom-e14-1\OneDrive\MLTraining\project\microvision-ai\data\unlabeled_test_images\MEMS_devices_and_electrodes\L8_233d3ddf9d1390b546694df2580c145a.jpg,C:\Users\kom-e14-1\Documents\Codex\2026-06-05\i-have-sem-images-i-chategorized\outputs\unlabeled_cropped_for_review\L8_233d3ddf9d1390b546694df2580c145a_cropped.jpg,true,"(0, 0, 1024, 635)","(0, 635, 1024, 768)",3d_edge,0.590336,Electrode,0.219617,close_up_line,0.169332,
C:\Users\kom-e14-1\OneDrive\MLTraining\project\microvision-ai\data\unlabeled_test_images\MEMS_devices_and_electrodes\L8_23446364c45b6bfe15a0c6bfa5a5645d.jpg,C:\Users\kom-e14-1\Documents\Codex\2026-06-05\i-have-sem-images-i-chategorized\outputs\unlabeled_cropped_for_review\L8_23446364c45b6bfe15a0c6bfa5a5645d_cropped.jpg,true,"(0, 0, 1024, 631)","(0, 631, 1024, 768)",3d_edge,0.971235,cantilever,0.025235,Electrode,0.001577,
C:\Users\kom-e14-1\OneDrive\MLTraining\project\microvision-ai\data\unlabeled_test_images\MEMS_devices_and_electrodes\L8_239290a9169bfc8eb611997e60a7b111.jpg,C:\Users\kom-e14-1\Documents\Codex\2026-06-05\i-have-sem-images-i-chategorized\outputs\unlabeled_cropped_for_review\L8_239290a9169bfc8eb611997e60a7b111_cropped.jpg,true,"(0, 0, 1024, 607)","(0, 607, 1024, 768)",Electrode,0.704729,close_up_line,0.274831,cantilever,0.009628,
C:\Users\kom-e14-1\OneDrive\MLTraining\project\microvision-ai\data\unlabeled_test_images\MEMS_devices_and_electrodes\L8_239882c43f2aa30661281aa936d01bbe.jpg,C:\Users\kom-e14-1\Documents\Codex\2026-06-05\i-have-sem-images-i-chategorized\outputs\unlabeled_cropped_for_review\L8_239882c43f2aa30661281aa936d01bbe_cropped.jpg,true,"(0, 0, 1024, 636)","(0, 636, 1024, 768)",3d_edge,0.951461,waveguide,0.034936,cantilever,0.007667,
C:\Users\kom-e14-1\OneDrive\MLTraining\project\microvision-ai\data\unlabeled_test_images\MEMS_devices_and_electrodes\L8_23e10affadcf70cc8c3dff032fb92d8f.jpg,C:\Users\kom-e14-1\Documents\Codex\2026-06-05\i-have-sem-images-i-chategorized\outputs\unlabeled_cropped_for_review\L8_23e10affadcf70cc8c3dff032fb92d8f_cropped.jpg,true,"(0, 0, 1024, 607)","(0, 607, 1024, 768)",close_up_line,0.974324,Electrode,0.014899,microfluidic,0.005606,
C:\Users\kom-e14-1\OneDrive\MLTraining\project\microvision-ai\data\unlabeled_test_images\MEMS_devices_and_electrodes\L8_240be224c0f0213bc168901aa26d0be1.jpg,C:\Users\kom-e14-1\Documents\Codex\2026-06-05\i-have-sem-images-i-chategorized\outputs\unlabeled_cropped_for_review\L8_240be224c0f0213bc168901aa26d0be1_cropped.jpg,true,"(0, 0, 1024, 607)","(0, 607, 1024, 768)",waveguide,0.970769,close_up_line,0.019260,Electrode,0.002714,
C:\Users\kom-e14-1\OneDrive\MLTraining\project\microvision-ai\data\unlabeled_test_images\MEMS_devices_and_electrodes\L8_24102c1529e7455f956cbf357e8fde64.jpg,C:\Users\kom-e14-1\Documents\Codex\2026-06-05\i-have-sem-images-i-chategorized\outputs\unlabeled_cropped_for_review\L8_24102c1529e7455f956cbf357e8fde64_cropped.jpg,true,"(0, 0, 1024, 554)","(0, 554, 1024, 768)",3d_edge,0.997869,cantilever,0.000936,waveguide,0.000681,
C:\Users\kom-e14-1\OneDrive\MLTraining\project\microvision-ai\data\unlabeled_test_images\MEMS_devices_and_electrodes\L8_2435f5d643a2e75d9cb660937fc0bca9.jpg,C:\Users\kom-e14-1\Documents\Codex\2026-06-05\i-have-sem-images-i-chategorized\outputs\unlabeled_cropped_for_review\L8_2435f5d643a2e75d9cb660937fc0bca9_cropped.jpg,true,"(0, 0, 1024, 630)","(0, 630, 1024, 768)",3d_edge,0.365683,close_up_line,0.246542,Electrode,0.127883,
C:\Users\kom-e14-1\OneDrive\MLTraining\project\microvision-ai\data\unlabeled_test_images\MEMS_devices_and_electrodes\L8_2439b4bba3412c70674f362fe0ca219c.jpg,C:\Users\kom-e14-1\Documents\Codex\2026-06-05\i-have-sem-images-i-chategorized\outputs\unlabeled_cropped_for_review\L8_2439b4bba3412c70674f362fe0ca219c_cropped.jpg,true,"(0, 0, 1024, 659)","(0, 659, 1024, 768)",Bond-Pad-Array,0.937526,waveguide,0.023492,3d_edge,0.018257,
C:\Users\kom-e14-1\OneDrive\MLTraining\project\microvision-ai\data\unlabeled_test_images\MEMS_devices_and_electrodes\L8_243d13771d4018bcfe68245ac111a242.jpg,C:\Users\kom-e14-1\Documents\Codex\2026-06-05\i-have-sem-images-i-chategorized\outputs\unlabeled_cropped_for_review\L8_243d13771d4018bcfe68245ac111a242_cropped.jpg,true,"(0, 0, 1024, 635)","(0, 635, 1024, 768)",3d_edge,0.964196,Electrode,0.013105,waveguide,0.010206,
C:\Users\kom-e14-1\OneDrive\MLTraining\project\microvision-ai\data\unlabeled_test_images\MEMS_devices_and_electrodes\L8_245730c790aacf29185d6662b8ea4a24.jpg,C:\Users\kom-e14-1\Documents\Codex\2026-06-05\i-have-sem-images-i-chategorized\outputs\unlabeled_cropped_for_review\L8_245730c790aacf29185d6662b8ea4a24_cropped.jpg,true,"(0, 0, 1024, 607)","(0, 607, 1024, 768)",waveguide,0.383878,close_up_line,0.364399,3d_edge,0.092535,
C:\Users\kom-e14-1\OneDrive\MLTraining\project\microvision-ai\data\unlabeled_test_images\MEMS_devices_and_electrodes\L8_247eeec8a57e1ebdfc0012eebb71ef21.jpg,C:\Users\kom-e14-1\Documents\Codex\2026-06-05\i-have-sem-images-i-chategorized\outputs\unlabeled_cropped_for_review\L8_247eeec8a57e1ebdfc0012eebb71ef21_cropped.jpg,true,"(0, 0, 1024, 499)","(0, 499, 1024, 768)",3d_edge,0.994010,waveguide,0.003167,cantilever,0.001455,
C:\Users\kom-e14-1\OneDrive\MLTraining\project\microvision-ai\data\unlabeled_test_images\MEMS_devices_and_electrodes\L8_2484571fc965d011ce3dca6925d7f1b0.jpg,C:\Users\kom-e14-1\Documents\Codex\2026-06-05\i-have-sem-images-i-chategorized\outputs\unlabeled_cropped_for_review\L8_2484571fc965d011ce3dca6925d7f1b0_cropped.jpg,true,"(0, 0, 1024, 607)","(0, 607, 1024, 768)",Electrode,0.824454,close_up_line,0.146145,cantilever,0.008554,
C:\Users\kom-e14-1\OneDrive\MLTraining\project\microvision-ai\data\unlabeled_test_images\MEMS_devices_and_electrodes\L8_24b6a44f27c1d9e34da796e58f8706ed.jpg,C:\Users\kom-e14-1\Documents\Codex\2026-06-05\i-have-sem-images-i-chategorized\outputs\unlabeled_cropped_for_review\L8_24b6a44f27c1d9e34da796e58f8706ed_cropped.jpg,true,"(0, 0, 1024, 635)","(0, 635, 1024, 768)",Bond-Pad-Array,0.905737,cantilever,0.020219,waveguide,0.017265,
C:\Users\kom-e14-1\OneDrive\MLTraining\project\microvision-ai\data\unlabeled_test_images\MEMS_devices_and_electrodes\L8_24d7d38682fb3541c3be4533427f13cc.jpg,C:\Users\kom-e14-1\Documents\Codex\2026-06-05\i-have-sem-images-i-chategorized\outputs\unlabeled_cropped_for_review\L8_24d7d38682fb3541c3be4533427f13cc_cropped.jpg,true,"(0, 0, 1024, 607)","(0, 607, 1024, 768)",close_up_line,0.846937,3d_edge,0.049453,Electrode,0.037527,
C:\Users\kom-e14-1\OneDrive\MLTraining\project\microvision-ai\data\unlabeled_test_images\MEMS_devices_and_electrodes\L8_24d83594619164bd3c2015507d2fec54.jpg,C:\Users\kom-e14-1\Documents\Codex\2026-06-05\i-have-sem-images-i-chategorized\outputs\unlabeled_cropped_for_review\L8_24d83594619164bd3c2015507d2fec54_cropped.jpg,true,"(0, 0, 1024, 607)","(0, 607, 1024, 768)",close_up_line,0.766334,Electrode,0.126108,Bond-Pad-Array,0.039603,
C:\Users\kom-e14-1\OneDrive\MLTraining\project\microvision-ai\data\unlabeled_test_images\MEMS_devices_and_electrodes\L8_24e8c49dd65a7b33f75c7ba6bc1509f5.jpg,C:\Users\kom-e14-1\Documents\Codex\2026-06-05\i-have-sem-images-i-chategorized\outputs\unlabeled_cropped_for_review\L8_24e8c49dd65a7b33f75c7ba6bc1509f5_cropped.jpg,true,"(0, 0, 1024, 658)","(0, 658, 1024, 768)",3d_edge,0.380788,cantilever,0.343590,Electrode,0.203950,
C:\Users\kom-e14-1\OneDrive\MLTraining\project\microvision-ai\data\unlabeled_test_images\MEMS_devices_and_electrodes\L8_2527756fd228ea42ca55c71284b92b15.jpg,C:\Users\kom-e14-1\Documents\Codex\2026-06-05\i-have-sem-images-i-chategorized\outputs\unlabeled_cropped_for_review\L8_2527756fd228ea42ca55c71284b92b15_cropped.jpg,true,"(0, 0, 1024, 635)","(0, 635, 1024, 768)",cantilever,0.228527,close_up_line,0.191191,waveguide,0.182051,
C:\Users\kom-e14-1\OneDrive\MLTraining\project\microvision-ai\data\unlabeled_test_images\MEMS_devices_and_electrodes\L8_255d103c84f908e5a43e8cb9b17954ae.jpg,C:\Users\kom-e14-1\Documents\Codex\2026-06-05\i-have-sem-images-i-chategorized\outputs\unlabeled_cropped_for_review\L8_255d103c84f908e5a43e8cb9b17954ae_cropped.jpg,true,"(0, 0, 1024, 635)","(0, 635, 1024, 768)",3d_edge,0.771176,waveguide,0.062723,Electrode,0.048102,
C:\Users\kom-e14-1\OneDrive\MLTraining\project\microvision-ai\data\unlabeled_test_images\MEMS_devices_and_electrodes\L8_25743b3e79f38f500382e2ca353a546e.jpg,C:\Users\kom-e14-1\Documents\Codex\2026-06-05\i-have-sem-images-i-chategorized\outputs\unlabeled_cropped_for_review\L8_25743b3e79f38f500382e2ca353a546e_cropped.jpg,true,"(0, 0, 1024, 504)","(0, 504, 1024, 768)",3d_edge,0.763132,close_up_line,0.177389,Electrode,0.032819,
C:\Users\kom-e14-1\OneDrive\MLTraining\project\microvision-ai\data\unlabeled_test_images\MEMS_devices_and_electrodes\L8_25746a565e1e86819e08dd90c74560dc.jpg,C:\Users\kom-e14-1\Documents\Codex\2026-06-05\i-have-sem-images-i-chategorized\outputs\unlabeled_cropped_for_review\L8_25746a565e1e86819e08dd90c74560dc_cropped.jpg,true,"(0, 0, 1024, 607)","(0, 607, 1024, 768)",close_up_line,0.853549,3d_edge,0.050060,waveguide,0.047381,
C:\Users\kom-e14-1\OneDrive\MLTraining\project\microvision-ai\data\unlabeled_test_images\MEMS_devices_and_electrodes\L8_2584111c7f8f1d4af4a7f4acfbcb7573.jpg,C:\Users\kom-e14-1\Documents\Codex\2026-06-05\i-have-sem-images-i-chategorized\outputs\unlabeled_cropped_for_review\L8_2584111c7f8f1d4af4a7f4acfbcb7573_cropped.jpg,true,"(0, 0, 1024, 607)","(0, 607, 1024, 768)",close_up_line,0.975882,Electrode,0.019136,Bond-Pad-Array,0.001898,
C:\Users\kom-e14-1\OneDrive\MLTraining\project\microvision-ai\data\unlabeled_test_images\MEMS_devices_and_electrodes\L8_25b53c21422ddd5de1f3284078a38b8f.jpg,C:\Users\kom-e14-1\Documents\Codex\2026-06-05\i-have-sem-images-i-chategorized\outputs\unlabeled_cropped_for_review\L8_25b53c21422ddd5de1f3284078a38b8f_cropped.jpg,true,"(0, 0, 1024, 637)","(0, 637, 1024, 768)",3d_edge,0.985465,microfluidic,0.007649,waveguide,0.002784,
C:\Users\kom-e14-1\OneDrive\MLTraining\project\microvision-ai\data\unlabeled_test_images\MEMS_devices_and_electrodes\L8_25b7cf3f2d7b3a27a09f8923d764e3b6.jpg,C:\Users\kom-e14-1\Documents\Codex\2026-06-05\i-have-sem-images-i-chategorized\outputs\unlabeled_cropped_for_review\L8_25b7cf3f2d7b3a27a09f8923d764e3b6_cropped.jpg,true,"(0, 0, 1024, 607)","(0, 607, 1024, 768)",microfluidic,0.303505,waveguide,0.243624,3d_edge,0.217951,
C:\Users\kom-e14-1\OneDrive\MLTraining\project\microvision-ai\data\unlabeled_test_images\MEMS_devices_and_electrodes\L8_25e9086773f33d0fc49da4774b976daa.jpg,C:\Users\kom-e14-1\Documents\Codex\2026-06-05\i-have-sem-images-i-chategorized\outputs\unlabeled_cropped_for_review\L8_25e9086773f33d0fc49da4774b976daa_cropped.jpg,true,"(0, 0, 1024, 607)","(0, 607, 1024, 768)",3d_edge,0.503385,waveguide,0.351064,close_up_line,0.049647,
C:\Users\kom-e14-1\OneDrive\MLTraining\project\microvision-ai\data\unlabeled_test_images\MEMS_devices_and_electrodes\L8_26056251271afa74ea5e6fbba3e674f7.jpg,C:\Users\kom-e14-1\Documents\Codex\2026-06-05\i-have-sem-images-i-chategorized\outputs\unlabeled_cropped_for_review\L8_26056251271afa74ea5e6fbba3e674f7_cropped.jpg,true,"(0, 0, 1024, 607)","(0, 607, 1024, 768)",Electrode,0.796450,close_up_line,0.150677,3d_edge,0.022796,
C:\Users\kom-e14-1\OneDrive\MLTraining\project\microvision-ai\data\unlabeled_test_images\MEMS_devices_and_electrodes\L8_264009a5d77fadddb2d0cf5ec9dd3192.jpg,C:\Users\kom-e14-1\Documents\Codex\2026-06-05\i-have-sem-images-i-chategorized\outputs\unlabeled_cropped_for_review\L8_264009a5d77fadddb2d0cf5ec9dd3192_cropped.jpg,true,"(0, 0, 1024, 579)","(0, 579, 1024, 768)",3d_edge,0.975929,Electrode,0.017301,microfluidic,0.003367,
C:\Users\kom-e14-1\OneDrive\MLTraining\project\microvision-ai\data\unlabeled_test_images\MEMS_devices_and_electrodes\L8_265578977640e8f8d3b4e8920b1a5e4c.jpg,C:\Users\kom-e14-1\Documents\Codex\2026-06-05\i-have-sem-images-i-chategorized\outputs\unlabeled_cropped_for_review\L8_265578977640e8f8d3b4e8920b1a5e4c_cropped.jpg,true,"(0, 0, 1024, 636)","(0, 636, 1024, 768)",3d_edge,0.974004,waveguide,0.006047,Electrode,0.005687,
C:\Users\kom-e14-1\OneDrive\MLTraining\project\microvision-ai\data\unlabeled_test_images\MEMS_devices_and_electrodes\L8_2664fbe07c7a979cd42da059cfe6ec1a.jpg,C:\Users\kom-e14-1\Documents\Codex\2026-06-05\i-have-sem-images-i-chategorized\outputs\unlabeled_cropped_for_review\L8_2664fbe07c7a979cd42da059cfe6ec1a_cropped.jpg,true,"(0, 0, 1024, 637)","(0, 637, 1024, 768)",3d_edge,0.856908,microfluidic,0.047690,Electrode,0.045700,
C:\Users\kom-e14-1\OneDrive\MLTraining\project\microvision-ai\data\unlabeled_test_images\MEMS_devices_and_electrodes\L8_26657ccf353f73b1c94e4aa4116cebdc.jpg,C:\Users\kom-e14-1\Documents\Codex\2026-06-05\i-have-sem-images-i-chategorized\outputs\unlabeled_cropped_for_review\L8_26657ccf353f73b1c94e4aa4116cebdc_cropped.jpg,true,"(0, 0, 1024, 635)","(0, 635, 1024, 768)",3d_edge,0.992114,close_up_line,0.002110,waveguide,0.002020,
C:\Users\kom-e14-1\OneDrive\MLTraining\project\microvision-ai\data\unlabeled_test_images\MEMS_devices_and_electrodes\L8_26ea9a94b0f441723827dc54a9dae884.jpg,C:\Users\kom-e14-1\Documents\Codex\2026-06-05\i-have-sem-images-i-chategorized\outputs\unlabeled_cropped_for_review\L8_26ea9a94b0f441723827dc54a9dae884_cropped.jpg,true,"(0, 0, 1024, 635)","(0, 635, 1024, 768)",microfluidic,0.754396,3d_edge,0.111329,cantilever,0.039967,
C:\Users\kom-e14-1\OneDrive\MLTraining\project\microvision-ai\data\unlabeled_test_images\MEMS_devices_and_electrodes\L8_26ee67ca8a6c09400e6b7b45939fd97f.jpg,C:\Users\kom-e14-1\Documents\Codex\2026-06-05\i-have-sem-images-i-chategorized\outputs\unlabeled_cropped_for_review\L8_26ee67ca8a6c09400e6b7b45939fd97f_cropped.jpg,true,"(0, 0, 1024, 607)","(0, 607, 1024, 768)",waveguide,0.731813,3d_edge,0.260850,cantilever,0.005603,
C:\Users\kom-e14-1\OneDrive\MLTraining\project\microvision-ai\data\unlabeled_test_images\MEMS_devices_and_electrodes\L8_270ac45df88a368364faac5335bf0132.jpg,C:\Users\kom-e14-1\Documents\Codex\2026-06-05\i-have-sem-images-i-chategorized\outputs\unlabeled_cropped_for_review\L8_270ac45df88a368364faac5335bf0132_cropped.jpg,true,"(0, 0, 1024, 607)","(0, 607, 1024, 768)",close_up_line,0.901932,Electrode,0.090716,microfluidic,0.003825,
C:\Users\kom-e14-1\OneDrive\MLTraining\project\microvision-ai\data\unlabeled_test_images\MEMS_devices_and_electrodes\L8_272fed7a30dabf45b634311294eca62f.jpg,C:\Users\kom-e14-1\Documents\Codex\2026-06-05\i-have-sem-images-i-chategorized\outputs\unlabeled_cropped_for_review\L8_272fed7a30dabf45b634311294eca62f_cropped.jpg,true,"(0, 0, 1024, 607)","(0, 607, 1024, 768)",close_up_line,0.819279,Electrode,0.087487,3d_edge,0.058225,
C:\Users\kom-e14-1\OneDrive\MLTraining\project\microvision-ai\data\unlabeled_test_images\MEMS_devices_and_electrodes\L8_273026b60777e61d85955f6720050eb9.jpg,C:\Users\kom-e14-1\Documents\Codex\2026-06-05\i-have-sem-images-i-chategorized\outputs\unlabeled_cropped_for_review\L8_273026b60777e61d85955f6720050eb9_cropped.jpg,true,"(0, 0, 1024, 636)","(0, 636, 1024, 768)",3d_edge,0.997020,microfluidic,0.001256,cantilever,0.000666,
C:\Users\kom-e14-1\OneDrive\MLTraining\project\microvision-ai\data\unlabeled_test_images\MEMS_devices_and_electrodes\L8_2739a4d59eca3fb00ffb294f772b567a.jpg,C:\Users\kom-e14-1\Documents\Codex\2026-06-05\i-have-sem-images-i-chategorized\outputs\unlabeled_cropped_for_review\L8_2739a4d59eca3fb00ffb294f772b567a_cropped.jpg,true,"(0, 0, 1024, 636)","(0, 636, 1024, 768)",3d_edge,0.744261,waveguide,0.225698,label,0.014097,
C:\Users\kom-e14-1\OneDrive\MLTraining\project\microvision-ai\data\unlabeled_test_images\MEMS_devices_and_electrodes\L8_27409af011a46ec37d4e7892772f0503.jpg,C:\Users\kom-e14-1\Documents\Codex\2026-06-05\i-have-sem-images-i-chategorized\outputs\unlabeled_cropped_for_review\L8_27409af011a46ec37d4e7892772f0503_cropped.jpg,true,"(0, 0, 1024, 636)","(0, 636, 1024, 768)",3d_edge,0.980325,waveguide,0.006601,microfluidic,0.005642,
C:\Users\kom-e14-1\OneDrive\MLTraining\project\microvision-ai\data\unlabeled_test_images\MEMS_devices_and_electrodes\L8_27687897396f26af07f210d66a6bceab.jpg,C:\Users\kom-e14-1\Documents\Codex\2026-06-05\i-have-sem-images-i-chategorized\outputs\unlabeled_cropped_for_review\L8_27687897396f26af07f210d66a6bceab_cropped.jpg,true,"(0, 0, 1024, 659)","(0, 659, 1024, 768)",Electrode,0.964657,close_up_line,0.011163,3d_edge,0.009684,
C:\Users\kom-e14-1\OneDrive\MLTraining\project\microvision-ai\data\unlabeled_test_images\MEMS_devices_and_electrodes\L8_276fc9dc7e5d7e3eaf49d9af04055e9a.jpg,C:\Users\kom-e14-1\Documents\Codex\2026-06-05\i-have-sem-images-i-chategorized\outputs\unlabeled_cropped_for_review\L8_276fc9dc7e5d7e3eaf49d9af04055e9a_cropped.jpg,true,"(0, 0, 1024, 641)","(0, 641, 1024, 768)",microfluidic,0.966647,3d_edge,0.026226,waveguide,0.003498,
C:\Users\kom-e14-1\OneDrive\MLTraining\project\microvision-ai\data\unlabeled_test_images\MEMS_devices_and_electrodes\L8_27751f35c4b3ff1a225a83be3198198a.jpg,C:\Users\kom-e14-1\Documents\Codex\2026-06-05\i-have-sem-images-i-chategorized\outputs\unlabeled_cropped_for_review\L8_27751f35c4b3ff1a225a83be3198198a_cropped.jpg,true,"(0, 0, 1024, 607)","(0, 607, 1024, 768)",close_up_line,0.726926,Electrode,0.247649,3d_edge,0.012858,
C:\Users\kom-e14-1\OneDrive\MLTraining\project\microvision-ai\data\unlabeled_test_images\MEMS_devices_and_electrodes\L8_278a1ef68e2fa9bbb3232800b31724ad.jpg,C:\Users\kom-e14-1\Documents\Codex\2026-06-05\i-have-sem-images-i-chategorized\outputs\unlabeled_cropped_for_review\L8_278a1ef68e2fa9bbb3232800b31724ad_cropped.jpg,true,"(0, 0, 1024, 635)","(0, 635, 1024, 768)",3d_edge,0.998524,microfluidic,0.000697,waveguide,0.000259,
C:\Users\kom-e14-1\OneDrive\MLTraining\project\microvision-ai\data\unlabeled_test_images\MEMS_devices_and_electrodes\L8_27b07ab29fdc600471c6e533c37ec15c.jpg,C:\Users\kom-e14-1\Documents\Codex\2026-06-05\i-have-sem-images-i-chategorized\outputs\unlabeled_cropped_for_review\L8_27b07ab29fdc600471c6e533c37ec15c_cropped.jpg,true,"(0, 0, 1024, 635)","(0, 635, 1024, 768)",waveguide,0.972169,3d_edge,0.023854,cantilever,0.001568,
C:\Users\kom-e14-1\OneDrive\MLTraining\project\microvision-ai\data\unlabeled_test_images\MEMS_devices_and_electrodes\L8_27b187e4680b7fdf3e9ec6ab7e82c564.jpg,C:\Users\kom-e14-1\Documents\Codex\2026-06-05\i-have-sem-images-i-chategorized\outputs\unlabeled_cropped_for_review\L8_27b187e4680b7fdf3e9ec6ab7e82c564_cropped.jpg,true,"(0, 0, 1024, 643)","(0, 643, 1024, 768)",3d_edge,0.364371,cantilever,0.317140,waveguide,0.159548,
C:\Users\kom-e14-1\OneDrive\MLTraining\project\microvision-ai\data\unlabeled_test_images\MEMS_devices_and_electrodes\L8_27cce772e77e7336a1437da95cef8441.jpg,C:\Users\kom-e14-1\Documents\Codex\2026-06-05\i-have-sem-images-i-chategorized\outputs\unlabeled_cropped_for_review\L8_27cce772e77e7336a1437da95cef8441_cropped.jpg,true,"(0, 0, 1024, 635)","(0, 635, 1024, 768)",3d_edge,0.859764,waveguide,0.096015,microfluidic,0.018620,
C:\Users\kom-e14-1\OneDrive\MLTraining\project\microvision-ai\data\unlabeled_test_images\MEMS_devices_and_electrodes\L8_27f2dbc026c135400fa08de6d0f1e2bf.jpg,C:\Users\kom-e14-1\Documents\Codex\2026-06-05\i-have-sem-images-i-chategorized\outputs\unlabeled_cropped_for_review\L8_27f2dbc026c135400fa08de6d0f1e2bf_cropped.jpg,true,"(0, 0, 1024, 635)","(0, 635, 1024, 768)",3d_edge,0.998799,microfluidic,0.000358,close_up_line,0.000317,
C:\Users\kom-e14-1\OneDrive\MLTraining\project\microvision-ai\data\unlabeled_test_images\MEMS_devices_and_electrodes\L8_28288aaec5f5037a13ecc8fb8009f945.jpg,C:\Users\kom-e14-1\Documents\Codex\2026-06-05\i-have-sem-images-i-chategorized\outputs\unlabeled_cropped_for_review\L8_28288aaec5f5037a13ecc8fb8009f945_cropped.jpg,true,"(0, 0, 1024, 636)","(0, 636, 1024, 768)",3d_edge,0.977696,microfluidic,0.005798,close_up_line,0.004828,
C:\Users\kom-e14-1\OneDrive\MLTraining\project\microvision-ai\data\unlabeled_test_images\MEMS_devices_and_electrodes\L8_284e65fd89a3458361b3ad388b90f9e9.jpg,C:\Users\kom-e14-1\Documents\Codex\2026-06-05\i-have-sem-images-i-chategorized\outputs\unlabeled_cropped_for_review\L8_284e65fd89a3458361b3ad388b90f9e9_cropped.jpg,true,"(0, 0, 1024, 635)","(0, 635, 1024, 768)",3d_edge,0.986961,microfluidic,0.007078,waveguide,0.002892,
C:\Users\kom-e14-1\OneDrive\MLTraining\project\microvision-ai\data\unlabeled_test_images\MEMS_devices_and_electrodes\L8_2872d7197a25f851a12bf70316cdbd6e.jpg,C:\Users\kom-e14-1\Documents\Codex\2026-06-05\i-have-sem-images-i-chategorized\outputs\unlabeled_cropped_for_review\L8_2872d7197a25f851a12bf70316cdbd6e_cropped.jpg,true,"(0, 0, 1024, 607)","(0, 607, 1024, 768)",3d_edge,0.788135,waveguide,0.179618,cantilever,0.012640,
C:\Users\kom-e14-1\OneDrive\MLTraining\project\microvision-ai\data\unlabeled_test_images\MEMS_devices_and_electrodes\L8_2881d6db79869534b83d50655b8bd8f9.jpg,C:\Users\kom-e14-1\Documents\Codex\2026-06-05\i-have-sem-images-i-chategorized\outputs\unlabeled_cropped_for_review\L8_2881d6db79869534b83d50655b8bd8f9_cropped.jpg,true,"(0, 0, 1024, 636)","(0, 636, 1024, 768)",3d_edge,0.518236,microfluidic,0.328794,Electrode,0.081443,
C:\Users\kom-e14-1\OneDrive\MLTraining\project\microvision-ai\data\unlabeled_test_images\MEMS_devices_and_electrodes\L8_2886c1f78bb27844bcab0f3f7a442779.jpg,C:\Users\kom-e14-1\Documents\Codex\2026-06-05\i-have-sem-images-i-chategorized\outputs\unlabeled_cropped_for_review\L8_2886c1f78bb27844bcab0f3f7a442779_cropped.jpg,true,"(0, 0, 1024, 535)","(0, 535, 1024, 768)",3d_edge,0.643553,close_up_line,0.146427,waveguide,0.101440,
C:\Users\kom-e14-1\OneDrive\MLTraining\project\microvision-ai\data\unlabeled_test_images\MEMS_devices_and_electrodes\L8_28a726b1e215fa78c5a6c7122461a3c2.jpg,C:\Users\kom-e14-1\Documents\Codex\2026-06-05\i-have-sem-images-i-chategorized\outputs\unlabeled_cropped_for_review\L8_28a726b1e215fa78c5a6c7122461a3c2_cropped.jpg,true,"(0, 0, 1024, 594)","(0, 594, 1024, 768)",3d_edge,0.388989,close_up_line,0.224337,Electrode,0.132587,
C:\Users\kom-e14-1\OneDrive\MLTraining\project\microvision-ai\data\unlabeled_test_images\MEMS_devices_and_electrodes\L8_28ccb94d81d559a2ad633b0d7aff8229.jpg,C:\Users\kom-e14-1\Documents\Codex\2026-06-05\i-have-sem-images-i-chategorized\outputs\unlabeled_cropped_for_review\L8_28ccb94d81d559a2ad633b0d7aff8229_cropped.jpg,true,"(0, 0, 1024, 499)","(0, 499, 1024, 768)",3d_edge,0.986851,waveguide,0.005558,cantilever,0.003549,
C:\Users\kom-e14-1\OneDrive\MLTraining\project\microvision-ai\data\unlabeled_test_images\MEMS_devices_and_electrodes\L8_293a118693e3c2d939a265e2d5d2e998.jpg,C:\Users\kom-e14-1\Documents\Codex\2026-06-05\i-have-sem-images-i-chategorized\outputs\unlabeled_cropped_for_review\L8_293a118693e3c2d939a265e2d5d2e998_cropped.jpg,true,"(0, 0, 1024, 635)","(0, 635, 1024, 768)",3d_edge,0.516382,waveguide,0.410165,cantilever,0.036238,
C:\Users\kom-e14-1\OneDrive\MLTraining\project\microvision-ai\data\unlabeled_test_images\MEMS_devices_and_electrodes\L8_29958be1f40501869070165128b0394e.jpg,C:\Users\kom-e14-1\Documents\Codex\2026-06-05\i-have-sem-images-i-chategorized\outputs\unlabeled_cropped_for_review\L8_29958be1f40501869070165128b0394e_cropped.jpg,true,"(0, 0, 1024, 499)","(0, 499, 1024, 768)",3d_edge,0.994651,waveguide,0.003708,cantilever,0.000568,
C:\Users\kom-e14-1\OneDrive\MLTraining\project\microvision-ai\data\unlabeled_test_images\MEMS_devices_and_electrodes\L8_2996ddf389028aee4e00a32d4e0da74e.jpg,C:\Users\kom-e14-1\Documents\Codex\2026-06-05\i-have-sem-images-i-chategorized\outputs\unlabeled_cropped_for_review\L8_2996ddf389028aee4e00a32d4e0da74e_cropped.jpg,true,"(0, 0, 1024, 631)","(0, 631, 1024, 768)",3d_edge,0.972013,waveguide,0.012762,close_up_line,0.008942,
C:\Users\kom-e14-1\OneDrive\MLTraining\project\microvision-ai\data\unlabeled_test_images\MEMS_devices_and_electrodes\L8_29e72035da5aff256434f9a08c184674.jpg,C:\Users\kom-e14-1\Documents\Codex\2026-06-05\i-have-sem-images-i-chategorized\outputs\unlabeled_cropped_for_review\L8_29e72035da5aff256434f9a08c184674_cropped.jpg,true,"(0, 0, 1024, 544)","(0, 544, 1024, 768)",3d_edge,0.993915,microfluidic,0.004745,close_up_line,0.000487,
C:\Users\kom-e14-1\OneDrive\MLTraining\project\microvision-ai\data\unlabeled_test_images\MEMS_devices_and_electrodes\L8_2a048a57cc51580e93d193dd55a83e16.jpg,C:\Users\kom-e14-1\Documents\Codex\2026-06-05\i-have-sem-images-i-chategorized\outputs\unlabeled_cropped_for_review\L8_2a048a57cc51580e93d193dd55a83e16_cropped.jpg,true,"(0, 0, 1024, 607)","(0, 607, 1024, 768)",Electrode,0.673430,close_up_line,0.153601,3d_edge,0.145333,
C:\Users\kom-e14-1\OneDrive\MLTraining\project\microvision-ai\data\unlabeled_test_images\MEMS_devices_and_electrodes\L8_2a294767823c0ef08c8b0c513d415e57.jpg,C:\Users\kom-e14-1\Documents\Codex\2026-06-05\i-have-sem-images-i-chategorized\outputs\unlabeled_cropped_for_review\L8_2a294767823c0ef08c8b0c513d415e57_cropped.jpg,true,"(0, 0, 1024, 607)","(0, 607, 1024, 768)",Electrode,0.919352,close_up_line,0.075052,3d_edge,0.002662,
C:\Users\kom-e14-1\OneDrive\MLTraining\project\microvision-ai\data\unlabeled_test_images\MEMS_devices_and_electrodes\L8_2a4fe97688e7e81cda533380362a6e7a.jpg,C:\Users\kom-e14-1\Documents\Codex\2026-06-05\i-have-sem-images-i-chategorized\outputs\unlabeled_cropped_for_review\L8_2a4fe97688e7e81cda533380362a6e7a_cropped.jpg,true,"(0, 0, 1024, 607)","(0, 607, 1024, 768)",close_up_line,0.502023,Electrode,0.433063,3d_edge,0.039935,
C:\Users\kom-e14-1\OneDrive\MLTraining\project\microvision-ai\data\unlabeled_test_images\MEMS_devices_and_electrodes\L8_2a530d35250af9d3e8e9823fa95855d7.jpg,C:\Users\kom-e14-1\Documents\Codex\2026-06-05\i-have-sem-images-i-chategorized\outputs\unlabeled_cropped_for_review\L8_2a530d35250af9d3e8e9823fa95855d7_cropped.jpg,true,"(0, 0, 1024, 635)","(0, 635, 1024, 768)",waveguide,0.547405,3d_edge,0.366163,cantilever,0.038727,
C:\Users\kom-e14-1\OneDrive\MLTraining\project\microvision-ai\data\unlabeled_test_images\MEMS_devices_and_electrodes\L8_2a767c412be20bff953a06733d208cf5.jpg,C:\Users\kom-e14-1\Documents\Codex\2026-06-05\i-have-sem-images-i-chategorized\outputs\unlabeled_cropped_for_review\L8_2a767c412be20bff953a06733d208cf5_cropped.jpg,true,"(0, 0, 1024, 607)","(0, 607, 1024, 768)",close_up_line,0.704561,3d_edge,0.148813,Electrode,0.081873,
C:\Users\kom-e14-1\OneDrive\MLTraining\project\microvision-ai\data\unlabeled_test_images\MEMS_devices_and_electrodes\L8_2a82ed73e57022a1cdfff26a739bfe96.jpg,C:\Users\kom-e14-1\Documents\Codex\2026-06-05\i-have-sem-images-i-chategorized\outputs\unlabeled_cropped_for_review\L8_2a82ed73e57022a1cdfff26a739bfe96_cropped.jpg,true,"(0, 0, 1024, 594)","(0, 594, 1024, 768)",Electrode,0.540904,close_up_line,0.203659,3d_edge,0.142860,
C:\Users\kom-e14-1\OneDrive\MLTraining\project\microvision-ai\data\unlabeled_test_images\MEMS_devices_and_electrodes\L8_2adf49cc5253666be111a20ee456fd90.jpg,C:\Users\kom-e14-1\Documents\Codex\2026-06-05\i-have-sem-images-i-chategorized\outputs\unlabeled_cropped_for_review\L8_2adf49cc5253666be111a20ee456fd90_cropped.jpg,true,"(0, 0, 1024, 607)","(0, 607, 1024, 768)",microfluidic,0.514128,3d_edge,0.311837,waveguide,0.076719,
C:\Users\kom-e14-1\OneDrive\MLTraining\project\microvision-ai\data\unlabeled_test_images\MEMS_devices_and_electrodes\L8_2afe061ff2b83b421e57665329f5efdd.jpg,C:\Users\kom-e14-1\Documents\Codex\2026-06-05\i-have-sem-images-i-chategorized\outputs\unlabeled_cropped_for_review\L8_2afe061ff2b83b421e57665329f5efdd_cropped.jpg,true,"(0, 0, 1024, 635)","(0, 635, 1024, 768)",3d_edge,0.895062,waveguide,0.049217,close_up_line,0.015112,
C:\Users\kom-e14-1\OneDrive\MLTraining\project\microvision-ai\data\unlabeled_test_images\MEMS_devices_and_electrodes\L8_2b0affbe91b5eb7ea7a53e446d43e29d.jpg,C:\Users\kom-e14-1\Documents\Codex\2026-06-05\i-have-sem-images-i-chategorized\outputs\unlabeled_cropped_for_review\L8_2b0affbe91b5eb7ea7a53e446d43e29d_cropped.jpg,true,"(0, 0, 1024, 607)","(0, 607, 1024, 768)",3d_edge,0.515623,close_up_line,0.201551,waveguide,0.132493,
C:\Users\kom-e14-1\OneDrive\MLTraining\project\microvision-ai\data\unlabeled_test_images\MEMS_devices_and_electrodes\L8_2b74b50130c1d44d664b6f53b53523f7.jpg,C:\Users\kom-e14-1\Documents\Codex\2026-06-05\i-have-sem-images-i-chategorized\outputs\unlabeled_cropped_for_review\L8_2b74b50130c1d44d664b6f53b53523f7_cropped.jpg,true,"(0, 0, 1024, 635)","(0, 635, 1024, 768)",close_up_line,0.695861,Electrode,0.136703,microfluidic,0.078715,
C:\Users\kom-e14-1\OneDrive\MLTraining\project\microvision-ai\data\unlabeled_test_images\MEMS_devices_and_electrodes\L8_2b90c8a7e72ba74c5acf86a0751fe593.jpg,C:\Users\kom-e14-1\Documents\Codex\2026-06-05\i-have-sem-images-i-chategorized\outputs\unlabeled_cropped_for_review\L8_2b90c8a7e72ba74c5acf86a0751fe593_cropped.jpg,true,"(0, 0, 1024, 647)","(0, 647, 1024, 768)",3d_edge,0.569940,microfluidic,0.159468,close_up_line,0.098803,
C:\Users\kom-e14-1\OneDrive\MLTraining\project\microvision-ai\data\unlabeled_test_images\MEMS_devices_and_electrodes\L8_2ba040ee04bf3d629179d1083e4d6ecc.jpg,C:\Users\kom-e14-1\Documents\Codex\2026-06-05\i-have-sem-images-i-chategorized\outputs\unlabeled_cropped_for_review\L8_2ba040ee04bf3d629179d1083e4d6ecc_cropped.jpg,true,"(0, 0, 1024, 691)","(0, 691, 1024, 768)",3d_edge,0.984360,waveguide,0.009562,close_up_line,0.002000,
C:\Users\kom-e14-1\OneDrive\MLTraining\project\microvision-ai\data\unlabeled_test_images\MEMS_devices_and_electrodes\L8_2bb6b85c42a87f28058e4f41b40bd322.jpg,C:\Users\kom-e14-1\Documents\Codex\2026-06-05\i-have-sem-images-i-chategorized\outputs\unlabeled_cropped_for_review\L8_2bb6b85c42a87f28058e4f41b40bd322_cropped.jpg,true,"(0, 0, 1024, 641)","(0, 641, 1024, 768)",3d_edge,0.962853,waveguide,0.011596,close_up_line,0.010501,
C:\Users\kom-e14-1\OneDrive\MLTraining\project\microvision-ai\data\unlabeled_test_images\MEMS_devices_and_electrodes\L8_2bb7763dd330a1540fedca59eec5b49a.jpg,C:\Users\kom-e14-1\Documents\Codex\2026-06-05\i-have-sem-images-i-chategorized\outputs\unlabeled_cropped_for_review\L8_2bb7763dd330a1540fedca59eec5b49a_cropped.jpg,true,"(0, 0, 1024, 663)","(0, 663, 1024, 768)",3d_edge,0.912379,waveguide,0.043982,close_up_line,0.021525,
C:\Users\kom-e14-1\OneDrive\MLTraining\project\microvision-ai\data\unlabeled_test_images\MEMS_devices_and_electrodes\L8_2bc085ade7e0b05c40c61400f9cde7a3.jpg,C:\Users\kom-e14-1\Documents\Codex\2026-06-05\i-have-sem-images-i-chategorized\outputs\unlabeled_cropped_for_review\L8_2bc085ade7e0b05c40c61400f9cde7a3_cropped.jpg,true,"(0, 0, 1024, 630)","(0, 630, 1024, 768)",microfluidic,0.940797,Electrode,0.024069,3d_edge,0.014259,
C:\Users\kom-e14-1\OneDrive\MLTraining\project\microvision-ai\data\unlabeled_test_images\MEMS_devices_and_electrodes\L8_2bd6a9e3e4e3494e6ee6cd922f99eaef.jpg,C:\Users\kom-e14-1\Documents\Codex\2026-06-05\i-have-sem-images-i-chategorized\outputs\unlabeled_cropped_for_review\L8_2bd6a9e3e4e3494e6ee6cd922f99eaef_cropped.jpg,true,"(0, 0, 1024, 607)","(0, 607, 1024, 768)",close_up_line,0.335308,Electrode,0.278936,microfluidic,0.194516,
C:\Users\kom-e14-1\OneDrive\MLTraining\project\microvision-ai\data\unlabeled_test_images\MEMS_devices_and_electrodes\L8_2bf575b61cd186ddba6894f55994e17a.jpg,C:\Users\kom-e14-1\Documents\Codex\2026-06-05\i-have-sem-images-i-chategorized\outputs\unlabeled_cropped_for_review\L8_2bf575b61cd186ddba6894f55994e17a_cropped.jpg,true,"(0, 0, 1024, 607)","(0, 607, 1024, 768)",close_up_line,0.760430,Electrode,0.171032,microfluidic,0.026897,
C:\Users\kom-e14-1\OneDrive\MLTraining\project\microvision-ai\data\unlabeled_test_images\MEMS_devices_and_electrodes\L8_2c0cfced59b629ddcca3ec9f8ce4c777.jpg,C:\Users\kom-e14-1\Documents\Codex\2026-06-05\i-have-sem-images-i-chategorized\outputs\unlabeled_cropped_for_review\L8_2c0cfced59b629ddcca3ec9f8ce4c777_cropped.jpg,true,"(0, 0, 1024, 607)","(0, 607, 1024, 768)",3d_edge,0.753865,waveguide,0.071664,close_up_line,0.051940,
C:\Users\kom-e14-1\OneDrive\MLTraining\project\microvision-ai\data\unlabeled_test_images\MEMS_devices_and_electrodes\L8_2c294b4ec09acf9df9acbb3748c40d3c.jpg,C:\Users\kom-e14-1\Documents\Codex\2026-06-05\i-have-sem-images-i-chategorized\outputs\unlabeled_cropped_for_review\L8_2c294b4ec09acf9df9acbb3748c40d3c_cropped.jpg,true,"(0, 0, 1024, 639)","(0, 639, 1024, 768)",Electrode,0.421134,close_up_line,0.355906,cantilever,0.068692,
C:\Users\kom-e14-1\OneDrive\MLTraining\project\microvision-ai\data\unlabeled_test_images\MEMS_devices_and_electrodes\L8_2c2e8b14a86cee787b5855056876c57a.jpg,C:\Users\kom-e14-1\Documents\Codex\2026-06-05\i-have-sem-images-i-chategorized\outputs\unlabeled_cropped_for_review\L8_2c2e8b14a86cee787b5855056876c57a_cropped.jpg,true,"(0, 0, 1024, 658)","(0, 658, 1024, 768)",waveguide,0.873080,3d_edge,0.078284,close_up_line,0.018760,
C:\Users\kom-e14-1\OneDrive\MLTraining\project\microvision-ai\data\unlabeled_test_images\MEMS_devices_and_electrodes\L8_2c64deeed799c8af32038ebeaaac1d17.jpg,C:\Users\kom-e14-1\Documents\Codex\2026-06-05\i-have-sem-images-i-chategorized\outputs\unlabeled_cropped_for_review\L8_2c64deeed799c8af32038ebeaaac1d17_cropped.jpg,true,"(0, 0, 1024, 607)","(0, 607, 1024, 768)",3d_edge,0.508747,Electrode,0.248659,close_up_line,0.091961,
C:\Users\kom-e14-1\OneDrive\MLTraining\project\microvision-ai\data\unlabeled_test_images\MEMS_devices_and_electrodes\L8_2c67b37e344ea53a6ae1b616bc403da5.jpg,C:\Users\kom-e14-1\Documents\Codex\2026-06-05\i-have-sem-images-i-chategorized\outputs\unlabeled_cropped_for_review\L8_2c67b37e344ea53a6ae1b616bc403da5_cropped.jpg,true,"(0, 0, 1024, 635)","(0, 635, 1024, 768)",cantilever,0.646809,waveguide,0.141650,3d_edge,0.081911,
C:\Users\kom-e14-1\OneDrive\MLTraining\project\microvision-ai\data\unlabeled_test_images\MEMS_devices_and_electrodes\L8_2c7de373b0384364edb2b9d32b62321e.jpg,C:\Users\kom-e14-1\Documents\Codex\2026-06-05\i-have-sem-images-i-chategorized\outputs\unlabeled_cropped_for_review\L8_2c7de373b0384364edb2b9d32b62321e_cropped.jpg,true,"(0, 0, 1024, 635)","(0, 635, 1024, 768)",3d_edge,0.972968,waveguide,0.015736,cantilever,0.005661,
C:\Users\kom-e14-1\OneDrive\MLTraining\project\microvision-ai\data\unlabeled_test_images\MEMS_devices_and_electrodes\L8_2c7e2f5c84dfef08197de9aa9bf0a1f5.jpg,C:\Users\kom-e14-1\Documents\Codex\2026-06-05\i-have-sem-images-i-chategorized\outputs\unlabeled_cropped_for_review\L8_2c7e2f5c84dfef08197de9aa9bf0a1f5_cropped.jpg,true,"(0, 0, 1024, 514)","(0, 514, 1024, 768)",3d_edge,0.952089,waveguide,0.022423,Electrode,0.012176,
C:\Users\kom-e14-1\OneDrive\MLTraining\project\microvision-ai\data\unlabeled_test_images\MEMS_devices_and_electrodes\L8_2c7ed3e5ee2bc58d1883eafd0012d515.jpg,C:\Users\kom-e14-1\Documents\Codex\2026-06-05\i-have-sem-images-i-chategorized\outputs\unlabeled_cropped_for_review\L8_2c7ed3e5ee2bc58d1883eafd0012d515_cropped.jpg,true,"(0, 0, 1024, 499)","(0, 499, 1024, 768)",3d_edge,0.991325,microfluidic,0.005457,cantilever,0.001508,
C:\Users\kom-e14-1\OneDrive\MLTraining\project\microvision-ai\data\unlabeled_test_images\MEMS_devices_and_electrodes\L8_2c899446ead68d3460c84d205b8edec7.jpg,C:\Users\kom-e14-1\Documents\Codex\2026-06-05\i-have-sem-images-i-chategorized\outputs\unlabeled_cropped_for_review\L8_2c899446ead68d3460c84d205b8edec7_cropped.jpg,true,"(0, 0, 1024, 607)","(0, 607, 1024, 768)",close_up_line,0.702334,3d_edge,0.152965,Electrode,0.082504,
C:\Users\kom-e14-1\OneDrive\MLTraining\project\microvision-ai\data\unlabeled_test_images\MEMS_devices_and_electrodes\L8_2cb27d5bc2b0aa0f4a9c1a1a92ae6e88.jpg,C:\Users\kom-e14-1\Documents\Codex\2026-06-05\i-have-sem-images-i-chategorized\outputs\unlabeled_cropped_for_review\L8_2cb27d5bc2b0aa0f4a9c1a1a92ae6e88_cropped.jpg,true,"(0, 0, 1024, 542)","(0, 542, 1024, 768)",3d_edge,0.825467,microfluidic,0.081157,close_up_line,0.047542,
C:\Users\kom-e14-1\OneDrive\MLTraining\project\microvision-ai\data\unlabeled_test_images\MEMS_devices_and_electrodes\L8_2cd957274dc5fe196fcc1f75a6237816.jpg,C:\Users\kom-e14-1\Documents\Codex\2026-06-05\i-have-sem-images-i-chategorized\outputs\unlabeled_cropped_for_review\L8_2cd957274dc5fe196fcc1f75a6237816_cropped.jpg,true,"(0, 0, 1024, 607)","(0, 607, 1024, 768)",Electrode,0.597561,close_up_line,0.353675,3d_edge,0.016067,
C:\Users\kom-e14-1\OneDrive\MLTraining\project\microvision-ai\data\unlabeled_test_images\MEMS_devices_and_electrodes\L8_2d04759290ea3215814236040e70a960.jpg,C:\Users\kom-e14-1\Documents\Codex\2026-06-05\i-have-sem-images-i-chategorized\outputs\unlabeled_cropped_for_review\L8_2d04759290ea3215814236040e70a960_cropped.jpg,true,"(0, 0, 1024, 530)","(0, 530, 1024, 768)",3d_edge,0.993919,microfluidic,0.002701,close_up_line,0.001301,
C:\Users\kom-e14-1\OneDrive\MLTraining\project\microvision-ai\data\unlabeled_test_images\MEMS_devices_and_electrodes\L8_2d1495d7e16ea1546d7a882b7e67a1d1.jpg,C:\Users\kom-e14-1\Documents\Codex\2026-06-05\i-have-sem-images-i-chategorized\outputs\unlabeled_cropped_for_review\L8_2d1495d7e16ea1546d7a882b7e67a1d1_cropped.jpg,true,"(0, 0, 1024, 636)","(0, 636, 1024, 768)",3d_edge,0.992330,waveguide,0.002901,cantilever,0.002005,
C:\Users\kom-e14-1\OneDrive\MLTraining\project\microvision-ai\data\unlabeled_test_images\MEMS_devices_and_electrodes\L8_2d53f09926263764042725bd8dfef353.jpg,C:\Users\kom-e14-1\Documents\Codex\2026-06-05\i-have-sem-images-i-chategorized\outputs\unlabeled_cropped_for_review\L8_2d53f09926263764042725bd8dfef353_cropped.jpg,true,"(0, 0, 1024, 636)","(0, 636, 1024, 768)",3d_edge,0.995730,Electrode,0.001343,waveguide,0.001131,
C:\Users\kom-e14-1\OneDrive\MLTraining\project\microvision-ai\data\unlabeled_test_images\MEMS_devices_and_electrodes\L8_2d5e39305f10d7713f83c4f3a0f9de0d.jpg,C:\Users\kom-e14-1\Documents\Codex\2026-06-05\i-have-sem-images-i-chategorized\outputs\unlabeled_cropped_for_review\L8_2d5e39305f10d7713f83c4f3a0f9de0d_cropped.jpg,true,"(0, 0, 1024, 607)","(0, 607, 1024, 768)",close_up_line,0.763852,Electrode,0.214805,3d_edge,0.010813,
C:\Users\kom-e14-1\OneDrive\MLTraining\project\microvision-ai\data\unlabeled_test_images\MEMS_devices_and_electrodes\L8_2d74ca0c03b829d6f1ea9066bcab9196.jpg,C:\Users\kom-e14-1\Documents\Codex\2026-06-05\i-have-sem-images-i-chategorized\outputs\unlabeled_cropped_for_review\L8_2d74ca0c03b829d6f1ea9066bcab9196_cropped.jpg,true,"(0, 0, 1024, 607)","(0, 607, 1024, 768)",waveguide,0.646196,microfluidic,0.211551,close_up_line,0.091242,
C:\Users\kom-e14-1\OneDrive\MLTraining\project\microvision-ai\data\unlabeled_test_images\MEMS_devices_and_electrodes\L8_2dea63f8d7832acb56f5de3d57807e17.jpg,C:\Users\kom-e14-1\Documents\Codex\2026-06-05\i-have-sem-images-i-chategorized\outputs\unlabeled_cropped_for_review\L8_2dea63f8d7832acb56f5de3d57807e17_cropped.jpg,true,"(0, 0, 1024, 616)","(0, 616, 1024, 768)",waveguide,0.932036,3d_edge,0.041545,microfluidic,0.010152,
C:\Users\kom-e14-1\OneDrive\MLTraining\project\microvision-ai\data\unlabeled_test_images\MEMS_devices_and_electrodes\L8_2df238a5cebbf9fe680a02eb66cab753.jpg,C:\Users\kom-e14-1\Documents\Codex\2026-06-05\i-have-sem-images-i-chategorized\outputs\unlabeled_cropped_for_review\L8_2df238a5cebbf9fe680a02eb66cab753_cropped.jpg,true,"(0, 0, 1024, 635)","(0, 635, 1024, 768)",3d_edge,0.932943,microfluidic,0.029831,waveguide,0.014934,
C:\Users\kom-e14-1\OneDrive\MLTraining\project\microvision-ai\data\unlabeled_test_images\MEMS_devices_and_electrodes\L8_2dfba4ca77ea29a54b99e71b4123dfc1.jpg,C:\Users\kom-e14-1\Documents\Codex\2026-06-05\i-have-sem-images-i-chategorized\outputs\unlabeled_cropped_for_review\L8_2dfba4ca77ea29a54b99e71b4123dfc1_cropped.jpg,true,"(0, 0, 1024, 647)","(0, 647, 1024, 768)",3d_edge,0.981742,microfluidic,0.007631,cantilever,0.004496,
C:\Users\kom-e14-1\OneDrive\MLTraining\project\microvision-ai\data\unlabeled_test_images\MEMS_devices_and_electrodes\L8_2e0d2627140fb2ff6035e573a6c5c6b3.jpg,C:\Users\kom-e14-1\Documents\Codex\2026-06-05\i-have-sem-images-i-chategorized\outputs\unlabeled_cropped_for_review\L8_2e0d2627140fb2ff6035e573a6c5c6b3_cropped.jpg,true,"(0, 0, 1024, 637)","(0, 637, 1024, 768)",3d_edge,0.801117,microfluidic,0.138052,cantilever,0.016341,
C:\Users\kom-e14-1\OneDrive\MLTraining\project\microvision-ai\data\unlabeled_test_images\MEMS_devices_and_electrodes\L8_2e44fa86144b671c6a6bda7f1a742728.jpg,C:\Users\kom-e14-1\Documents\Codex\2026-06-05\i-have-sem-images-i-chategorized\outputs\unlabeled_cropped_for_review\L8_2e44fa86144b671c6a6bda7f1a742728_cropped.jpg,true,"(0, 0, 1024, 635)","(0, 635, 1024, 768)",3d_edge,0.515666,waveguide,0.137779,Electrode,0.116088,
C:\Users\kom-e14-1\OneDrive\MLTraining\project\microvision-ai\data\unlabeled_test_images\MEMS_devices_and_electrodes\L8_2e543d09702b9252886ca8f347a5d020.jpg,C:\Users\kom-e14-1\Documents\Codex\2026-06-05\i-have-sem-images-i-chategorized\outputs\unlabeled_cropped_for_review\L8_2e543d09702b9252886ca8f347a5d020_cropped.jpg,true,"(0, 0, 1024, 636)","(0, 636, 1024, 768)",waveguide,0.649248,3d_edge,0.309663,close_up_line,0.016305,
C:\Users\kom-e14-1\OneDrive\MLTraining\project\microvision-ai\data\unlabeled_test_images\MEMS_devices_and_electrodes\L8_2e8083800ab31a162cbdf020fa9e9609.jpg,C:\Users\kom-e14-1\Documents\Codex\2026-06-05\i-have-sem-images-i-chategorized\outputs\unlabeled_cropped_for_review\L8_2e8083800ab31a162cbdf020fa9e9609_cropped.jpg,true,"(0, 0, 1024, 658)","(0, 658, 1024, 768)",cantilever,0.294461,3d_edge,0.281474,Electrode,0.140264,
C:\Users\kom-e14-1\OneDrive\MLTraining\project\microvision-ai\data\unlabeled_test_images\MEMS_devices_and_electrodes\L8_2e8bb6ee2d962809cc3036501abe66b2.jpg,C:\Users\kom-e14-1\Documents\Codex\2026-06-05\i-have-sem-images-i-chategorized\outputs\unlabeled_cropped_for_review\L8_2e8bb6ee2d962809cc3036501abe66b2_cropped.jpg,true,"(0, 0, 1024, 635)","(0, 635, 1024, 768)",3d_edge,0.968576,microfluidic,0.024556,waveguide,0.003006,
C:\Users\kom-e14-1\OneDrive\MLTraining\project\microvision-ai\data\unlabeled_test_images\MEMS_devices_and_electrodes\L8_2ea591cae834d655a9827dd16ae58eab.jpg,C:\Users\kom-e14-1\Documents\Codex\2026-06-05\i-have-sem-images-i-chategorized\outputs\unlabeled_cropped_for_review\L8_2ea591cae834d655a9827dd16ae58eab_cropped.jpg,true,"(0, 0, 1024, 658)","(0, 658, 1024, 768)",3d_edge,0.830305,Electrode,0.049078,waveguide,0.043560,
C:\Users\kom-e14-1\OneDrive\MLTraining\project\microvision-ai\data\unlabeled_test_images\MEMS_devices_and_electrodes\L8_2eba5ba63d19f012b0b4236e717528a0.jpg,C:\Users\kom-e14-1\Documents\Codex\2026-06-05\i-have-sem-images-i-chategorized\outputs\unlabeled_cropped_for_review\L8_2eba5ba63d19f012b0b4236e717528a0_cropped.jpg,true,"(0, 0, 1024, 636)","(0, 636, 1024, 768)",3d_edge,0.990129,close_up_line,0.003116,waveguide,0.003019,
C:\Users\kom-e14-1\OneDrive\MLTraining\project\microvision-ai\data\unlabeled_test_images\MEMS_devices_and_electrodes\L8_2f3b06cf17ef360f3837551e0f0444ae.jpg,C:\Users\kom-e14-1\Documents\Codex\2026-06-05\i-have-sem-images-i-chategorized\outputs\unlabeled_cropped_for_review\L8_2f3b06cf17ef360f3837551e0f0444ae_cropped.jpg,true,"(0, 0, 1024, 635)","(0, 635, 1024, 768)",close_up_line,0.339600,microfluidic,0.190125,Electrode,0.148456,
C:\Users\kom-e14-1\OneDrive\MLTraining\project\microvision-ai\data\unlabeled_test_images\MEMS_devices_and_electrodes\L8_2f3e571965582075bb53bd169b043d63.jpg,C:\Users\kom-e14-1\Documents\Codex\2026-06-05\i-have-sem-images-i-chategorized\outputs\unlabeled_cropped_for_review\L8_2f3e571965582075bb53bd169b043d63_cropped.jpg,true,"(0, 0, 1024, 551)","(0, 551, 1024, 768)",3d_edge,0.740562,microfluidic,0.142228,waveguide,0.109439,
C:\Users\kom-e14-1\OneDrive\MLTraining\project\microvision-ai\data\unlabeled_test_images\MEMS_devices_and_electrodes\L8_2f5a9e6081bdd4510ea2fc12d2eac284.jpg,C:\Users\kom-e14-1\Documents\Codex\2026-06-05\i-have-sem-images-i-chategorized\outputs\unlabeled_cropped_for_review\L8_2f5a9e6081bdd4510ea2fc12d2eac284_cropped.jpg,true,"(0, 0, 1024, 562)","(0, 562, 1024, 768)",3d_edge,0.994984,microfluidic,0.002488,waveguide,0.000845,
C:\Users\kom-e14-1\OneDrive\MLTraining\project\microvision-ai\data\unlabeled_test_images\MEMS_devices_and_electrodes\L8_2f612f8f4a1e89f117865d5d7459f7f4.jpg,C:\Users\kom-e14-1\Documents\Codex\2026-06-05\i-have-sem-images-i-chategorized\outputs\unlabeled_cropped_for_review\L8_2f612f8f4a1e89f117865d5d7459f7f4_cropped.jpg,true,"(0, 0, 1024, 499)","(0, 499, 1024, 768)",3d_edge,0.846319,waveguide,0.066725,microfluidic,0.026726,
C:\Users\kom-e14-1\OneDrive\MLTraining\project\microvision-ai\data\unlabeled_test_images\MEMS_devices_and_electrodes\L8_2fe719ac7a723685beb5bd0f06b06e83.jpg,C:\Users\kom-e14-1\Documents\Codex\2026-06-05\i-have-sem-images-i-chategorized\outputs\unlabeled_cropped_for_review\L8_2fe719ac7a723685beb5bd0f06b06e83_cropped.jpg,true,"(0, 0, 1024, 635)","(0, 635, 1024, 768)",3d_edge,0.908369,close_up_line,0.026186,Electrode,0.023591,
C:\Users\kom-e14-1\OneDrive\MLTraining\project\microvision-ai\data\unlabeled_test_images\MEMS_devices_and_electrodes\L8_2fed18e268b0135785ceefb44e03e0f6.jpg,C:\Users\kom-e14-1\Documents\Codex\2026-06-05\i-have-sem-images-i-chategorized\outputs\unlabeled_cropped_for_review\L8_2fed18e268b0135785ceefb44e03e0f6_cropped.jpg,true,"(0, 0, 1024, 635)","(0, 635, 1024, 768)",Bond-Pad-Array,0.987545,3d_edge,0.005614,microfluidic,0.001710,
C:\Users\kom-e14-1\OneDrive\MLTraining\project\microvision-ai\data\unlabeled_test_images\MEMS_devices_and_electrodes\L8_3008abc212428d0165e39a5b01b13e3d.jpg,C:\Users\kom-e14-1\Documents\Codex\2026-06-05\i-have-sem-images-i-chategorized\outputs\unlabeled_cropped_for_review\L8_3008abc212428d0165e39a5b01b13e3d_cropped.jpg,true,"(0, 0, 1024, 635)","(0, 635, 1024, 768)",3d_edge,0.973063,waveguide,0.016205,microfluidic,0.004566,
C:\Users\kom-e14-1\OneDrive\MLTraining\project\microvision-ai\data\unlabeled_test_images\MEMS_devices_and_electrodes\L8_300a2276334f803a252489bae5466fc0.jpg,C:\Users\kom-e14-1\Documents\Codex\2026-06-05\i-have-sem-images-i-chategorized\outputs\unlabeled_cropped_for_review\L8_300a2276334f803a252489bae5466fc0_cropped.jpg,true,"(0, 0, 1024, 636)","(0, 636, 1024, 768)",3d_edge,0.999777,waveguide,0.000149,microfluidic,0.000050,
C:\Users\kom-e14-1\OneDrive\MLTraining\project\microvision-ai\data\unlabeled_test_images\MEMS_devices_and_electrodes\L8_3037e4689c752734997a9234acc33b3f.jpg,C:\Users\kom-e14-1\Documents\Codex\2026-06-05\i-have-sem-images-i-chategorized\outputs\unlabeled_cropped_for_review\L8_3037e4689c752734997a9234acc33b3f_cropped.jpg,true,"(0, 0, 1024, 675)","(0, 675, 1024, 768)",3d_edge,0.591440,close_up_line,0.191987,microfluidic,0.128829,
C:\Users\kom-e14-1\OneDrive\MLTraining\project\microvision-ai\data\unlabeled_test_images\MEMS_devices_and_electrodes\L8_3075750b894cdc07254a0c04b636d94c.jpg,C:\Users\kom-e14-1\Documents\Codex\2026-06-05\i-have-sem-images-i-chategorized\outputs\unlabeled_cropped_for_review\L8_3075750b894cdc07254a0c04b636d94c_cropped.jpg,true,"(0, 0, 1024, 607)","(0, 607, 1024, 768)",Electrode,0.719636,close_up_line,0.272283,Bond-Pad-Array,0.003266,
C:\Users\kom-e14-1\OneDrive\MLTraining\project\microvision-ai\data\unlabeled_test_images\MEMS_devices_and_electrodes\L8_3076ee425fccdb2e56123fa95a5b2e34.jpg,C:\Users\kom-e14-1\Documents\Codex\2026-06-05\i-have-sem-images-i-chategorized\outputs\unlabeled_cropped_for_review\L8_3076ee425fccdb2e56123fa95a5b2e34_cropped.jpg,true,"(0, 0, 1024, 643)","(0, 643, 1024, 768)",3d_edge,0.480436,cantilever,0.275848,waveguide,0.137139,
C:\Users\kom-e14-1\OneDrive\MLTraining\project\microvision-ai\data\unlabeled_test_images\MEMS_devices_and_electrodes\L8_30771876235846fa432ba2c354c0c89e.jpg,C:\Users\kom-e14-1\Documents\Codex\2026-06-05\i-have-sem-images-i-chategorized\outputs\unlabeled_cropped_for_review\L8_30771876235846fa432ba2c354c0c89e_cropped.jpg,true,"(0, 0, 1024, 502)","(0, 502, 1024, 768)",3d_edge,0.976178,microfluidic,0.006319,Electrode,0.005847,
C:\Users\kom-e14-1\OneDrive\MLTraining\project\microvision-ai\data\unlabeled_test_images\MEMS_devices_and_electrodes\L8_307857d78b00a082c6cbfef25d3cbb22.jpg,C:\Users\kom-e14-1\Documents\Codex\2026-06-05\i-have-sem-images-i-chategorized\outputs\unlabeled_cropped_for_review\L8_307857d78b00a082c6cbfef25d3cbb22_cropped.jpg,true,"(0, 0, 1024, 636)","(0, 636, 1024, 768)",3d_edge,0.993884,waveguide,0.002800,cantilever,0.001077,
C:\Users\kom-e14-1\OneDrive\MLTraining\project\microvision-ai\data\unlabeled_test_images\MEMS_devices_and_electrodes\L8_309851da57d41274e03db155b0504009.jpg,C:\Users\kom-e14-1\Documents\Codex\2026-06-05\i-have-sem-images-i-chategorized\outputs\unlabeled_cropped_for_review\L8_309851da57d41274e03db155b0504009_cropped.jpg,true,"(0, 0, 1024, 607)","(0, 607, 1024, 768)",waveguide,0.953275,3d_edge,0.024002,microfluidic,0.010936,
C:\Users\kom-e14-1\OneDrive\MLTraining\project\microvision-ai\data\unlabeled_test_images\MEMS_devices_and_electrodes\L8_309c6ff59b17f0fbe3cf88b4be80db6b.jpg,C:\Users\kom-e14-1\Documents\Codex\2026-06-05\i-have-sem-images-i-chategorized\outputs\unlabeled_cropped_for_review\L8_309c6ff59b17f0fbe3cf88b4be80db6b_cropped.jpg,true,"(0, 0, 1024, 644)","(0, 644, 1024, 768)",3d_edge,0.912610,waveguide,0.043798,close_up_line,0.025336,
C:\Users\kom-e14-1\OneDrive\MLTraining\project\microvision-ai\data\unlabeled_test_images\MEMS_devices_and_electrodes\L8_30d3aad89eade9388550027848de67f9.jpg,C:\Users\kom-e14-1\Documents\Codex\2026-06-05\i-have-sem-images-i-chategorized\outputs\unlabeled_cropped_for_review\L8_30d3aad89eade9388550027848de67f9_cropped.jpg,true,"(0, 0, 1024, 607)","(0, 607, 1024, 768)",3d_edge,0.402728,microfluidic,0.177346,Bond-Pad-Array,0.135546,
C:\Users\kom-e14-1\OneDrive\MLTraining\project\microvision-ai\data\unlabeled_test_images\MEMS_devices_and_electrodes\L8_31002319a1797aa937b71f81b7b8fece.jpg,C:\Users\kom-e14-1\Documents\Codex\2026-06-05\i-have-sem-images-i-chategorized\outputs\unlabeled_cropped_for_review\L8_31002319a1797aa937b71f81b7b8fece_cropped.jpg,true,"(0, 0, 1024, 635)","(0, 635, 1024, 768)",waveguide,0.252387,3d_edge,0.173802,cantilever,0.170522,
C:\Users\kom-e14-1\OneDrive\MLTraining\project\microvision-ai\data\unlabeled_test_images\MEMS_devices_and_electrodes\L8_31161b71e1f9dd3bc2c9794a57462943.jpg,C:\Users\kom-e14-1\Documents\Codex\2026-06-05\i-have-sem-images-i-chategorized\outputs\unlabeled_cropped_for_review\L8_31161b71e1f9dd3bc2c9794a57462943_cropped.jpg,true,"(0, 0, 1024, 637)","(0, 637, 1024, 768)",3d_edge,0.973666,microfluidic,0.012501,waveguide,0.006755,
C:\Users\kom-e14-1\OneDrive\MLTraining\project\microvision-ai\data\unlabeled_test_images\MEMS_devices_and_electrodes\L8_31360bbbfa687b7bd48d7b9c0f6955e4.jpg,C:\Users\kom-e14-1\Documents\Codex\2026-06-05\i-have-sem-images-i-chategorized\outputs\unlabeled_cropped_for_review\L8_31360bbbfa687b7bd48d7b9c0f6955e4_cropped.jpg,true,"(0, 0, 1024, 636)","(0, 636, 1024, 768)",3d_edge,0.982443,microfluidic,0.006286,waveguide,0.003235,
C:\Users\kom-e14-1\OneDrive\MLTraining\project\microvision-ai\data\unlabeled_test_images\MEMS_devices_and_electrodes\L8_3156a2154c187273a603689a6a7e285f.jpg,C:\Users\kom-e14-1\Documents\Codex\2026-06-05\i-have-sem-images-i-chategorized\outputs\unlabeled_cropped_for_review\L8_3156a2154c187273a603689a6a7e285f_cropped.jpg,true,"(0, 0, 1024, 635)","(0, 635, 1024, 768)",3d_edge,0.987091,waveguide,0.004122,close_up_line,0.002624,
C:\Users\kom-e14-1\OneDrive\MLTraining\project\microvision-ai\data\unlabeled_test_images\MEMS_devices_and_electrodes\L8_31584155ff91f76d98d959d34f010210.jpg,C:\Users\kom-e14-1\Documents\Codex\2026-06-05\i-have-sem-images-i-chategorized\outputs\unlabeled_cropped_for_review\L8_31584155ff91f76d98d959d34f010210_cropped.jpg,true,"(0, 0, 1024, 607)","(0, 607, 1024, 768)",close_up_line,0.935589,Electrode,0.054958,Bond-Pad-Array,0.004592,
C:\Users\kom-e14-1\OneDrive\MLTraining\project\microvision-ai\data\unlabeled_test_images\MEMS_devices_and_electrodes\L8_31843f9b61df8fe683cc84921c874c9a.jpg,C:\Users\kom-e14-1\Documents\Codex\2026-06-05\i-have-sem-images-i-chategorized\outputs\unlabeled_cropped_for_review\L8_31843f9b61df8fe683cc84921c874c9a_cropped.jpg,true,"(0, 0, 1024, 635)","(0, 635, 1024, 768)",3d_edge,0.870577,waveguide,0.040636,microfluidic,0.020645,
C:\Users\kom-e14-1\OneDrive\MLTraining\project\microvision-ai\data\unlabeled_test_images\MEMS_devices_and_electrodes\L8_319899a9049b0c1b5ae0a2dbe3706ddb.jpg,C:\Users\kom-e14-1\Documents\Codex\2026-06-05\i-have-sem-images-i-chategorized\outputs\unlabeled_cropped_for_review\L8_319899a9049b0c1b5ae0a2dbe3706ddb_cropped.jpg,true,"(0, 0, 1024, 607)","(0, 607, 1024, 768)",close_up_line,0.931543,Electrode,0.062732,3d_edge,0.002582,
C:\Users\kom-e14-1\OneDrive\MLTraining\project\microvision-ai\data\unlabeled_test_images\MEMS_devices_and_electrodes\L8_31e77439af73924baa5e4fcafe5c156b.jpg,C:\Users\kom-e14-1\Documents\Codex\2026-06-05\i-have-sem-images-i-chategorized\outputs\unlabeled_cropped_for_review\L8_31e77439af73924baa5e4fcafe5c156b_cropped.jpg,true,"(0, 0, 1024, 636)","(0, 636, 1024, 768)",3d_edge,0.998056,microfluidic,0.001374,waveguide,0.000305,
C:\Users\kom-e14-1\OneDrive\MLTraining\project\microvision-ai\data\unlabeled_test_images\MEMS_devices_and_electrodes\L8_32096fa29db45d8c4e5d381cfaa4d32e.jpg,C:\Users\kom-e14-1\Documents\Codex\2026-06-05\i-have-sem-images-i-chategorized\outputs\unlabeled_cropped_for_review\L8_32096fa29db45d8c4e5d381cfaa4d32e_cropped.jpg,true,"(0, 0, 1024, 635)","(0, 635, 1024, 768)",microfluidic,0.950142,3d_edge,0.046705,waveguide,0.001541,
C:\Users\kom-e14-1\OneDrive\MLTraining\project\microvision-ai\data\unlabeled_test_images\MEMS_devices_and_electrodes\L8_321aab1bc5c989505846bc73b3620f0a.jpg,C:\Users\kom-e14-1\Documents\Codex\2026-06-05\i-have-sem-images-i-chategorized\outputs\unlabeled_cropped_for_review\L8_321aab1bc5c989505846bc73b3620f0a_cropped.jpg,true,"(0, 0, 1024, 500)","(0, 500, 1024, 768)",microfluidic,0.997051,3d_edge,0.002860,close_up_line,0.000033,
C:\Users\kom-e14-1\OneDrive\MLTraining\project\microvision-ai\data\unlabeled_test_images\MEMS_devices_and_electrodes\L8_322abb9873d8ece69913e1f888ef6a0d.jpg,C:\Users\kom-e14-1\Documents\Codex\2026-06-05\i-have-sem-images-i-chategorized\outputs\unlabeled_cropped_for_review\L8_322abb9873d8ece69913e1f888ef6a0d_cropped.jpg,true,"(0, 0, 1024, 635)","(0, 635, 1024, 768)",3d_edge,0.974995,cantilever,0.010820,waveguide,0.004747,
C:\Users\kom-e14-1\OneDrive\MLTraining\project\microvision-ai\data\unlabeled_test_images\MEMS_devices_and_electrodes\L8_3234b0250278cdb29e09d53c81c5a859.jpg,C:\Users\kom-e14-1\Documents\Codex\2026-06-05\i-have-sem-images-i-chategorized\outputs\unlabeled_cropped_for_review\L8_3234b0250278cdb29e09d53c81c5a859_cropped.jpg,true,"(0, 0, 1024, 691)","(0, 691, 1024, 768)",3d_edge,0.980088,waveguide,0.011802,close_up_line,0.002223,
C:\Users\kom-e14-1\OneDrive\MLTraining\project\microvision-ai\data\unlabeled_test_images\MEMS_devices_and_electrodes\L8_327e0b988cd207c903f158359a4a28fb.jpg,C:\Users\kom-e14-1\Documents\Codex\2026-06-05\i-have-sem-images-i-chategorized\outputs\unlabeled_cropped_for_review\L8_327e0b988cd207c903f158359a4a28fb_cropped.jpg,true,"(0, 0, 1024, 635)","(0, 635, 1024, 768)",Electrode,0.450833,close_up_line,0.301366,3d_edge,0.097872,
C:\Users\kom-e14-1\OneDrive\MLTraining\project\microvision-ai\data\unlabeled_test_images\MEMS_devices_and_electrodes\L8_3283aa11ac3ea24767620f605e381c6b.jpg,C:\Users\kom-e14-1\Documents\Codex\2026-06-05\i-have-sem-images-i-chategorized\outputs\unlabeled_cropped_for_review\L8_3283aa11ac3ea24767620f605e381c6b_cropped.jpg,true,"(0, 0, 1024, 635)","(0, 635, 1024, 768)",3d_edge,0.770259,microfluidic,0.210426,Electrode,0.006405,
C:\Users\kom-e14-1\OneDrive\MLTraining\project\microvision-ai\data\unlabeled_test_images\MEMS_devices_and_electrodes\L8_32ba0e544272287dffc9e9fe23521c1c.jpg,C:\Users\kom-e14-1\Documents\Codex\2026-06-05\i-have-sem-images-i-chategorized\outputs\unlabeled_cropped_for_review\L8_32ba0e544272287dffc9e9fe23521c1c_cropped.jpg,true,"(0, 0, 1024, 635)","(0, 635, 1024, 768)",3d_edge,0.823569,waveguide,0.043844,cantilever,0.040346,
C:\Users\kom-e14-1\OneDrive\MLTraining\project\microvision-ai\data\unlabeled_test_images\MEMS_devices_and_electrodes\L8_32db7271da5ec67bf501b68ed1aafade.jpg,C:\Users\kom-e14-1\Documents\Codex\2026-06-05\i-have-sem-images-i-chategorized\outputs\unlabeled_cropped_for_review\L8_32db7271da5ec67bf501b68ed1aafade_cropped.jpg,true,"(0, 0, 1024, 594)","(0, 594, 1024, 768)",3d_edge,0.526890,Electrode,0.204679,cantilever,0.126401,
C:\Users\kom-e14-1\OneDrive\MLTraining\project\microvision-ai\data\unlabeled_test_images\MEMS_devices_and_electrodes\L8_32e0109ca2ea52972c71c7002935b3f9.jpg,C:\Users\kom-e14-1\Documents\Codex\2026-06-05\i-have-sem-images-i-chategorized\outputs\unlabeled_cropped_for_review\L8_32e0109ca2ea52972c71c7002935b3f9_cropped.jpg,true,"(0, 0, 1024, 635)","(0, 635, 1024, 768)",3d_edge,0.572795,waveguide,0.172156,microfluidic,0.127348,
C:\Users\kom-e14-1\OneDrive\MLTraining\project\microvision-ai\data\unlabeled_test_images\MEMS_devices_and_electrodes\L8_32e5c839202925b7d78de8d85a6dc2cc.jpg,C:\Users\kom-e14-1\Documents\Codex\2026-06-05\i-have-sem-images-i-chategorized\outputs\unlabeled_cropped_for_review\L8_32e5c839202925b7d78de8d85a6dc2cc_cropped.jpg,true,"(0, 0, 1024, 637)","(0, 637, 1024, 768)",3d_edge,0.956116,microfluidic,0.015988,close_up_line,0.011094,
C:\Users\kom-e14-1\OneDrive\MLTraining\project\microvision-ai\data\unlabeled_test_images\MEMS_devices_and_electrodes\L8_333d90668536e59cfd9d126ce5d1e12d.jpg,C:\Users\kom-e14-1\Documents\Codex\2026-06-05\i-have-sem-images-i-chategorized\outputs\unlabeled_cropped_for_review\L8_333d90668536e59cfd9d126ce5d1e12d_cropped.jpg,true,"(0, 0, 1024, 508)","(0, 508, 1024, 768)",3d_edge,0.935867,waveguide,0.032381,close_up_line,0.012872,
C:\Users\kom-e14-1\OneDrive\MLTraining\project\microvision-ai\data\unlabeled_test_images\MEMS_devices_and_electrodes\L8_336406211ed5afae1a2154d928e460b1.jpg,C:\Users\kom-e14-1\Documents\Codex\2026-06-05\i-have-sem-images-i-chategorized\outputs\unlabeled_cropped_for_review\L8_336406211ed5afae1a2154d928e460b1_cropped.jpg,true,"(0, 0, 1024, 607)","(0, 607, 1024, 768)",Electrode,0.811118,close_up_line,0.164545,3d_edge,0.017402,
C:\Users\kom-e14-1\OneDrive\MLTraining\project\microvision-ai\data\unlabeled_test_images\MEMS_devices_and_electrodes\L8_33b2d523c0139c27e97c3c10da75d8be.jpg,C:\Users\kom-e14-1\Documents\Codex\2026-06-05\i-have-sem-images-i-chategorized\outputs\unlabeled_cropped_for_review\L8_33b2d523c0139c27e97c3c10da75d8be_cropped.jpg,true,"(0, 0, 1024, 594)","(0, 594, 1024, 768)",3d_edge,0.582934,close_up_line,0.225873,Electrode,0.152777,
C:\Users\kom-e14-1\OneDrive\MLTraining\project\microvision-ai\data\unlabeled_test_images\MEMS_devices_and_electrodes\L8_33bdf66f14894ddfcd0e041854d22680.jpg,C:\Users\kom-e14-1\Documents\Codex\2026-06-05\i-have-sem-images-i-chategorized\outputs\unlabeled_cropped_for_review\L8_33bdf66f14894ddfcd0e041854d22680_cropped.jpg,true,"(0, 0, 1024, 607)","(0, 607, 1024, 768)",waveguide,0.613201,microfluidic,0.273564,3d_edge,0.048024,
C:\Users\kom-e14-1\OneDrive\MLTraining\project\microvision-ai\data\unlabeled_test_images\MEMS_devices_and_electrodes\L8_33cff6f3a4baba86f9bd768ee6b0dc10.jpg,C:\Users\kom-e14-1\Documents\Codex\2026-06-05\i-have-sem-images-i-chategorized\outputs\unlabeled_cropped_for_review\L8_33cff6f3a4baba86f9bd768ee6b0dc10_cropped.jpg,true,"(0, 0, 1024, 607)","(0, 607, 1024, 768)",3d_edge,0.243367,close_up_line,0.232671,waveguide,0.160750,
C:\Users\kom-e14-1\OneDrive\MLTraining\project\microvision-ai\data\unlabeled_test_images\MEMS_devices_and_electrodes\L8_33fca941e643dabe204c720740394cad.jpg,C:\Users\kom-e14-1\Documents\Codex\2026-06-05\i-have-sem-images-i-chategorized\outputs\unlabeled_cropped_for_review\L8_33fca941e643dabe204c720740394cad_cropped.jpg,true,"(0, 0, 1024, 499)","(0, 499, 1024, 768)",3d_edge,0.641056,close_up_line,0.168454,Electrode,0.113117,
C:\Users\kom-e14-1\OneDrive\MLTraining\project\microvision-ai\data\unlabeled_test_images\MEMS_devices_and_electrodes\L8_3419712b4ff7aed4d3abb22e08348126.jpg,C:\Users\kom-e14-1\Documents\Codex\2026-06-05\i-have-sem-images-i-chategorized\outputs\unlabeled_cropped_for_review\L8_3419712b4ff7aed4d3abb22e08348126_cropped.jpg,true,"(0, 0, 1024, 635)","(0, 635, 1024, 768)",3d_edge,0.984356,waveguide,0.007754,microfluidic,0.003059,
C:\Users\kom-e14-1\OneDrive\MLTraining\project\microvision-ai\data\unlabeled_test_images\MEMS_devices_and_electrodes\L8_342efffdc582d9048e677d4fce4b4a4a.jpg,C:\Users\kom-e14-1\Documents\Codex\2026-06-05\i-have-sem-images-i-chategorized\outputs\unlabeled_cropped_for_review\L8_342efffdc582d9048e677d4fce4b4a4a_cropped.jpg,true,"(0, 0, 1024, 607)","(0, 607, 1024, 768)",waveguide,0.707723,3d_edge,0.236463,close_up_line,0.024484,
C:\Users\kom-e14-1\OneDrive\MLTraining\project\microvision-ai\data\unlabeled_test_images\MEMS_devices_and_electrodes\L8_34376f5b1bec86a87675b3b7322574eb.jpg,C:\Users\kom-e14-1\Documents\Codex\2026-06-05\i-have-sem-images-i-chategorized\outputs\unlabeled_cropped_for_review\L8_34376f5b1bec86a87675b3b7322574eb_cropped.jpg,true,"(0, 0, 1024, 636)","(0, 636, 1024, 768)",3d_edge,0.862885,waveguide,0.045802,cantilever,0.034094,
C:\Users\kom-e14-1\OneDrive\MLTraining\project\microvision-ai\data\unlabeled_test_images\MEMS_devices_and_electrodes\L8_344393d62bf65f3111edd295f65b9326.jpg,C:\Users\kom-e14-1\Documents\Codex\2026-06-05\i-have-sem-images-i-chategorized\outputs\unlabeled_cropped_for_review\L8_344393d62bf65f3111edd295f65b9326_cropped.jpg,true,"(0, 0, 1024, 616)","(0, 616, 1024, 768)",close_up_line,0.956814,Electrode,0.036631,3d_edge,0.002138,
C:\Users\kom-e14-1\OneDrive\MLTraining\project\microvision-ai\data\unlabeled_test_images\MEMS_devices_and_electrodes\L8_344750fe3c926a3a14807f0542e480aa.jpg,C:\Users\kom-e14-1\Documents\Codex\2026-06-05\i-have-sem-images-i-chategorized\outputs\unlabeled_cropped_for_review\L8_344750fe3c926a3a14807f0542e480aa_cropped.jpg,true,"(0, 0, 1024, 607)","(0, 607, 1024, 768)",close_up_line,0.613810,Electrode,0.379686,cantilever,0.001736,
C:\Users\kom-e14-1\OneDrive\MLTraining\project\microvision-ai\data\unlabeled_test_images\MEMS_devices_and_electrodes\L8_34574f5d1ebe50497c79c3a4153241d5.jpg,C:\Users\kom-e14-1\Documents\Codex\2026-06-05\i-have-sem-images-i-chategorized\outputs\unlabeled_cropped_for_review\L8_34574f5d1ebe50497c79c3a4153241d5_cropped.jpg,true,"(0, 0, 1024, 630)","(0, 630, 1024, 768)",3d_edge,0.891265,waveguide,0.032314,close_up_line,0.024659,
C:\Users\kom-e14-1\OneDrive\MLTraining\project\microvision-ai\data\unlabeled_test_images\MEMS_devices_and_electrodes\L8_34750963c740ba2ea8a11bc0fd058be4.jpg,C:\Users\kom-e14-1\Documents\Codex\2026-06-05\i-have-sem-images-i-chategorized\outputs\unlabeled_cropped_for_review\L8_34750963c740ba2ea8a11bc0fd058be4_cropped.jpg,true,"(0, 0, 1024, 663)","(0, 663, 1024, 768)",waveguide,0.538897,3d_edge,0.392767,close_up_line,0.031482,
C:\Users\kom-e14-1\OneDrive\MLTraining\project\microvision-ai\data\unlabeled_test_images\MEMS_devices_and_electrodes\L8_347f5108cba6e046d7bb3f278de5367b.jpg,C:\Users\kom-e14-1\Documents\Codex\2026-06-05\i-have-sem-images-i-chategorized\outputs\unlabeled_cropped_for_review\L8_347f5108cba6e046d7bb3f278de5367b_cropped.jpg,true,"(0, 0, 1024, 558)","(0, 558, 1024, 768)",cantilever,0.970111,Electrode,0.011861,close_up_line,0.005206,
C:\Users\kom-e14-1\OneDrive\MLTraining\project\microvision-ai\data\unlabeled_test_images\MEMS_devices_and_electrodes\L8_3496f42ef030f7bd8c4b56559de1733c.jpg,C:\Users\kom-e14-1\Documents\Codex\2026-06-05\i-have-sem-images-i-chategorized\outputs\unlabeled_cropped_for_review\L8_3496f42ef030f7bd8c4b56559de1733c_cropped.jpg,true,"(0, 0, 1024, 643)","(0, 643, 1024, 768)",3d_edge,0.552692,cantilever,0.261406,Electrode,0.089611,
C:\Users\kom-e14-1\OneDrive\MLTraining\project\microvision-ai\data\unlabeled_test_images\MEMS_devices_and_electrodes\L8_34fb39339544f7173491d15671830723.jpg,C:\Users\kom-e14-1\Documents\Codex\2026-06-05\i-have-sem-images-i-chategorized\outputs\unlabeled_cropped_for_review\L8_34fb39339544f7173491d15671830723_cropped.jpg,true,"(0, 0, 1024, 635)","(0, 635, 1024, 768)",waveguide,0.450971,3d_edge,0.382901,cantilever,0.065260,
C:\Users\kom-e14-1\OneDrive\MLTraining\project\microvision-ai\data\unlabeled_test_images\MEMS_devices_and_electrodes\L8_350264173fe59b174c7aa4b151788431.jpg,C:\Users\kom-e14-1\Documents\Codex\2026-06-05\i-have-sem-images-i-chategorized\outputs\unlabeled_cropped_for_review\L8_350264173fe59b174c7aa4b151788431_cropped.jpg,true,"(0, 0, 1024, 636)","(0, 636, 1024, 768)",3d_edge,0.938399,microfluidic,0.047006,cantilever,0.004812,
C:\Users\kom-e14-1\OneDrive\MLTraining\project\microvision-ai\data\unlabeled_test_images\MEMS_devices_and_electrodes\L8_353553080bbd77ba8b50ad54dcabcd60.jpg,C:\Users\kom-e14-1\Documents\Codex\2026-06-05\i-have-sem-images-i-chategorized\outputs\unlabeled_cropped_for_review\L8_353553080bbd77ba8b50ad54dcabcd60_cropped.jpg,true,"(0, 0, 1024, 607)","(0, 607, 1024, 768)",Electrode,0.807268,close_up_line,0.161542,3d_edge,0.014645,
C:\Users\kom-e14-1\OneDrive\MLTraining\project\microvision-ai\data\unlabeled_test_images\MEMS_devices_and_electrodes\L8_353f5b8779660a49f76818c0a0cdb3ad.jpg,C:\Users\kom-e14-1\Documents\Codex\2026-06-05\i-have-sem-images-i-chategorized\outputs\unlabeled_cropped_for_review\L8_353f5b8779660a49f76818c0a0cdb3ad_cropped.jpg,true,"(0, 0, 1024, 607)","(0, 607, 1024, 768)",Electrode,0.601374,close_up_line,0.254697,3d_edge,0.105865,
C:\Users\kom-e14-1\OneDrive\MLTraining\project\microvision-ai\data\unlabeled_test_images\MEMS_devices_and_electrodes\L8_35958b2ce44553d65016c650550117fe.jpg,C:\Users\kom-e14-1\Documents\Codex\2026-06-05\i-have-sem-images-i-chategorized\outputs\unlabeled_cropped_for_review\L8_35958b2ce44553d65016c650550117fe_cropped.jpg,true,"(0, 0, 1024, 630)","(0, 630, 1024, 768)",3d_edge,0.982688,Electrode,0.008402,close_up_line,0.002887,
C:\Users\kom-e14-1\OneDrive\MLTraining\project\microvision-ai\data\unlabeled_test_images\MEMS_devices_and_electrodes\L8_35fa383280917cc247b62630c9b3c430.jpg,C:\Users\kom-e14-1\Documents\Codex\2026-06-05\i-have-sem-images-i-chategorized\outputs\unlabeled_cropped_for_review\L8_35fa383280917cc247b62630c9b3c430_cropped.jpg,true,"(0, 0, 1024, 506)","(0, 506, 1024, 768)",3d_edge,0.831888,waveguide,0.077976,cantilever,0.026724,
C:\Users\kom-e14-1\OneDrive\MLTraining\project\microvision-ai\data\unlabeled_test_images\MEMS_devices_and_electrodes\L8_36517314805bf4746e027e1037f33a99.jpg,C:\Users\kom-e14-1\Documents\Codex\2026-06-05\i-have-sem-images-i-chategorized\outputs\unlabeled_cropped_for_review\L8_36517314805bf4746e027e1037f33a99_cropped.jpg,true,"(0, 0, 1024, 607)","(0, 607, 1024, 768)",waveguide,0.718663,close_up_line,0.153668,3d_edge,0.057855,
C:\Users\kom-e14-1\OneDrive\MLTraining\project\microvision-ai\data\unlabeled_test_images\MEMS_devices_and_electrodes\L8_365aab53274af7cf71971615840f7b06.jpg,C:\Users\kom-e14-1\Documents\Codex\2026-06-05\i-have-sem-images-i-chategorized\outputs\unlabeled_cropped_for_review\L8_365aab53274af7cf71971615840f7b06_cropped.jpg,true,"(0, 0, 1024, 635)","(0, 635, 1024, 768)",3d_edge,0.887192,microfluidic,0.044103,Electrode,0.022854,
C:\Users\kom-e14-1\OneDrive\MLTraining\project\microvision-ai\data\unlabeled_test_images\MEMS_devices_and_electrodes\L8_366db6dffe32a6055f3035f247c08dd0.jpg,C:\Users\kom-e14-1\Documents\Codex\2026-06-05\i-have-sem-images-i-chategorized\outputs\unlabeled_cropped_for_review\L8_366db6dffe32a6055f3035f247c08dd0_cropped.jpg,true,"(0, 0, 1024, 630)","(0, 630, 1024, 768)",3d_edge,0.354390,microfluidic,0.320757,Electrode,0.248660,
C:\Users\kom-e14-1\OneDrive\MLTraining\project\microvision-ai\data\unlabeled_test_images\MEMS_devices_and_electrodes\L8_377ceed47cecd5d9e7ea478aea5dc80d.jpg,C:\Users\kom-e14-1\Documents\Codex\2026-06-05\i-have-sem-images-i-chategorized\outputs\unlabeled_cropped_for_review\L8_377ceed47cecd5d9e7ea478aea5dc80d_cropped.jpg,true,"(0, 0, 1024, 635)","(0, 635, 1024, 768)",3d_edge,0.979178,microfluidic,0.007581,Electrode,0.004649,
C:\Users\kom-e14-1\OneDrive\MLTraining\project\microvision-ai\data\unlabeled_test_images\MEMS_devices_and_electrodes\L8_3786024f7a58d34fe2a1abb51f1ac3d3.jpg,C:\Users\kom-e14-1\Documents\Codex\2026-06-05\i-have-sem-images-i-chategorized\outputs\unlabeled_cropped_for_review\L8_3786024f7a58d34fe2a1abb51f1ac3d3_cropped.jpg,true,"(0, 0, 1024, 607)","(0, 607, 1024, 768)",waveguide,0.999570,close_up_line,0.000215,3d_edge,0.000102,
C:\Users\kom-e14-1\OneDrive\MLTraining\project\microvision-ai\data\unlabeled_test_images\MEMS_devices_and_electrodes\L8_379a34a5a50e47f6ffd196ef6743468e.jpg,C:\Users\kom-e14-1\Documents\Codex\2026-06-05\i-have-sem-images-i-chategorized\outputs\unlabeled_cropped_for_review\L8_379a34a5a50e47f6ffd196ef6743468e_cropped.jpg,true,"(0, 0, 1024, 607)","(0, 607, 1024, 768)",Electrode,0.835240,close_up_line,0.128248,Bond-Pad-Array,0.013099,
C:\Users\kom-e14-1\OneDrive\MLTraining\project\microvision-ai\data\unlabeled_test_images\MEMS_devices_and_electrodes\L8_37a6ab05a65cfbac86b5fbc7e2a9a6d5.jpg,C:\Users\kom-e14-1\Documents\Codex\2026-06-05\i-have-sem-images-i-chategorized\outputs\unlabeled_cropped_for_review\L8_37a6ab05a65cfbac86b5fbc7e2a9a6d5_cropped.jpg,true,"(0, 0, 1024, 607)","(0, 607, 1024, 768)",waveguide,0.847910,close_up_line,0.081910,3d_edge,0.024594,
C:\Users\kom-e14-1\OneDrive\MLTraining\project\microvision-ai\data\unlabeled_test_images\MEMS_devices_and_electrodes\L8_37f8a50d0f2d1832c6eb254c6045a81e.jpg,C:\Users\kom-e14-1\Documents\Codex\2026-06-05\i-have-sem-images-i-chategorized\outputs\unlabeled_cropped_for_review\L8_37f8a50d0f2d1832c6eb254c6045a81e_cropped.jpg,true,"(0, 0, 1024, 635)","(0, 635, 1024, 768)",3d_edge,0.975772,microfluidic,0.012768,waveguide,0.008885,
C:\Users\kom-e14-1\OneDrive\MLTraining\project\microvision-ai\data\unlabeled_test_images\MEMS_devices_and_electrodes\L8_37feadd192c7ed31f258cab49160e378.jpg,C:\Users\kom-e14-1\Documents\Codex\2026-06-05\i-have-sem-images-i-chategorized\outputs\unlabeled_cropped_for_review\L8_37feadd192c7ed31f258cab49160e378_cropped.jpg,true,"(0, 0, 1024, 636)","(0, 636, 1024, 768)",3d_edge,0.993964,waveguide,0.004812,microfluidic,0.000556,
C:\Users\kom-e14-1\OneDrive\MLTraining\project\microvision-ai\data\unlabeled_test_images\MEMS_devices_and_electrodes\L8_381f5439d61cda443e1905b3cbd20315.jpg,C:\Users\kom-e14-1\Documents\Codex\2026-06-05\i-have-sem-images-i-chategorized\outputs\unlabeled_cropped_for_review\L8_381f5439d61cda443e1905b3cbd20315_cropped.jpg,true,"(0, 0, 1024, 607)","(0, 607, 1024, 768)",close_up_line,0.723891,Electrode,0.141262,3d_edge,0.060803,
C:\Users\kom-e14-1\OneDrive\MLTraining\project\microvision-ai\data\unlabeled_test_images\MEMS_devices_and_electrodes\L8_384be3fce01e94da13f65ee5c5e3b85b.jpg,C:\Users\kom-e14-1\Documents\Codex\2026-06-05\i-have-sem-images-i-chategorized\outputs\unlabeled_cropped_for_review\L8_384be3fce01e94da13f65ee5c5e3b85b_cropped.jpg,true,"(0, 0, 1024, 607)","(0, 607, 1024, 768)",close_up_line,0.808971,Electrode,0.111958,Bond-Pad-Array,0.034068,
C:\Users\kom-e14-1\OneDrive\MLTraining\project\microvision-ai\data\unlabeled_test_images\MEMS_devices_and_electrodes\L8_388055dfabfd0b45b4ce31b006aa4b8a.jpg,C:\Users\kom-e14-1\Documents\Codex\2026-06-05\i-have-sem-images-i-chategorized\outputs\unlabeled_cropped_for_review\L8_388055dfabfd0b45b4ce31b006aa4b8a_cropped.jpg,true,"(0, 0, 1024, 636)","(0, 636, 1024, 768)",3d_edge,0.983169,waveguide,0.005926,microfluidic,0.005346,
C:\Users\kom-e14-1\OneDrive\MLTraining\project\microvision-ai\data\unlabeled_test_images\MEMS_devices_and_electrodes\L8_38815340bace6b2bd7db28950b908e77.jpg,C:\Users\kom-e14-1\Documents\Codex\2026-06-05\i-have-sem-images-i-chategorized\outputs\unlabeled_cropped_for_review\L8_38815340bace6b2bd7db28950b908e77_cropped.jpg,true,"(0, 0, 1024, 499)","(0, 499, 1024, 768)",3d_edge,0.802625,Electrode,0.130855,microfluidic,0.035613,
C:\Users\kom-e14-1\OneDrive\MLTraining\project\microvision-ai\data\unlabeled_test_images\MEMS_devices_and_electrodes\L8_38882b6677c4180ec834ce0daa0a9e55.jpg,C:\Users\kom-e14-1\Documents\Codex\2026-06-05\i-have-sem-images-i-chategorized\outputs\unlabeled_cropped_for_review\L8_38882b6677c4180ec834ce0daa0a9e55_cropped.jpg,true,"(0, 0, 1024, 635)","(0, 635, 1024, 768)",3d_edge,0.967275,microfluidic,0.020510,waveguide,0.005716,
C:\Users\kom-e14-1\OneDrive\MLTraining\project\microvision-ai\data\unlabeled_test_images\MEMS_devices_and_electrodes\L8_38e788cc493a87d370e7616cb36ca373.jpg,C:\Users\kom-e14-1\Documents\Codex\2026-06-05\i-have-sem-images-i-chategorized\outputs\unlabeled_cropped_for_review\L8_38e788cc493a87d370e7616cb36ca373_cropped.jpg,true,"(0, 0, 1024, 636)","(0, 636, 1024, 768)",3d_edge,0.898360,cantilever,0.052648,microfluidic,0.017488,
C:\Users\kom-e14-1\OneDrive\MLTraining\project\microvision-ai\data\unlabeled_test_images\MEMS_devices_and_electrodes\L8_38eab68ca5d924fb66428540ea448ed7.jpg,C:\Users\kom-e14-1\Documents\Codex\2026-06-05\i-have-sem-images-i-chategorized\outputs\unlabeled_cropped_for_review\L8_38eab68ca5d924fb66428540ea448ed7_cropped.jpg,true,"(0, 0, 1024, 635)","(0, 635, 1024, 768)",3d_edge,0.560578,Bond-Pad-Array,0.351249,waveguide,0.036647,
C:\Users\kom-e14-1\OneDrive\MLTraining\project\microvision-ai\data\unlabeled_test_images\MEMS_devices_and_electrodes\L8_38f3aafcd0e4d3e117e5d4d0ca77a409.jpg,C:\Users\kom-e14-1\Documents\Codex\2026-06-05\i-have-sem-images-i-chategorized\outputs\unlabeled_cropped_for_review\L8_38f3aafcd0e4d3e117e5d4d0ca77a409_cropped.jpg,true,"(0, 0, 1024, 607)","(0, 607, 1024, 768)",3d_edge,0.698352,waveguide,0.211833,close_up_line,0.032276,
C:\Users\kom-e14-1\OneDrive\MLTraining\project\microvision-ai\data\unlabeled_test_images\MEMS_devices_and_electrodes\L8_38fbbb8d0a489b49b87908abc2695dec.jpg,C:\Users\kom-e14-1\Documents\Codex\2026-06-05\i-have-sem-images-i-chategorized\outputs\unlabeled_cropped_for_review\L8_38fbbb8d0a489b49b87908abc2695dec_cropped.jpg,true,"(0, 0, 1024, 636)","(0, 636, 1024, 768)",3d_edge,0.979089,waveguide,0.014505,Electrode,0.002185,
C:\Users\kom-e14-1\OneDrive\MLTraining\project\microvision-ai\data\unlabeled_test_images\MEMS_devices_and_electrodes\L8_39053756dd4c2b9e9b093bdc02b0d11a.jpg,C:\Users\kom-e14-1\Documents\Codex\2026-06-05\i-have-sem-images-i-chategorized\outputs\unlabeled_cropped_for_review\L8_39053756dd4c2b9e9b093bdc02b0d11a_cropped.jpg,true,"(0, 0, 1024, 524)","(0, 524, 1024, 768)",3d_edge,0.999605,waveguide,0.000191,microfluidic,0.000137,
C:\Users\kom-e14-1\OneDrive\MLTraining\project\microvision-ai\data\unlabeled_test_images\MEMS_devices_and_electrodes\L8_390836de50ec8cd7d5fbc47c44711e9f.jpg,C:\Users\kom-e14-1\Documents\Codex\2026-06-05\i-have-sem-images-i-chategorized\outputs\unlabeled_cropped_for_review\L8_390836de50ec8cd7d5fbc47c44711e9f_cropped.jpg,true,"(0, 0, 1024, 659)","(0, 659, 1024, 768)",Electrode,0.997587,close_up_line,0.001676,cantilever,0.000248,
C:\Users\kom-e14-1\OneDrive\MLTraining\project\microvision-ai\data\unlabeled_test_images\MEMS_devices_and_electrodes\L8_391322f4b298978381aa1ed11e7b743c.jpg,C:\Users\kom-e14-1\Documents\Codex\2026-06-05\i-have-sem-images-i-chategorized\outputs\unlabeled_cropped_for_review\L8_391322f4b298978381aa1ed11e7b743c_cropped.jpg,true,"(0, 0, 1024, 658)","(0, 658, 1024, 768)",cantilever,0.619069,3d_edge,0.310235,Electrode,0.040852,
C:\Users\kom-e14-1\OneDrive\MLTraining\project\microvision-ai\data\unlabeled_test_images\MEMS_devices_and_electrodes\L8_39199178822c854797cd404fc82aeb5c.jpg,C:\Users\kom-e14-1\Documents\Codex\2026-06-05\i-have-sem-images-i-chategorized\outputs\unlabeled_cropped_for_review\L8_39199178822c854797cd404fc82aeb5c_cropped.jpg,true,"(0, 0, 1024, 607)","(0, 607, 1024, 768)",3d_edge,0.566840,waveguide,0.148964,Electrode,0.096991,
C:\Users\kom-e14-1\OneDrive\MLTraining\project\microvision-ai\data\unlabeled_test_images\MEMS_devices_and_electrodes\L8_393455809eefc1c31a01a836ed5736f3.jpg,C:\Users\kom-e14-1\Documents\Codex\2026-06-05\i-have-sem-images-i-chategorized\outputs\unlabeled_cropped_for_review\L8_393455809eefc1c31a01a836ed5736f3_cropped.jpg,true,"(0, 0, 1024, 635)","(0, 635, 1024, 768)",3d_edge,0.979376,microfluidic,0.016395,Electrode,0.001658,
C:\Users\kom-e14-1\OneDrive\MLTraining\project\microvision-ai\data\unlabeled_test_images\MEMS_devices_and_electrodes\L8_393ed8f30aea455c457f1f49c7ac8fcc.jpg,C:\Users\kom-e14-1\Documents\Codex\2026-06-05\i-have-sem-images-i-chategorized\outputs\unlabeled_cropped_for_review\L8_393ed8f30aea455c457f1f49c7ac8fcc_cropped.jpg,true,"(0, 0, 1024, 630)","(0, 630, 1024, 768)",3d_edge,0.924795,Electrode,0.039742,close_up_line,0.013518,
C:\Users\kom-e14-1\OneDrive\MLTraining\project\microvision-ai\data\unlabeled_test_images\MEMS_devices_and_electrodes\L8_39836248d9895c322b6fa32436305997.jpg,C:\Users\kom-e14-1\Documents\Codex\2026-06-05\i-have-sem-images-i-chategorized\outputs\unlabeled_cropped_for_review\L8_39836248d9895c322b6fa32436305997_cropped.jpg,true,"(0, 0, 1024, 636)","(0, 636, 1024, 768)",3d_edge,0.878224,microfluidic,0.041776,close_up_line,0.026245,
C:\Users\kom-e14-1\OneDrive\MLTraining\project\microvision-ai\data\unlabeled_test_images\MEMS_devices_and_electrodes\L8_399379b92372ad7e8861f78bff3ea915.jpg,C:\Users\kom-e14-1\Documents\Codex\2026-06-05\i-have-sem-images-i-chategorized\outputs\unlabeled_cropped_for_review\L8_399379b92372ad7e8861f78bff3ea915_cropped.jpg,true,"(0, 0, 1024, 675)","(0, 675, 1024, 768)",waveguide,0.505070,microfluidic,0.181193,cantilever,0.165786,
C:\Users\kom-e14-1\OneDrive\MLTraining\project\microvision-ai\data\unlabeled_test_images\MEMS_devices_and_electrodes\L8_39b60f7c3887f9fabf3b2ccb3a1bd828.jpg,C:\Users\kom-e14-1\Documents\Codex\2026-06-05\i-have-sem-images-i-chategorized\outputs\unlabeled_cropped_for_review\L8_39b60f7c3887f9fabf3b2ccb3a1bd828_cropped.jpg,true,"(0, 0, 1024, 607)","(0, 607, 1024, 768)",Electrode,0.736857,close_up_line,0.231229,Bond-Pad-Array,0.018781,
C:\Users\kom-e14-1\OneDrive\MLTraining\project\microvision-ai\data\unlabeled_test_images\MEMS_devices_and_electrodes\L8_3a14cf2490343d89e3127b61106cd58f.jpg,C:\Users\kom-e14-1\Documents\Codex\2026-06-05\i-have-sem-images-i-chategorized\outputs\unlabeled_cropped_for_review\L8_3a14cf2490343d89e3127b61106cd58f_cropped.jpg,true,"(0, 0, 1024, 635)","(0, 635, 1024, 768)",3d_edge,0.959002,Electrode,0.010462,waveguide,0.008646,
C:\Users\kom-e14-1\OneDrive\MLTraining\project\microvision-ai\data\unlabeled_test_images\MEMS_devices_and_electrodes\L8_3a744770561bda3799e72f59ca662c04.jpg,C:\Users\kom-e14-1\Documents\Codex\2026-06-05\i-have-sem-images-i-chategorized\outputs\unlabeled_cropped_for_review\L8_3a744770561bda3799e72f59ca662c04_cropped.jpg,true,"(0, 0, 1024, 607)","(0, 607, 1024, 768)",3d_edge,0.541427,Electrode,0.154073,Bond-Pad-Array,0.110247,
C:\Users\kom-e14-1\OneDrive\MLTraining\project\microvision-ai\data\unlabeled_test_images\MEMS_devices_and_electrodes\L8_3aa8f710658fc2556b3a698732079cc5.jpg,C:\Users\kom-e14-1\Documents\Codex\2026-06-05\i-have-sem-images-i-chategorized\outputs\unlabeled_cropped_for_review\L8_3aa8f710658fc2556b3a698732079cc5_cropped.jpg,true,"(0, 0, 1024, 594)","(0, 594, 1024, 768)",Electrode,0.346236,3d_edge,0.325296,close_up_line,0.131534,
C:\Users\kom-e14-1\OneDrive\MLTraining\project\microvision-ai\data\unlabeled_test_images\MEMS_devices_and_electrodes\L8_3aaf93eebae105e558a61338d44af1c7.jpg,C:\Users\kom-e14-1\Documents\Codex\2026-06-05\i-have-sem-images-i-chategorized\outputs\unlabeled_cropped_for_review\L8_3aaf93eebae105e558a61338d44af1c7_cropped.jpg,true,"(0, 0, 1024, 594)","(0, 594, 1024, 768)",3d_edge,0.877950,close_up_line,0.046445,waveguide,0.037231,
C:\Users\kom-e14-1\OneDrive\MLTraining\project\microvision-ai\data\unlabeled_test_images\MEMS_devices_and_electrodes\L8_3af77d6bd3d958529fa382a8b288a00f.jpg,C:\Users\kom-e14-1\Documents\Codex\2026-06-05\i-have-sem-images-i-chategorized\outputs\unlabeled_cropped_for_review\L8_3af77d6bd3d958529fa382a8b288a00f_cropped.jpg,true,"(0, 0, 1024, 607)","(0, 607, 1024, 768)",waveguide,0.451175,3d_edge,0.332180,close_up_line,0.082166,
C:\Users\kom-e14-1\OneDrive\MLTraining\project\microvision-ai\data\unlabeled_test_images\MEMS_devices_and_electrodes\L8_3b51d7513c62c93e1ba54c81d117dac0.jpg,C:\Users\kom-e14-1\Documents\Codex\2026-06-05\i-have-sem-images-i-chategorized\outputs\unlabeled_cropped_for_review\L8_3b51d7513c62c93e1ba54c81d117dac0_cropped.jpg,true,"(0, 0, 1024, 635)","(0, 635, 1024, 768)",waveguide,0.616979,3d_edge,0.313223,close_up_line,0.026327,
C:\Users\kom-e14-1\OneDrive\MLTraining\project\microvision-ai\data\unlabeled_test_images\MEMS_devices_and_electrodes\L8_3c28a95dfcb4fce87c4d75ab34c36697.jpg,C:\Users\kom-e14-1\Documents\Codex\2026-06-05\i-have-sem-images-i-chategorized\outputs\unlabeled_cropped_for_review\L8_3c28a95dfcb4fce87c4d75ab34c36697_cropped.jpg,true,"(0, 0, 1024, 616)","(0, 616, 1024, 768)",3d_edge,0.738663,Electrode,0.173058,close_up_line,0.075710,
C:\Users\kom-e14-1\OneDrive\MLTraining\project\microvision-ai\data\unlabeled_test_images\MEMS_devices_and_electrodes\L8_3c56807bbae8fef20ca44bdd1c23d491.jpg,C:\Users\kom-e14-1\Documents\Codex\2026-06-05\i-have-sem-images-i-chategorized\outputs\unlabeled_cropped_for_review\L8_3c56807bbae8fef20ca44bdd1c23d491_cropped.jpg,true,"(0, 0, 1024, 512)","(0, 512, 1024, 768)",microfluidic,0.824400,3d_edge,0.082505,waveguide,0.054235,
C:\Users\kom-e14-1\OneDrive\MLTraining\project\microvision-ai\data\unlabeled_test_images\MEMS_devices_and_electrodes\L8_3ca15c1064157f9fd32b72bd9ae8a378.jpg,C:\Users\kom-e14-1\Documents\Codex\2026-06-05\i-have-sem-images-i-chategorized\outputs\unlabeled_cropped_for_review\L8_3ca15c1064157f9fd32b72bd9ae8a378_cropped.jpg,true,"(0, 0, 1024, 635)","(0, 635, 1024, 768)",3d_edge,0.948161,Electrode,0.028046,microfluidic,0.014352,
C:\Users\kom-e14-1\OneDrive\MLTraining\project\microvision-ai\data\unlabeled_test_images\MEMS_devices_and_electrodes\L8_3cb0383a5380eba491034abea0e79e79.jpg,C:\Users\kom-e14-1\Documents\Codex\2026-06-05\i-have-sem-images-i-chategorized\outputs\unlabeled_cropped_for_review\L8_3cb0383a5380eba491034abea0e79e79_cropped.jpg,true,"(0, 0, 1024, 636)","(0, 636, 1024, 768)",3d_edge,0.993951,waveguide,0.003310,close_up_line,0.001964,
C:\Users\kom-e14-1\OneDrive\MLTraining\project\microvision-ai\data\unlabeled_test_images\MEMS_devices_and_electrodes\L8_3cbc416f91d51b938ba66c91e23a7484.jpg,C:\Users\kom-e14-1\Documents\Codex\2026-06-05\i-have-sem-images-i-chategorized\outputs\unlabeled_cropped_for_review\L8_3cbc416f91d51b938ba66c91e23a7484_cropped.jpg,true,"(0, 0, 1024, 659)","(0, 659, 1024, 768)",3d_edge,0.915318,waveguide,0.039928,microfluidic,0.020214,
C:\Users\kom-e14-1\OneDrive\MLTraining\project\microvision-ai\data\unlabeled_test_images\MEMS_devices_and_electrodes\L8_3cbc86256bd54ba82dbd4572ad8f5b53.jpg,C:\Users\kom-e14-1\Documents\Codex\2026-06-05\i-have-sem-images-i-chategorized\outputs\unlabeled_cropped_for_review\L8_3cbc86256bd54ba82dbd4572ad8f5b53_cropped.jpg,true,"(0, 0, 1024, 630)","(0, 630, 1024, 768)",3d_edge,0.989128,waveguide,0.003471,cantilever,0.002219,
C:\Users\kom-e14-1\OneDrive\MLTraining\project\microvision-ai\data\unlabeled_test_images\MEMS_devices_and_electrodes\L8_3d06295d1199bc8ddadbcfaf92c7a28c.jpg,C:\Users\kom-e14-1\Documents\Codex\2026-06-05\i-have-sem-images-i-chategorized\outputs\unlabeled_cropped_for_review\L8_3d06295d1199bc8ddadbcfaf92c7a28c_cropped.jpg,true,"(0, 0, 1024, 635)","(0, 635, 1024, 768)",3d_edge,0.871030,waveguide,0.087248,microfluidic,0.025714,
C:\Users\kom-e14-1\OneDrive\MLTraining\project\microvision-ai\data\unlabeled_test_images\MEMS_devices_and_electrodes\L8_3d74810c246eeeb1065426b55c87f3a0.jpg,C:\Users\kom-e14-1\Documents\Codex\2026-06-05\i-have-sem-images-i-chategorized\outputs\unlabeled_cropped_for_review\L8_3d74810c246eeeb1065426b55c87f3a0_cropped.jpg,true,"(0, 0, 1024, 635)","(0, 635, 1024, 768)",3d_edge,0.969789,waveguide,0.014446,close_up_line,0.005163,
C:\Users\kom-e14-1\OneDrive\MLTraining\project\microvision-ai\data\unlabeled_test_images\MEMS_devices_and_electrodes\L8_3e187f5998fe2a4c5f1739374753ea6c.jpg,C:\Users\kom-e14-1\Documents\Codex\2026-06-05\i-have-sem-images-i-chategorized\outputs\unlabeled_cropped_for_review\L8_3e187f5998fe2a4c5f1739374753ea6c_cropped.jpg,true,"(0, 0, 1024, 636)","(0, 636, 1024, 768)",3d_edge,0.987133,close_up_line,0.004345,waveguide,0.003411,
C:\Users\kom-e14-1\OneDrive\MLTraining\project\microvision-ai\data\unlabeled_test_images\MEMS_devices_and_electrodes\L8_3e561b071222292c4de77ce07ee93362.jpg,C:\Users\kom-e14-1\Documents\Codex\2026-06-05\i-have-sem-images-i-chategorized\outputs\unlabeled_cropped_for_review\L8_3e561b071222292c4de77ce07ee93362_cropped.jpg,true,"(0, 0, 1024, 631)","(0, 631, 1024, 768)",3d_edge,0.932909,waveguide,0.028525,close_up_line,0.016803,
C:\Users\kom-e14-1\OneDrive\MLTraining\project\microvision-ai\data\unlabeled_test_images\MEMS_devices_and_electrodes\L8_3e8bafbd725bd5aa25f14f295ec4f612.jpg,C:\Users\kom-e14-1\Documents\Codex\2026-06-05\i-have-sem-images-i-chategorized\outputs\unlabeled_cropped_for_review\L8_3e8bafbd725bd5aa25f14f295ec4f612_cropped.jpg,true,"(0, 0, 1024, 607)","(0, 607, 1024, 768)",3d_edge,0.822302,waveguide,0.103108,cantilever,0.024055,
C:\Users\kom-e14-1\OneDrive\MLTraining\project\microvision-ai\data\unlabeled_test_images\MEMS_devices_and_electrodes\L8_3f1e6c6226afc145574652f9bb4fe764.jpg,C:\Users\kom-e14-1\Documents\Codex\2026-06-05\i-have-sem-images-i-chategorized\outputs\unlabeled_cropped_for_review\L8_3f1e6c6226afc145574652f9bb4fe764_cropped.jpg,true,"(0, 0, 1024, 607)","(0, 607, 1024, 768)",3d_edge,0.709587,waveguide,0.226945,close_up_line,0.025587,
C:\Users\kom-e14-1\OneDrive\MLTraining\project\microvision-ai\data\unlabeled_test_images\MEMS_devices_and_electrodes\L8_3f4e7d0fa5db4ccb8e60003c76b9b950.jpg,C:\Users\kom-e14-1\Documents\Codex\2026-06-05\i-have-sem-images-i-chategorized\outputs\unlabeled_cropped_for_review\L8_3f4e7d0fa5db4ccb8e60003c76b9b950_cropped.jpg,true,"(0, 0, 1024, 631)","(0, 631, 1024, 768)",3d_edge,0.601866,waveguide,0.156316,cantilever,0.060244,
C:\Users\kom-e14-1\OneDrive\MLTraining\project\microvision-ai\data\unlabeled_test_images\MEMS_devices_and_electrodes\L8_40204a553a0f8e55b1d327a3ca49f4df.jpg,C:\Users\kom-e14-1\Documents\Codex\2026-06-05\i-have-sem-images-i-chategorized\outputs\unlabeled_cropped_for_review\L8_40204a553a0f8e55b1d327a3ca49f4df_cropped.jpg,true,"(0, 0, 1024, 644)","(0, 644, 1024, 768)",cantilever,0.637181,3d_edge,0.288528,waveguide,0.054427,
C:\Users\kom-e14-1\OneDrive\MLTraining\project\microvision-ai\data\unlabeled_test_images\MEMS_devices_and_electrodes\L8_40416f024344b3b725f34d7fc57fa0a0.jpg,C:\Users\kom-e14-1\Documents\Codex\2026-06-05\i-have-sem-images-i-chategorized\outputs\unlabeled_cropped_for_review\L8_40416f024344b3b725f34d7fc57fa0a0_cropped.jpg,true,"(0, 0, 1024, 505)","(0, 505, 1024, 768)",3d_edge,0.928711,microfluidic,0.026157,cantilever,0.021841,
C:\Users\kom-e14-1\OneDrive\MLTraining\project\microvision-ai\data\unlabeled_test_images\MEMS_devices_and_electrodes\L8_4058f0c78a9bcadffe479b13aca93b60.jpg,C:\Users\kom-e14-1\Documents\Codex\2026-06-05\i-have-sem-images-i-chategorized\outputs\unlabeled_cropped_for_review\L8_4058f0c78a9bcadffe479b13aca93b60_cropped.jpg,true,"(0, 0, 1024, 499)","(0, 499, 1024, 768)",3d_edge,0.996557,microfluidic,0.002043,waveguide,0.000893,
C:\Users\kom-e14-1\OneDrive\MLTraining\project\microvision-ai\data\unlabeled_test_images\MEMS_devices_and_electrodes\L8_405f3e883a302119a1b5b2189f948787.jpg,C:\Users\kom-e14-1\Documents\Codex\2026-06-05\i-have-sem-images-i-chategorized\outputs\unlabeled_cropped_for_review\L8_405f3e883a302119a1b5b2189f948787_cropped.jpg,true,"(0, 0, 1024, 635)","(0, 635, 1024, 768)",3d_edge,0.996006,close_up_line,0.001390,waveguide,0.001339,
C:\Users\kom-e14-1\OneDrive\MLTraining\project\microvision-ai\data\unlabeled_test_images\MEMS_devices_and_electrodes\L8_4093075ef65342f7cfd31e15d25eea8e.jpg,C:\Users\kom-e14-1\Documents\Codex\2026-06-05\i-have-sem-images-i-chategorized\outputs\unlabeled_cropped_for_review\L8_4093075ef65342f7cfd31e15d25eea8e_cropped.jpg,true,"(0, 0, 1024, 636)","(0, 636, 1024, 768)",Bond-Pad-Array,0.304399,close_up_line,0.189884,Electrode,0.177349,
C:\Users\kom-e14-1\OneDrive\MLTraining\project\microvision-ai\data\unlabeled_test_images\MEMS_devices_and_electrodes\L8_4094f5219d6326d0c7e228adcd929cc1.jpg,C:\Users\kom-e14-1\Documents\Codex\2026-06-05\i-have-sem-images-i-chategorized\outputs\unlabeled_cropped_for_review\L8_4094f5219d6326d0c7e228adcd929cc1_cropped.jpg,true,"(0, 0, 1024, 635)","(0, 635, 1024, 768)",3d_edge,0.994007,waveguide,0.002214,close_up_line,0.001232,
C:\Users\kom-e14-1\OneDrive\MLTraining\project\microvision-ai\data\unlabeled_test_images\MEMS_devices_and_electrodes\L8_40aa12722b3b210eb5b5234606c8966d.jpg,C:\Users\kom-e14-1\Documents\Codex\2026-06-05\i-have-sem-images-i-chategorized\outputs\unlabeled_cropped_for_review\L8_40aa12722b3b210eb5b5234606c8966d_cropped.jpg,true,"(0, 0, 1024, 631)","(0, 631, 1024, 768)",microfluidic,0.967502,3d_edge,0.030915,Electrode,0.000487,
C:\Users\kom-e14-1\OneDrive\MLTraining\project\microvision-ai\data\unlabeled_test_images\MEMS_devices_and_electrodes\L8_412115bff97d655709fb8fa4913ac36e.jpg,C:\Users\kom-e14-1\Documents\Codex\2026-06-05\i-have-sem-images-i-chategorized\outputs\unlabeled_cropped_for_review\L8_412115bff97d655709fb8fa4913ac36e_cropped.jpg,true,"(0, 0, 1024, 659)","(0, 659, 1024, 768)",Electrode,0.698972,3d_edge,0.183853,close_up_line,0.043911,
C:\Users\kom-e14-1\OneDrive\MLTraining\project\microvision-ai\data\unlabeled_test_images\MEMS_devices_and_electrodes\L8_412c4ecd39e3df1339ba09c54213e482.jpg,C:\Users\kom-e14-1\Documents\Codex\2026-06-05\i-have-sem-images-i-chategorized\outputs\unlabeled_cropped_for_review\L8_412c4ecd39e3df1339ba09c54213e482_cropped.jpg,true,"(0, 0, 1024, 616)","(0, 616, 1024, 768)",waveguide,0.966222,close_up_line,0.014564,Electrode,0.004964,
C:\Users\kom-e14-1\OneDrive\MLTraining\project\microvision-ai\data\unlabeled_test_images\MEMS_devices_and_electrodes\L8_41383211757e4661707eb1b2da9e441d.jpg,C:\Users\kom-e14-1\Documents\Codex\2026-06-05\i-have-sem-images-i-chategorized\outputs\unlabeled_cropped_for_review\L8_41383211757e4661707eb1b2da9e441d_cropped.jpg,true,"(0, 0, 1024, 636)","(0, 636, 1024, 768)",3d_edge,0.999027,microfluidic,0.000310,Electrode,0.000280,
C:\Users\kom-e14-1\OneDrive\MLTraining\project\microvision-ai\data\unlabeled_test_images\MEMS_devices_and_electrodes\L8_415121708d1b8218b05f8a3f450a4d74.jpg,C:\Users\kom-e14-1\Documents\Codex\2026-06-05\i-have-sem-images-i-chategorized\outputs\unlabeled_cropped_for_review\L8_415121708d1b8218b05f8a3f450a4d74_cropped.jpg,true,"(0, 0, 1024, 499)","(0, 499, 1024, 768)",3d_edge,0.833687,waveguide,0.064631,microfluidic,0.056021,
C:\Users\kom-e14-1\OneDrive\MLTraining\project\microvision-ai\data\unlabeled_test_images\MEMS_devices_and_electrodes\L8_4162a10b3808ace705a888a86efb4981.jpg,C:\Users\kom-e14-1\Documents\Codex\2026-06-05\i-have-sem-images-i-chategorized\outputs\unlabeled_cropped_for_review\L8_4162a10b3808ace705a888a86efb4981_cropped.jpg,true,"(0, 0, 1024, 636)","(0, 636, 1024, 768)",3d_edge,0.982606,microfluidic,0.005404,Electrode,0.004137,
C:\Users\kom-e14-1\OneDrive\MLTraining\project\microvision-ai\data\unlabeled_test_images\MEMS_devices_and_electrodes\L8_41757c2ffe8c39c19f31668c43c969ac.jpg,C:\Users\kom-e14-1\Documents\Codex\2026-06-05\i-have-sem-images-i-chategorized\outputs\unlabeled_cropped_for_review\L8_41757c2ffe8c39c19f31668c43c969ac_cropped.jpg,true,"(0, 0, 1024, 607)","(0, 607, 1024, 768)",close_up_line,0.629448,Electrode,0.352579,3d_edge,0.008705,
C:\Users\kom-e14-1\OneDrive\MLTraining\project\microvision-ai\data\unlabeled_test_images\MEMS_devices_and_electrodes\L8_4175ca3ac7b40edd2b6d218d30e75528.jpg,C:\Users\kom-e14-1\Documents\Codex\2026-06-05\i-have-sem-images-i-chategorized\outputs\unlabeled_cropped_for_review\L8_4175ca3ac7b40edd2b6d218d30e75528_cropped.jpg,true,"(0, 0, 1024, 636)","(0, 636, 1024, 768)",3d_edge,0.976906,waveguide,0.018181,Electrode,0.002132,
C:\Users\kom-e14-1\OneDrive\MLTraining\project\microvision-ai\data\unlabeled_test_images\MEMS_devices_and_electrodes\L8_4179465ceceb06284517674e1c6873d4.jpg,C:\Users\kom-e14-1\Documents\Codex\2026-06-05\i-have-sem-images-i-chategorized\outputs\unlabeled_cropped_for_review\L8_4179465ceceb06284517674e1c6873d4_cropped.jpg,true,"(0, 0, 1024, 607)","(0, 607, 1024, 768)",close_up_line,0.543472,Electrode,0.441714,Bond-Pad-Array,0.009343,
C:\Users\kom-e14-1\OneDrive\MLTraining\project\microvision-ai\data\unlabeled_test_images\MEMS_devices_and_electrodes\L8_417953293539d5a60e36b19adc10882c.jpg,C:\Users\kom-e14-1\Documents\Codex\2026-06-05\i-have-sem-images-i-chategorized\outputs\unlabeled_cropped_for_review\L8_417953293539d5a60e36b19adc10882c_cropped.jpg,true,"(0, 0, 1024, 607)","(0, 607, 1024, 768)",close_up_line,0.935691,Electrode,0.045730,microfluidic,0.005778,
C:\Users\kom-e14-1\OneDrive\MLTraining\project\microvision-ai\data\unlabeled_test_images\MEMS_devices_and_electrodes\L8_418464b635eeddefc2610a54f11b0a65.jpg,C:\Users\kom-e14-1\Documents\Codex\2026-06-05\i-have-sem-images-i-chategorized\outputs\unlabeled_cropped_for_review\L8_418464b635eeddefc2610a54f11b0a65_cropped.jpg,true,"(0, 0, 1024, 635)","(0, 635, 1024, 768)",3d_edge,0.999098,waveguide,0.000342,cantilever,0.000235,
C:\Users\kom-e14-1\OneDrive\MLTraining\project\microvision-ai\data\unlabeled_test_images\MEMS_devices_and_electrodes\L8_4184a9d5c68f60c7a1dd440087d1d2ac.jpg,C:\Users\kom-e14-1\Documents\Codex\2026-06-05\i-have-sem-images-i-chategorized\outputs\unlabeled_cropped_for_review\L8_4184a9d5c68f60c7a1dd440087d1d2ac_cropped.jpg,true,"(0, 0, 1024, 499)","(0, 499, 1024, 768)",3d_edge,0.999658,microfluidic,0.000171,waveguide,0.000100,
C:\Users\kom-e14-1\OneDrive\MLTraining\project\microvision-ai\data\unlabeled_test_images\MEMS_devices_and_electrodes\L8_41ab8a3169468bf80d6184e01b6e8c12.jpg,C:\Users\kom-e14-1\Documents\Codex\2026-06-05\i-have-sem-images-i-chategorized\outputs\unlabeled_cropped_for_review\L8_41ab8a3169468bf80d6184e01b6e8c12_cropped.jpg,true,"(0, 0, 1024, 645)","(0, 645, 1024, 768)",3d_edge,0.946752,waveguide,0.017228,microfluidic,0.012379,
C:\Users\kom-e14-1\OneDrive\MLTraining\project\microvision-ai\data\unlabeled_test_images\MEMS_devices_and_electrodes\L8_41c4b63a5ca45723f779292f8325e34f.jpg,C:\Users\kom-e14-1\Documents\Codex\2026-06-05\i-have-sem-images-i-chategorized\outputs\unlabeled_cropped_for_review\L8_41c4b63a5ca45723f779292f8325e34f_cropped.jpg,true,"(0, 0, 1024, 636)","(0, 636, 1024, 768)",3d_edge,0.749203,waveguide,0.235622,cantilever,0.004525,
C:\Users\kom-e14-1\OneDrive\MLTraining\project\microvision-ai\data\unlabeled_test_images\MEMS_devices_and_electrodes\L8_41d1d891f171f496c7a26d7473025f5a.jpg,C:\Users\kom-e14-1\Documents\Codex\2026-06-05\i-have-sem-images-i-chategorized\outputs\unlabeled_cropped_for_review\L8_41d1d891f171f496c7a26d7473025f5a_cropped.jpg,true,"(0, 0, 1024, 594)","(0, 594, 1024, 768)",3d_edge,0.644155,Electrode,0.188625,close_up_line,0.130859,
C:\Users\kom-e14-1\OneDrive\MLTraining\project\microvision-ai\data\unlabeled_test_images\MEMS_devices_and_electrodes\L8_41d555490b7e69d196b234811adff8f0.jpg,C:\Users\kom-e14-1\Documents\Codex\2026-06-05\i-have-sem-images-i-chategorized\outputs\unlabeled_cropped_for_review\L8_41d555490b7e69d196b234811adff8f0_cropped.jpg,true,"(0, 0, 1024, 607)","(0, 607, 1024, 768)",waveguide,0.944282,3d_edge,0.047523,cantilever,0.004427,
C:\Users\kom-e14-1\OneDrive\MLTraining\project\microvision-ai\data\unlabeled_test_images\MEMS_devices_and_electrodes\L8_41e19f32152231eed97cea18084ae706.jpg,C:\Users\kom-e14-1\Documents\Codex\2026-06-05\i-have-sem-images-i-chategorized\outputs\unlabeled_cropped_for_review\L8_41e19f32152231eed97cea18084ae706_cropped.jpg,false,"(0, 0, 1024, 768)",,close_up_line,0.321411,3d_edge,0.312550,Electrode,0.265518,
C:\Users\kom-e14-1\OneDrive\MLTraining\project\microvision-ai\data\unlabeled_test_images\MEMS_devices_and_electrodes\L8_42085c5448fcb718216f533623d346ff.jpg,C:\Users\kom-e14-1\Documents\Codex\2026-06-05\i-have-sem-images-i-chategorized\outputs\unlabeled_cropped_for_review\L8_42085c5448fcb718216f533623d346ff_cropped.jpg,true,"(0, 0, 1024, 607)","(0, 607, 1024, 768)",3d_edge,0.742346,waveguide,0.199277,close_up_line,0.020698,
C:\Users\kom-e14-1\OneDrive\MLTraining\project\microvision-ai\data\unlabeled_test_images\MEMS_devices_and_electrodes\L8_42087c77d210ba9e1cbe48cd8632c54b.jpg,C:\Users\kom-e14-1\Documents\Codex\2026-06-05\i-have-sem-images-i-chategorized\outputs\unlabeled_cropped_for_review\L8_42087c77d210ba9e1cbe48cd8632c54b_cropped.jpg,true,"(0, 0, 1024, 499)","(0, 499, 1024, 768)",3d_edge,0.999174,microfluidic,0.000476,waveguide,0.000199,
C:\Users\kom-e14-1\OneDrive\MLTraining\project\microvision-ai\data\unlabeled_test_images\MEMS_devices_and_electrodes\L8_42111880b79d285dd037a9707d20b1df.jpg,C:\Users\kom-e14-1\Documents\Codex\2026-06-05\i-have-sem-images-i-chategorized\outputs\unlabeled_cropped_for_review\L8_42111880b79d285dd037a9707d20b1df_cropped.jpg,true,"(0, 0, 1024, 635)","(0, 635, 1024, 768)",3d_edge,0.953188,waveguide,0.020987,close_up_line,0.010399,
C:\Users\kom-e14-1\OneDrive\MLTraining\project\microvision-ai\data\unlabeled_test_images\MEMS_devices_and_electrodes\L8_423358f609f451fe25ac35503ece2ef6.jpg,C:\Users\kom-e14-1\Documents\Codex\2026-06-05\i-have-sem-images-i-chategorized\outputs\unlabeled_cropped_for_review\L8_423358f609f451fe25ac35503ece2ef6_cropped.jpg,true,"(0, 0, 1024, 607)","(0, 607, 1024, 768)",Electrode,0.691671,close_up_line,0.285313,3d_edge,0.009538,
C:\Users\kom-e14-1\OneDrive\MLTraining\project\microvision-ai\data\unlabeled_test_images\MEMS_devices_and_electrodes\L8_4234e547834afc8f853574d8df98bd32.jpg,C:\Users\kom-e14-1\Documents\Codex\2026-06-05\i-have-sem-images-i-chategorized\outputs\unlabeled_cropped_for_review\L8_4234e547834afc8f853574d8df98bd32_cropped.jpg,true,"(0, 0, 1024, 594)","(0, 594, 1024, 768)",close_up_line,0.269794,3d_edge,0.246065,cantilever,0.214651,
C:\Users\kom-e14-1\OneDrive\MLTraining\project\microvision-ai\data\unlabeled_test_images\MEMS_devices_and_electrodes\L8_4236f43ce08ac3ea1a81b419d0a51c79.jpg,C:\Users\kom-e14-1\Documents\Codex\2026-06-05\i-have-sem-images-i-chategorized\outputs\unlabeled_cropped_for_review\L8_4236f43ce08ac3ea1a81b419d0a51c79_cropped.jpg,true,"(0, 0, 1024, 635)","(0, 635, 1024, 768)",3d_edge,0.909017,waveguide,0.025096,microfluidic,0.019679,
C:\Users\kom-e14-1\OneDrive\MLTraining\project\microvision-ai\data\unlabeled_test_images\MEMS_devices_and_electrodes\L8_42523787df648b7f178f422df80bdc96.jpg,C:\Users\kom-e14-1\Documents\Codex\2026-06-05\i-have-sem-images-i-chategorized\outputs\unlabeled_cropped_for_review\L8_42523787df648b7f178f422df80bdc96_cropped.jpg,true,"(0, 0, 1024, 637)","(0, 637, 1024, 768)",Bond-Pad-Array,0.905287,Electrode,0.033263,close_up_line,0.019886,
C:\Users\kom-e14-1\OneDrive\MLTraining\project\microvision-ai\data\unlabeled_test_images\MEMS_devices_and_electrodes\L8_426369bddae2d8f36347aad9d7d7ba8b.jpg,C:\Users\kom-e14-1\Documents\Codex\2026-06-05\i-have-sem-images-i-chategorized\outputs\unlabeled_cropped_for_review\L8_426369bddae2d8f36347aad9d7d7ba8b_cropped.jpg,true,"(0, 0, 1024, 659)","(0, 659, 1024, 768)",Electrode,0.998341,close_up_line,0.001278,microfluidic,0.000138,
C:\Users\kom-e14-1\OneDrive\MLTraining\project\microvision-ai\data\unlabeled_test_images\MEMS_devices_and_electrodes\L8_429032faf14736e27ea4be475af36702.jpg,C:\Users\kom-e14-1\Documents\Codex\2026-06-05\i-have-sem-images-i-chategorized\outputs\unlabeled_cropped_for_review\L8_429032faf14736e27ea4be475af36702_cropped.jpg,true,"(0, 0, 1024, 607)","(0, 607, 1024, 768)",close_up_line,0.737897,Electrode,0.235550,Bond-Pad-Array,0.013493,
C:\Users\kom-e14-1\OneDrive\MLTraining\project\microvision-ai\data\unlabeled_test_images\MEMS_devices_and_electrodes\L8_429de85b34105e5e5028db9a5edf4de5.jpg,C:\Users\kom-e14-1\Documents\Codex\2026-06-05\i-have-sem-images-i-chategorized\outputs\unlabeled_cropped_for_review\L8_429de85b34105e5e5028db9a5edf4de5_cropped.jpg,true,"(0, 0, 1024, 659)","(0, 659, 1024, 768)",Bond-Pad-Array,0.785275,3d_edge,0.145498,waveguide,0.022859,
C:\Users\kom-e14-1\OneDrive\MLTraining\project\microvision-ai\data\unlabeled_test_images\MEMS_devices_and_electrodes\L8_42a8105be3741d227b32e6b9adf15936.jpg,C:\Users\kom-e14-1\Documents\Codex\2026-06-05\i-have-sem-images-i-chategorized\outputs\unlabeled_cropped_for_review\L8_42a8105be3741d227b32e6b9adf15936_cropped.jpg,true,"(0, 0, 1024, 635)","(0, 635, 1024, 768)",3d_edge,0.376670,waveguide,0.251891,close_up_line,0.120905,
C:\Users\kom-e14-1\OneDrive\MLTraining\project\microvision-ai\data\unlabeled_test_images\MEMS_devices_and_electrodes\L8_42a8c2d4f801bafe2bfde0467d44b827.jpg,C:\Users\kom-e14-1\Documents\Codex\2026-06-05\i-have-sem-images-i-chategorized\outputs\unlabeled_cropped_for_review\L8_42a8c2d4f801bafe2bfde0467d44b827_cropped.jpg,true,"(0, 0, 1024, 607)","(0, 607, 1024, 768)",close_up_line,0.924654,Electrode,0.050636,3d_edge,0.013999,
C:\Users\kom-e14-1\OneDrive\MLTraining\project\microvision-ai\data\unlabeled_test_images\MEMS_devices_and_electrodes\L8_42d1dc73b5fd35e475fbb5ba26787093.jpg,C:\Users\kom-e14-1\Documents\Codex\2026-06-05\i-have-sem-images-i-chategorized\outputs\unlabeled_cropped_for_review\L8_42d1dc73b5fd35e475fbb5ba26787093_cropped.jpg,true,"(0, 0, 1024, 594)","(0, 594, 1024, 768)",3d_edge,0.637894,Electrode,0.179891,close_up_line,0.143132,
C:\Users\kom-e14-1\OneDrive\MLTraining\project\microvision-ai\data\unlabeled_test_images\MEMS_devices_and_electrodes\L8_42dd15ff2518bf812b2d1f03581c4477.jpg,C:\Users\kom-e14-1\Documents\Codex\2026-06-05\i-have-sem-images-i-chategorized\outputs\unlabeled_cropped_for_review\L8_42dd15ff2518bf812b2d1f03581c4477_cropped.jpg,true,"(0, 0, 1024, 499)","(0, 499, 1024, 768)",3d_edge,0.925687,close_up_line,0.035206,microfluidic,0.012258,
C:\Users\kom-e14-1\OneDrive\MLTraining\project\microvision-ai\data\unlabeled_test_images\MEMS_devices_and_electrodes\L8_42ea51c93a7308c4401f9b5558088e63.jpg,C:\Users\kom-e14-1\Documents\Codex\2026-06-05\i-have-sem-images-i-chategorized\outputs\unlabeled_cropped_for_review\L8_42ea51c93a7308c4401f9b5558088e63_cropped.jpg,true,"(0, 0, 1024, 637)","(0, 637, 1024, 768)",3d_edge,0.760185,microfluidic,0.117933,waveguide,0.083115,
C:\Users\kom-e14-1\OneDrive\MLTraining\project\microvision-ai\data\unlabeled_test_images\MEMS_devices_and_electrodes\L8_42f6cbafac51620f02d3e66390d3c2af.jpg,C:\Users\kom-e14-1\Documents\Codex\2026-06-05\i-have-sem-images-i-chategorized\outputs\unlabeled_cropped_for_review\L8_42f6cbafac51620f02d3e66390d3c2af_cropped.jpg,true,"(0, 0, 1023, 636)","(0, 636, 1023, 767)",cantilever,0.866144,3d_edge,0.091538,Electrode,0.030924,
C:\Users\kom-e14-1\OneDrive\MLTraining\project\microvision-ai\data\unlabeled_test_images\MEMS_devices_and_electrodes\L8_42fee67a00ce4145129284e7e31bb76d.jpg,C:\Users\kom-e14-1\Documents\Codex\2026-06-05\i-have-sem-images-i-chategorized\outputs\unlabeled_cropped_for_review\L8_42fee67a00ce4145129284e7e31bb76d_cropped.jpg,true,"(0, 0, 1024, 577)","(0, 577, 1024, 768)",Bond-Pad-Array,0.609380,close_up_line,0.181140,Electrode,0.059295,
C:\Users\kom-e14-1\OneDrive\MLTraining\project\microvision-ai\data\unlabeled_test_images\MEMS_devices_and_electrodes\L8_4346f060b2a0bf26f5c7e72c48446c23.jpg,C:\Users\kom-e14-1\Documents\Codex\2026-06-05\i-have-sem-images-i-chategorized\outputs\unlabeled_cropped_for_review\L8_4346f060b2a0bf26f5c7e72c48446c23_cropped.jpg,true,"(0, 0, 1024, 663)","(0, 663, 1024, 768)",3d_edge,0.997626,waveguide,0.000735,Electrode,0.000542,
C:\Users\kom-e14-1\OneDrive\MLTraining\project\microvision-ai\data\unlabeled_test_images\MEMS_devices_and_electrodes\L8_43a5c9bcbf3c049f4fd17d5610d15646.jpg,C:\Users\kom-e14-1\Documents\Codex\2026-06-05\i-have-sem-images-i-chategorized\outputs\unlabeled_cropped_for_review\L8_43a5c9bcbf3c049f4fd17d5610d15646_cropped.jpg,true,"(0, 0, 1024, 631)","(0, 631, 1024, 768)",3d_edge,0.965269,waveguide,0.014628,Electrode,0.008904,
C:\Users\kom-e14-1\OneDrive\MLTraining\project\microvision-ai\data\unlabeled_test_images\MEMS_devices_and_electrodes\L8_43c4d8e8b3b6e58d34aab6eb652553f8.jpg,C:\Users\kom-e14-1\Documents\Codex\2026-06-05\i-have-sem-images-i-chategorized\outputs\unlabeled_cropped_for_review\L8_43c4d8e8b3b6e58d34aab6eb652553f8_cropped.jpg,true,"(0, 0, 1024, 607)","(0, 607, 1024, 768)",Electrode,0.558913,close_up_line,0.214156,3d_edge,0.180708,
C:\Users\kom-e14-1\OneDrive\MLTraining\project\microvision-ai\data\unlabeled_test_images\MEMS_devices_and_electrodes\L8_43e36d3f789965716d8008e337e6e766.jpg,C:\Users\kom-e14-1\Documents\Codex\2026-06-05\i-have-sem-images-i-chategorized\outputs\unlabeled_cropped_for_review\L8_43e36d3f789965716d8008e337e6e766_cropped.jpg,true,"(0, 0, 1024, 637)","(0, 637, 1024, 768)",3d_edge,0.654405,microfluidic,0.090817,waveguide,0.087465,
C:\Users\kom-e14-1\OneDrive\MLTraining\project\microvision-ai\data\unlabeled_test_images\MEMS_devices_and_electrodes\L8_43e69b61f40272146f88dbf4151fd765.jpg,C:\Users\kom-e14-1\Documents\Codex\2026-06-05\i-have-sem-images-i-chategorized\outputs\unlabeled_cropped_for_review\L8_43e69b61f40272146f88dbf4151fd765_cropped.jpg,true,"(0, 0, 1024, 636)","(0, 636, 1024, 768)",3d_edge,0.620857,waveguide,0.090670,Electrode,0.072981,
C:\Users\kom-e14-1\OneDrive\MLTraining\project\microvision-ai\data\unlabeled_test_images\MEMS_devices_and_electrodes\L8_44440607fecf3abc70eaf3f1207d5e8f.jpg,C:\Users\kom-e14-1\Documents\Codex\2026-06-05\i-have-sem-images-i-chategorized\outputs\unlabeled_cropped_for_review\L8_44440607fecf3abc70eaf3f1207d5e8f_cropped.jpg,true,"(0, 0, 1024, 540)","(0, 540, 1024, 768)",3d_edge,0.870438,microfluidic,0.084316,waveguide,0.030705,
C:\Users\kom-e14-1\OneDrive\MLTraining\project\microvision-ai\data\unlabeled_test_images\MEMS_devices_and_electrodes\L8_4449065a7fec2fc0191317c62b8e8b54.jpg,C:\Users\kom-e14-1\Documents\Codex\2026-06-05\i-have-sem-images-i-chategorized\outputs\unlabeled_cropped_for_review\L8_4449065a7fec2fc0191317c62b8e8b54_cropped.jpg,true,"(0, 0, 1024, 499)","(0, 499, 1024, 768)",cantilever,0.640334,Bond-Pad-Array,0.153459,Electrode,0.147312,
C:\Users\kom-e14-1\OneDrive\MLTraining\project\microvision-ai\data\unlabeled_test_images\MEMS_devices_and_electrodes\L8_445b4664d8658e9f93b1e3b1f307e74d.jpg,C:\Users\kom-e14-1\Documents\Codex\2026-06-05\i-have-sem-images-i-chategorized\outputs\unlabeled_cropped_for_review\L8_445b4664d8658e9f93b1e3b1f307e74d_cropped.jpg,true,"(0, 0, 1024, 607)","(0, 607, 1024, 768)",close_up_line,0.892564,Electrode,0.092464,microfluidic,0.006730,
C:\Users\kom-e14-1\OneDrive\MLTraining\project\microvision-ai\data\unlabeled_test_images\MEMS_devices_and_electrodes\L8_446e5b33691c544352dc994b37c32c4e.jpg,C:\Users\kom-e14-1\Documents\Codex\2026-06-05\i-have-sem-images-i-chategorized\outputs\unlabeled_cropped_for_review\L8_446e5b33691c544352dc994b37c32c4e_cropped.jpg,true,"(0, 0, 1024, 675)","(0, 675, 1024, 768)",Electrode,0.365258,3d_edge,0.331734,close_up_line,0.178438,
C:\Users\kom-e14-1\OneDrive\MLTraining\project\microvision-ai\data\unlabeled_test_images\MEMS_devices_and_electrodes\L8_4480461b0fe10126a80041c1ab4a8c1d.jpg,C:\Users\kom-e14-1\Documents\Codex\2026-06-05\i-have-sem-images-i-chategorized\outputs\unlabeled_cropped_for_review\L8_4480461b0fe10126a80041c1ab4a8c1d_cropped.jpg,true,"(0, 0, 1024, 643)","(0, 643, 1024, 768)",3d_edge,0.770957,cantilever,0.162311,Electrode,0.024895,
C:\Users\kom-e14-1\OneDrive\MLTraining\project\microvision-ai\data\unlabeled_test_images\MEMS_devices_and_electrodes\L8_44887b9b60ebc85cceadd1543a4e44e1.jpg,C:\Users\kom-e14-1\Documents\Codex\2026-06-05\i-have-sem-images-i-chategorized\outputs\unlabeled_cropped_for_review\L8_44887b9b60ebc85cceadd1543a4e44e1_cropped.jpg,true,"(0, 0, 1024, 607)","(0, 607, 1024, 768)",Electrode,0.653116,close_up_line,0.289456,3d_edge,0.021505,
C:\Users\kom-e14-1\OneDrive\MLTraining\project\microvision-ai\data\unlabeled_test_images\MEMS_devices_and_electrodes\L8_448ce9155538aab41f22f98daf296215.jpg,C:\Users\kom-e14-1\Documents\Codex\2026-06-05\i-have-sem-images-i-chategorized\outputs\unlabeled_cropped_for_review\L8_448ce9155538aab41f22f98daf296215_cropped.jpg,true,"(0, 0, 1024, 607)","(0, 607, 1024, 768)",microfluidic,0.635569,close_up_line,0.185194,Electrode,0.084635,
C:\Users\kom-e14-1\OneDrive\MLTraining\project\microvision-ai\data\unlabeled_test_images\MEMS_devices_and_electrodes\L8_4491471e9b7b886cd89ee8f4c9f5e55a.jpg,C:\Users\kom-e14-1\Documents\Codex\2026-06-05\i-have-sem-images-i-chategorized\outputs\unlabeled_cropped_for_review\L8_4491471e9b7b886cd89ee8f4c9f5e55a_cropped.jpg,true,"(0, 0, 1024, 658)","(0, 658, 1024, 768)",3d_edge,0.797379,close_up_line,0.091213,Electrode,0.079797,
C:\Users\kom-e14-1\OneDrive\MLTraining\project\microvision-ai\data\unlabeled_test_images\MEMS_devices_and_electrodes\L8_4496a2d053b5abda7293c2072ec03f3e.jpg,C:\Users\kom-e14-1\Documents\Codex\2026-06-05\i-have-sem-images-i-chategorized\outputs\unlabeled_cropped_for_review\L8_4496a2d053b5abda7293c2072ec03f3e_cropped.jpg,true,"(0, 0, 1024, 607)","(0, 607, 1024, 768)",3d_edge,0.918207,waveguide,0.033725,close_up_line,0.022835,
C:\Users\kom-e14-1\OneDrive\MLTraining\project\microvision-ai\data\unlabeled_test_images\MEMS_devices_and_electrodes\L8_44aa03cc65774f9fb3c5bd634d2ba90f.jpg,C:\Users\kom-e14-1\Documents\Codex\2026-06-05\i-have-sem-images-i-chategorized\outputs\unlabeled_cropped_for_review\L8_44aa03cc65774f9fb3c5bd634d2ba90f_cropped.jpg,true,"(0, 0, 1024, 639)","(0, 639, 1024, 768)",3d_edge,0.925364,Electrode,0.052883,close_up_line,0.007904,
C:\Users\kom-e14-1\OneDrive\MLTraining\project\microvision-ai\data\unlabeled_test_images\MEMS_devices_and_electrodes\L8_44bfc5b44847984e4a3fd09e2c685f18.jpg,C:\Users\kom-e14-1\Documents\Codex\2026-06-05\i-have-sem-images-i-chategorized\outputs\unlabeled_cropped_for_review\L8_44bfc5b44847984e4a3fd09e2c685f18_cropped.jpg,true,"(0, 0, 1024, 635)","(0, 635, 1024, 768)",Bond-Pad-Array,0.790751,3d_edge,0.109744,Electrode,0.052487,
C:\Users\kom-e14-1\OneDrive\MLTraining\project\microvision-ai\data\unlabeled_test_images\MEMS_devices_and_electrodes\L8_44c2a5eb8f5439b7c39ae3eb7e9f99ef.jpg,C:\Users\kom-e14-1\Documents\Codex\2026-06-05\i-have-sem-images-i-chategorized\outputs\unlabeled_cropped_for_review\L8_44c2a5eb8f5439b7c39ae3eb7e9f99ef_cropped.jpg,true,"(0, 0, 1024, 607)","(0, 607, 1024, 768)",Electrode,0.754317,close_up_line,0.181270,3d_edge,0.027891,
C:\Users\kom-e14-1\OneDrive\MLTraining\project\microvision-ai\data\unlabeled_test_images\MEMS_devices_and_electrodes\L8_44d0e2b78fa5850aaa113fbcac174285.jpg,C:\Users\kom-e14-1\Documents\Codex\2026-06-05\i-have-sem-images-i-chategorized\outputs\unlabeled_cropped_for_review\L8_44d0e2b78fa5850aaa113fbcac174285_cropped.jpg,true,"(0, 0, 1024, 607)","(0, 607, 1024, 768)",close_up_line,0.645012,microfluidic,0.274048,3d_edge,0.026611,
C:\Users\kom-e14-1\OneDrive\MLTraining\project\microvision-ai\data\unlabeled_test_images\MEMS_devices_and_electrodes\L8_44d77fa74500a32dae8a07846b22abbb.jpg,C:\Users\kom-e14-1\Documents\Codex\2026-06-05\i-have-sem-images-i-chategorized\outputs\unlabeled_cropped_for_review\L8_44d77fa74500a32dae8a07846b22abbb_cropped.jpg,true,"(0, 0, 1024, 607)","(0, 607, 1024, 768)",waveguide,0.449267,close_up_line,0.258253,Bond-Pad-Array,0.111180,
C:\Users\kom-e14-1\OneDrive\MLTraining\project\microvision-ai\data\unlabeled_test_images\MEMS_devices_and_electrodes\L8_44f103c24db20847c03481e4ea84f19b.jpg,C:\Users\kom-e14-1\Documents\Codex\2026-06-05\i-have-sem-images-i-chategorized\outputs\unlabeled_cropped_for_review\L8_44f103c24db20847c03481e4ea84f19b_cropped.jpg,true,"(0, 0, 1024, 636)","(0, 636, 1024, 768)",3d_edge,0.995602,microfluidic,0.001778,waveguide,0.001695,
C:\Users\kom-e14-1\OneDrive\MLTraining\project\microvision-ai\data\unlabeled_test_images\MEMS_devices_and_electrodes\L8_44f28b0d8cd7a055d767651c921f701d.jpg,C:\Users\kom-e14-1\Documents\Codex\2026-06-05\i-have-sem-images-i-chategorized\outputs\unlabeled_cropped_for_review\L8_44f28b0d8cd7a055d767651c921f701d_cropped.jpg,true,"(0, 0, 1024, 637)","(0, 637, 1024, 768)",3d_edge,0.990271,waveguide,0.005292,microfluidic,0.001473,
C:\Users\kom-e14-1\OneDrive\MLTraining\project\microvision-ai\data\unlabeled_test_images\MEMS_devices_and_electrodes\L8_4516115d8a1fd478e28a90d7544c28aa.jpg,C:\Users\kom-e14-1\Documents\Codex\2026-06-05\i-have-sem-images-i-chategorized\outputs\unlabeled_cropped_for_review\L8_4516115d8a1fd478e28a90d7544c28aa_cropped.jpg,true,"(0, 0, 1024, 607)","(0, 607, 1024, 768)",waveguide,0.997673,3d_edge,0.001400,close_up_line,0.000391,
C:\Users\kom-e14-1\OneDrive\MLTraining\project\microvision-ai\data\unlabeled_test_images\MEMS_devices_and_electrodes\L8_4587661d14c325914e2f449971c61659.jpg,C:\Users\kom-e14-1\Documents\Codex\2026-06-05\i-have-sem-images-i-chategorized\outputs\unlabeled_cropped_for_review\L8_4587661d14c325914e2f449971c61659_cropped.jpg,true,"(0, 0, 1024, 607)","(0, 607, 1024, 768)",waveguide,0.990319,close_up_line,0.004325,3d_edge,0.002311,
C:\Users\kom-e14-1\OneDrive\MLTraining\project\microvision-ai\data\unlabeled_test_images\MEMS_devices_and_electrodes\L8_458876acea4bba0a22272aa98d9b04dc.jpg,C:\Users\kom-e14-1\Documents\Codex\2026-06-05\i-have-sem-images-i-chategorized\outputs\unlabeled_cropped_for_review\L8_458876acea4bba0a22272aa98d9b04dc_cropped.jpg,true,"(0, 0, 1024, 659)","(0, 659, 1024, 768)",Electrode,0.999843,close_up_line,0.000099,microfluidic,0.000021,
C:\Users\kom-e14-1\OneDrive\MLTraining\project\microvision-ai\data\unlabeled_test_images\MEMS_devices_and_electrodes\L8_45b0d9866d09145ce1471998768f44c2.jpg,C:\Users\kom-e14-1\Documents\Codex\2026-06-05\i-have-sem-images-i-chategorized\outputs\unlabeled_cropped_for_review\L8_45b0d9866d09145ce1471998768f44c2_cropped.jpg,true,"(0, 0, 1024, 499)","(0, 499, 1024, 768)",3d_edge,0.985493,microfluidic,0.009471,waveguide,0.002586,
C:\Users\kom-e14-1\OneDrive\MLTraining\project\microvision-ai\data\unlabeled_test_images\MEMS_devices_and_electrodes\L8_45bcf70fefafefbf421172358e8763e9.jpg,C:\Users\kom-e14-1\Documents\Codex\2026-06-05\i-have-sem-images-i-chategorized\outputs\unlabeled_cropped_for_review\L8_45bcf70fefafefbf421172358e8763e9_cropped.jpg,true,"(0, 0, 1024, 635)","(0, 635, 1024, 768)",3d_edge,0.994515,waveguide,0.002385,close_up_line,0.001440,
C:\Users\kom-e14-1\OneDrive\MLTraining\project\microvision-ai\data\unlabeled_test_images\MEMS_devices_and_electrodes\L8_45e0ad6e7f286799119f58f64bcb3a35.jpg,C:\Users\kom-e14-1\Documents\Codex\2026-06-05\i-have-sem-images-i-chategorized\outputs\unlabeled_cropped_for_review\L8_45e0ad6e7f286799119f58f64bcb3a35_cropped.jpg,true,"(0, 0, 1024, 658)","(0, 658, 1024, 768)",3d_edge,0.753482,cantilever,0.076446,waveguide,0.042340,
C:\Users\kom-e14-1\OneDrive\MLTraining\project\microvision-ai\data\unlabeled_test_images\MEMS_devices_and_electrodes\L8_45e57aceba1224d692e75ad09845a399.jpg,C:\Users\kom-e14-1\Documents\Codex\2026-06-05\i-have-sem-images-i-chategorized\outputs\unlabeled_cropped_for_review\L8_45e57aceba1224d692e75ad09845a399_cropped.jpg,true,"(0, 0, 1024, 637)","(0, 637, 1024, 768)",3d_edge,0.835158,microfluidic,0.161628,waveguide,0.002165,
C:\Users\kom-e14-1\OneDrive\MLTraining\project\microvision-ai\data\unlabeled_test_images\MEMS_devices_and_electrodes\L8_45f31c2dd52e357d56888d5b56b97109.jpg,C:\Users\kom-e14-1\Documents\Codex\2026-06-05\i-have-sem-images-i-chategorized\outputs\unlabeled_cropped_for_review\L8_45f31c2dd52e357d56888d5b56b97109_cropped.jpg,true,"(0, 0, 1024, 643)","(0, 643, 1024, 768)",cantilever,0.870312,3d_edge,0.090654,waveguide,0.027260,
C:\Users\kom-e14-1\OneDrive\MLTraining\project\microvision-ai\data\unlabeled_test_images\MEMS_devices_and_electrodes\L8_45f5a7a82b37292a486b731efbbf42e3.jpg,C:\Users\kom-e14-1\Documents\Codex\2026-06-05\i-have-sem-images-i-chategorized\outputs\unlabeled_cropped_for_review\L8_45f5a7a82b37292a486b731efbbf42e3_cropped.jpg,true,"(0, 0, 1024, 637)","(0, 637, 1024, 768)",3d_edge,0.981991,waveguide,0.007171,close_up_line,0.007090,
C:\Users\kom-e14-1\OneDrive\MLTraining\project\microvision-ai\data\unlabeled_test_images\MEMS_devices_and_electrodes\L8_4605943cc97d0a40c9c39172633f2f42.jpg,C:\Users\kom-e14-1\Documents\Codex\2026-06-05\i-have-sem-images-i-chategorized\outputs\unlabeled_cropped_for_review\L8_4605943cc97d0a40c9c39172633f2f42_cropped.jpg,true,"(0, 0, 1024, 607)","(0, 607, 1024, 768)",close_up_line,0.921699,Electrode,0.074628,3d_edge,0.001055,
C:\Users\kom-e14-1\OneDrive\MLTraining\project\microvision-ai\data\unlabeled_test_images\MEMS_devices_and_electrodes\L8_462037e779ed86214afa8e702ee9397c.jpg,C:\Users\kom-e14-1\Documents\Codex\2026-06-05\i-have-sem-images-i-chategorized\outputs\unlabeled_cropped_for_review\L8_462037e779ed86214afa8e702ee9397c_cropped.jpg,true,"(0, 0, 1024, 636)","(0, 636, 1024, 768)",3d_edge,0.995436,microfluidic,0.002559,waveguide,0.000581,
C:\Users\kom-e14-1\OneDrive\MLTraining\project\microvision-ai\data\unlabeled_test_images\MEMS_devices_and_electrodes\L8_4658f11fc7551f7f8fec30a73539b6d3.jpg,C:\Users\kom-e14-1\Documents\Codex\2026-06-05\i-have-sem-images-i-chategorized\outputs\unlabeled_cropped_for_review\L8_4658f11fc7551f7f8fec30a73539b6d3_cropped.jpg,true,"(0, 0, 1024, 691)","(0, 691, 1024, 768)",3d_edge,0.887666,waveguide,0.093493,cantilever,0.007573,
C:\Users\kom-e14-1\OneDrive\MLTraining\project\microvision-ai\data\unlabeled_test_images\MEMS_devices_and_electrodes\L8_4662936432bf2b563674d594e0a829e3.jpg,C:\Users\kom-e14-1\Documents\Codex\2026-06-05\i-have-sem-images-i-chategorized\outputs\unlabeled_cropped_for_review\L8_4662936432bf2b563674d594e0a829e3_cropped.jpg,true,"(0, 0, 1024, 499)","(0, 499, 1024, 768)",3d_edge,0.521352,cantilever,0.229040,waveguide,0.131635,
C:\Users\kom-e14-1\OneDrive\MLTraining\project\microvision-ai\data\unlabeled_test_images\MEMS_devices_and_electrodes\L8_46675159c5ec7ac06233f6c1a049af84.jpg,C:\Users\kom-e14-1\Documents\Codex\2026-06-05\i-have-sem-images-i-chategorized\outputs\unlabeled_cropped_for_review\L8_46675159c5ec7ac06233f6c1a049af84_cropped.jpg,true,"(0, 0, 1024, 631)","(0, 631, 1024, 768)",3d_edge,0.989434,waveguide,0.002777,microfluidic,0.002753,
C:\Users\kom-e14-1\OneDrive\MLTraining\project\microvision-ai\data\unlabeled_test_images\MEMS_devices_and_electrodes\L8_468af241319d2ed5e3d6820034320510.jpg,C:\Users\kom-e14-1\Documents\Codex\2026-06-05\i-have-sem-images-i-chategorized\outputs\unlabeled_cropped_for_review\L8_468af241319d2ed5e3d6820034320510_cropped.jpg,true,"(0, 0, 1024, 635)","(0, 635, 1024, 768)",3d_edge,0.996482,microfluidic,0.001940,Electrode,0.000635,
C:\Users\kom-e14-1\OneDrive\MLTraining\project\microvision-ai\data\unlabeled_test_images\MEMS_devices_and_electrodes\L8_469692e98b07597fa12fe1266d582b28.jpg,C:\Users\kom-e14-1\Documents\Codex\2026-06-05\i-have-sem-images-i-chategorized\outputs\unlabeled_cropped_for_review\L8_469692e98b07597fa12fe1266d582b28_cropped.jpg,true,"(0, 0, 1024, 607)","(0, 607, 1024, 768)",waveguide,0.999838,close_up_line,0.000126,microfluidic,0.000012,
C:\Users\kom-e14-1\OneDrive\MLTraining\project\microvision-ai\data\unlabeled_test_images\MEMS_devices_and_electrodes\L8_4697f77a91b02aa50dd7249afa7d29a4.jpg,C:\Users\kom-e14-1\Documents\Codex\2026-06-05\i-have-sem-images-i-chategorized\outputs\unlabeled_cropped_for_review\L8_4697f77a91b02aa50dd7249afa7d29a4_cropped.jpg,true,"(0, 0, 1024, 658)","(0, 658, 1024, 768)",3d_edge,0.855577,close_up_line,0.043116,waveguide,0.037923,
C:\Users\kom-e14-1\OneDrive\MLTraining\project\microvision-ai\data\unlabeled_test_images\MEMS_devices_and_electrodes\L8_4698d12f526046622551c7a8e7c39033.jpg,C:\Users\kom-e14-1\Documents\Codex\2026-06-05\i-have-sem-images-i-chategorized\outputs\unlabeled_cropped_for_review\L8_4698d12f526046622551c7a8e7c39033_cropped.jpg,true,"(0, 0, 1024, 607)","(0, 607, 1024, 768)",Bond-Pad-Array,0.998765,microfluidic,0.000237,close_up_line,0.000218,
C:\Users\kom-e14-1\OneDrive\MLTraining\project\microvision-ai\data\unlabeled_test_images\MEMS_devices_and_electrodes\L8_46f4279c43cb98aac5501e590da52ee1.jpg,C:\Users\kom-e14-1\Documents\Codex\2026-06-05\i-have-sem-images-i-chategorized\outputs\unlabeled_cropped_for_review\L8_46f4279c43cb98aac5501e590da52ee1_cropped.jpg,true,"(0, 0, 1024, 607)","(0, 607, 1024, 768)",waveguide,0.923410,3d_edge,0.031048,close_up_line,0.017107,
C:\Users\kom-e14-1\OneDrive\MLTraining\project\microvision-ai\data\unlabeled_test_images\MEMS_devices_and_electrodes\L8_470db4b92dd9b784e094eb6e3eb9f9ff.jpg,C:\Users\kom-e14-1\Documents\Codex\2026-06-05\i-have-sem-images-i-chategorized\outputs\unlabeled_cropped_for_review\L8_470db4b92dd9b784e094eb6e3eb9f9ff_cropped.jpg,true,"(0, 0, 1024, 635)","(0, 635, 1024, 768)",3d_edge,0.992206,waveguide,0.004533,close_up_line,0.001792,
C:\Users\kom-e14-1\OneDrive\MLTraining\project\microvision-ai\data\unlabeled_test_images\MEMS_devices_and_electrodes\L8_470f751336be02b0dcab7d8a7a202fed.jpg,C:\Users\kom-e14-1\Documents\Codex\2026-06-05\i-have-sem-images-i-chategorized\outputs\unlabeled_cropped_for_review\L8_470f751336be02b0dcab7d8a7a202fed_cropped.jpg,true,"(0, 0, 1024, 635)","(0, 635, 1024, 768)",cantilever,0.897866,Electrode,0.052131,close_up_line,0.033122,
C:\Users\kom-e14-1\OneDrive\MLTraining\project\microvision-ai\data\unlabeled_test_images\MEMS_devices_and_electrodes\L8_471516a3596ef428178917c1e62f95e5.jpg,C:\Users\kom-e14-1\Documents\Codex\2026-06-05\i-have-sem-images-i-chategorized\outputs\unlabeled_cropped_for_review\L8_471516a3596ef428178917c1e62f95e5_cropped.jpg,true,"(0, 0, 1024, 646)","(0, 646, 1024, 768)",3d_edge,0.982188,microfluidic,0.007849,cantilever,0.004755,
C:\Users\kom-e14-1\OneDrive\MLTraining\project\microvision-ai\data\unlabeled_test_images\MEMS_devices_and_electrodes\L8_473ad866564947848eaab69987b4b11e.jpg,C:\Users\kom-e14-1\Documents\Codex\2026-06-05\i-have-sem-images-i-chategorized\outputs\unlabeled_cropped_for_review\L8_473ad866564947848eaab69987b4b11e_cropped.jpg,true,"(0, 0, 1024, 594)","(0, 594, 1024, 768)",Electrode,0.436058,3d_edge,0.270500,close_up_line,0.235392,
C:\Users\kom-e14-1\OneDrive\MLTraining\project\microvision-ai\data\unlabeled_test_images\MEMS_devices_and_electrodes\L8_473b0d73c80234356bdb5b733b100eba.jpg,C:\Users\kom-e14-1\Documents\Codex\2026-06-05\i-have-sem-images-i-chategorized\outputs\unlabeled_cropped_for_review\L8_473b0d73c80234356bdb5b733b100eba_cropped.jpg,true,"(0, 0, 1024, 635)","(0, 635, 1024, 768)",3d_edge,0.919553,Electrode,0.027599,cantilever,0.021903,
C:\Users\kom-e14-1\OneDrive\MLTraining\project\microvision-ai\data\unlabeled_test_images\MEMS_devices_and_electrodes\L8_4743e7065e607f1cf4c237b7bf64c2b4.jpg,C:\Users\kom-e14-1\Documents\Codex\2026-06-05\i-have-sem-images-i-chategorized\outputs\unlabeled_cropped_for_review\L8_4743e7065e607f1cf4c237b7bf64c2b4_cropped.jpg,true,"(0, 0, 1024, 631)","(0, 631, 1024, 768)",3d_edge,0.997752,waveguide,0.001353,microfluidic,0.000425,
C:\Users\kom-e14-1\OneDrive\MLTraining\project\microvision-ai\data\unlabeled_test_images\MEMS_devices_and_electrodes\L8_4754b386bb1cb49da6716c7001c87eb3.jpg,C:\Users\kom-e14-1\Documents\Codex\2026-06-05\i-have-sem-images-i-chategorized\outputs\unlabeled_cropped_for_review\L8_4754b386bb1cb49da6716c7001c87eb3_cropped.jpg,true,"(0, 0, 1024, 635)","(0, 635, 1024, 768)",3d_edge,0.985727,waveguide,0.006435,microfluidic,0.002697,
C:\Users\kom-e14-1\OneDrive\MLTraining\project\microvision-ai\data\unlabeled_test_images\MEMS_devices_and_electrodes\L8_475858dd530253f8e43c47e08b8d34ce.jpg,C:\Users\kom-e14-1\Documents\Codex\2026-06-05\i-have-sem-images-i-chategorized\outputs\unlabeled_cropped_for_review\L8_475858dd530253f8e43c47e08b8d34ce_cropped.jpg,true,"(0, 0, 1024, 635)","(0, 635, 1024, 768)",3d_edge,0.991117,waveguide,0.003152,Electrode,0.001396,
C:\Users\kom-e14-1\OneDrive\MLTraining\project\microvision-ai\data\unlabeled_test_images\MEMS_devices_and_electrodes\L8_476664f96545d2285ad42197dcab889c.jpg,C:\Users\kom-e14-1\Documents\Codex\2026-06-05\i-have-sem-images-i-chategorized\outputs\unlabeled_cropped_for_review\L8_476664f96545d2285ad42197dcab889c_cropped.jpg,true,"(0, 0, 1024, 636)","(0, 636, 1024, 768)",3d_edge,0.995319,waveguide,0.002170,close_up_line,0.000717,
C:\Users\kom-e14-1\OneDrive\MLTraining\project\microvision-ai\data\unlabeled_test_images\MEMS_devices_and_electrodes\L8_4779950714fcaac45f2c911ef677c83a.jpg,C:\Users\kom-e14-1\Documents\Codex\2026-06-05\i-have-sem-images-i-chategorized\outputs\unlabeled_cropped_for_review\L8_4779950714fcaac45f2c911ef677c83a_cropped.jpg,true,"(0, 0, 1024, 630)","(0, 630, 1024, 768)",Electrode,0.482047,close_up_line,0.220882,3d_edge,0.178399,
C:\Users\kom-e14-1\OneDrive\MLTraining\project\microvision-ai\data\unlabeled_test_images\MEMS_devices_and_electrodes\L8_478278c7aece07d7e61e47b7a118bf2d.jpg,C:\Users\kom-e14-1\Documents\Codex\2026-06-05\i-have-sem-images-i-chategorized\outputs\unlabeled_cropped_for_review\L8_478278c7aece07d7e61e47b7a118bf2d_cropped.jpg,true,"(0, 0, 1024, 607)","(0, 607, 1024, 768)",waveguide,0.868366,close_up_line,0.067968,3d_edge,0.051956,
C:\Users\kom-e14-1\OneDrive\MLTraining\project\microvision-ai\data\unlabeled_test_images\MEMS_devices_and_electrodes\L8_478869c5fc122a88c3b83f09740d2cc6.jpg,C:\Users\kom-e14-1\Documents\Codex\2026-06-05\i-have-sem-images-i-chategorized\outputs\unlabeled_cropped_for_review\L8_478869c5fc122a88c3b83f09740d2cc6_cropped.jpg,true,"(0, 0, 1024, 607)","(0, 607, 1024, 768)",close_up_line,0.902862,Electrode,0.086154,cantilever,0.003115,
C:\Users\kom-e14-1\OneDrive\MLTraining\project\microvision-ai\data\unlabeled_test_images\MEMS_devices_and_electrodes\L8_47afef71c2412c3235dc86b56551f811.jpg,C:\Users\kom-e14-1\Documents\Codex\2026-06-05\i-have-sem-images-i-chategorized\outputs\unlabeled_cropped_for_review\L8_47afef71c2412c3235dc86b56551f811_cropped.jpg,true,"(0, 0, 1024, 607)","(0, 607, 1024, 768)",3d_edge,0.629006,waveguide,0.149408,close_up_line,0.082906,
C:\Users\kom-e14-1\OneDrive\MLTraining\project\microvision-ai\data\unlabeled_test_images\MEMS_devices_and_electrodes\L8_47bf2bcff6856de15f8f1b9fbaf51735.jpg,C:\Users\kom-e14-1\Documents\Codex\2026-06-05\i-have-sem-images-i-chategorized\outputs\unlabeled_cropped_for_review\L8_47bf2bcff6856de15f8f1b9fbaf51735_cropped.jpg,true,"(0, 0, 1024, 635)","(0, 635, 1024, 768)",waveguide,0.981357,3d_edge,0.010619,cantilever,0.003727,
C:\Users\kom-e14-1\OneDrive\MLTraining\project\microvision-ai\data\unlabeled_test_images\MEMS_devices_and_electrodes\L8_47ccaa61d54c89fc93fac397f2a2aa74.jpg,C:\Users\kom-e14-1\Documents\Codex\2026-06-05\i-have-sem-images-i-chategorized\outputs\unlabeled_cropped_for_review\L8_47ccaa61d54c89fc93fac397f2a2aa74_cropped.jpg,true,"(0, 0, 1024, 675)","(0, 675, 1024, 768)",waveguide,0.890569,3d_edge,0.030624,Bond-Pad-Array,0.027001,
C:\Users\kom-e14-1\OneDrive\MLTraining\project\microvision-ai\data\unlabeled_test_images\MEMS_devices_and_electrodes\L8_47d3178493bd1a4b8fdc9d6c3b99ae90.jpg,C:\Users\kom-e14-1\Documents\Codex\2026-06-05\i-have-sem-images-i-chategorized\outputs\unlabeled_cropped_for_review\L8_47d3178493bd1a4b8fdc9d6c3b99ae90_cropped.jpg,true,"(0, 0, 1024, 635)","(0, 635, 1024, 768)",3d_edge,0.921305,Electrode,0.026401,microfluidic,0.021437,
C:\Users\kom-e14-1\OneDrive\MLTraining\project\microvision-ai\data\unlabeled_test_images\MEMS_devices_and_electrodes\L8_47d3ab06f9a8fefffd738e16a09c5dd0.jpg,C:\Users\kom-e14-1\Documents\Codex\2026-06-05\i-have-sem-images-i-chategorized\outputs\unlabeled_cropped_for_review\L8_47d3ab06f9a8fefffd738e16a09c5dd0_cropped.jpg,true,"(0, 0, 1024, 658)","(0, 658, 1024, 768)",3d_edge,0.574907,waveguide,0.144685,cantilever,0.115436,
C:\Users\kom-e14-1\OneDrive\MLTraining\project\microvision-ai\data\unlabeled_test_images\MEMS_devices_and_electrodes\L8_47eac34311cc4057de766963f9951d23.jpg,C:\Users\kom-e14-1\Documents\Codex\2026-06-05\i-have-sem-images-i-chategorized\outputs\unlabeled_cropped_for_review\L8_47eac34311cc4057de766963f9951d23_cropped.jpg,true,"(0, 0, 1024, 635)","(0, 635, 1024, 768)",close_up_line,0.367496,Electrode,0.209281,3d_edge,0.177717,
C:\Users\kom-e14-1\OneDrive\MLTraining\project\microvision-ai\data\unlabeled_test_images\MEMS_devices_and_electrodes\L8_47f9b464e60e0b56e1ed8347892439d8.jpg,C:\Users\kom-e14-1\Documents\Codex\2026-06-05\i-have-sem-images-i-chategorized\outputs\unlabeled_cropped_for_review\L8_47f9b464e60e0b56e1ed8347892439d8_cropped.jpg,true,"(0, 0, 1024, 607)","(0, 607, 1024, 768)",close_up_line,0.432807,waveguide,0.270226,Electrode,0.182351,
C:\Users\kom-e14-1\OneDrive\MLTraining\project\microvision-ai\data\unlabeled_test_images\MEMS_devices_and_electrodes\L8_480dcd1f0b5629fbd17f1a1f9557ffdb.jpg,C:\Users\kom-e14-1\Documents\Codex\2026-06-05\i-have-sem-images-i-chategorized\outputs\unlabeled_cropped_for_review\L8_480dcd1f0b5629fbd17f1a1f9557ffdb_cropped.jpg,true,"(0, 0, 1024, 607)","(0, 607, 1024, 768)",Electrode,0.805108,close_up_line,0.178078,Bond-Pad-Array,0.011170,
C:\Users\kom-e14-1\OneDrive\MLTraining\project\microvision-ai\data\unlabeled_test_images\MEMS_devices_and_electrodes\L8_4814f468cfd3a94358805932cc20063e.jpg,C:\Users\kom-e14-1\Documents\Codex\2026-06-05\i-have-sem-images-i-chategorized\outputs\unlabeled_cropped_for_review\L8_4814f468cfd3a94358805932cc20063e_cropped.jpg,true,"(0, 0, 1024, 607)","(0, 607, 1024, 768)",Electrode,0.769978,3d_edge,0.124384,close_up_line,0.084501,
C:\Users\kom-e14-1\OneDrive\MLTraining\project\microvision-ai\data\unlabeled_test_images\MEMS_devices_and_electrodes\L8_4817bd7192f5c26527515cba90ff09c5.jpg,C:\Users\kom-e14-1\Documents\Codex\2026-06-05\i-have-sem-images-i-chategorized\outputs\unlabeled_cropped_for_review\L8_4817bd7192f5c26527515cba90ff09c5_cropped.jpg,true,"(0, 0, 1024, 583)","(0, 583, 1024, 768)",waveguide,0.996043,cantilever,0.001065,close_up_line,0.000993,
C:\Users\kom-e14-1\OneDrive\MLTraining\project\microvision-ai\data\unlabeled_test_images\MEMS_devices_and_electrodes\L8_482b8701b44d49a49b2d6f1bb63fbd31.jpg,C:\Users\kom-e14-1\Documents\Codex\2026-06-05\i-have-sem-images-i-chategorized\outputs\unlabeled_cropped_for_review\L8_482b8701b44d49a49b2d6f1bb63fbd31_cropped.jpg,true,"(0, 0, 1024, 637)","(0, 637, 1024, 768)",3d_edge,0.933010,waveguide,0.021017,Bond-Pad-Array,0.018855,
C:\Users\kom-e14-1\OneDrive\MLTraining\project\microvision-ai\data\unlabeled_test_images\MEMS_devices_and_electrodes\L8_4852b21ceb51b8ea1136dd590aaf4435.jpg,C:\Users\kom-e14-1\Documents\Codex\2026-06-05\i-have-sem-images-i-chategorized\outputs\unlabeled_cropped_for_review\L8_4852b21ceb51b8ea1136dd590aaf4435_cropped.jpg,true,"(0, 0, 1024, 533)","(0, 533, 1024, 768)",Electrode,0.954952,close_up_line,0.029453,3d_edge,0.011087,
C:\Users\kom-e14-1\OneDrive\MLTraining\project\microvision-ai\data\unlabeled_test_images\MEMS_devices_and_electrodes\L8_48543295108fac0b81a85c87965b9c7b.jpg,C:\Users\kom-e14-1\Documents\Codex\2026-06-05\i-have-sem-images-i-chategorized\outputs\unlabeled_cropped_for_review\L8_48543295108fac0b81a85c87965b9c7b_cropped.jpg,true,"(0, 0, 1024, 635)","(0, 635, 1024, 768)",Bond-Pad-Array,0.997924,Electrode,0.000676,cantilever,0.000415,
C:\Users\kom-e14-1\OneDrive\MLTraining\project\microvision-ai\data\unlabeled_test_images\MEMS_devices_and_electrodes\L8_485847e6f4aadfb92dc63121ef7a9b11.jpg,C:\Users\kom-e14-1\Documents\Codex\2026-06-05\i-have-sem-images-i-chategorized\outputs\unlabeled_cropped_for_review\L8_485847e6f4aadfb92dc63121ef7a9b11_cropped.jpg,true,"(0, 0, 1024, 607)","(0, 607, 1024, 768)",close_up_line,0.935764,Electrode,0.044312,Bond-Pad-Array,0.004461,
C:\Users\kom-e14-1\OneDrive\MLTraining\project\microvision-ai\data\unlabeled_test_images\MEMS_devices_and_electrodes\L8_4881450b81c5059d96224e5a2dfa5612.jpg,C:\Users\kom-e14-1\Documents\Codex\2026-06-05\i-have-sem-images-i-chategorized\outputs\unlabeled_cropped_for_review\L8_4881450b81c5059d96224e5a2dfa5612_cropped.jpg,true,"(0, 0, 1024, 499)","(0, 499, 1024, 768)",3d_edge,0.579595,waveguide,0.131996,microfluidic,0.094048,
C:\Users\kom-e14-1\OneDrive\MLTraining\project\microvision-ai\data\unlabeled_test_images\MEMS_devices_and_electrodes\L8_488f292097933bed9086233680b88974.jpg,C:\Users\kom-e14-1\Documents\Codex\2026-06-05\i-have-sem-images-i-chategorized\outputs\unlabeled_cropped_for_review\L8_488f292097933bed9086233680b88974_cropped.jpg,true,"(0, 0, 1024, 635)","(0, 635, 1024, 768)",3d_edge,0.918265,microfluidic,0.020217,Bond-Pad-Array,0.015951,
C:\Users\kom-e14-1\OneDrive\MLTraining\project\microvision-ai\data\unlabeled_test_images\MEMS_devices_and_electrodes\L8_48904f6a5c13aa238d8d730ee1aeafa3.jpg,C:\Users\kom-e14-1\Documents\Codex\2026-06-05\i-have-sem-images-i-chategorized\outputs\unlabeled_cropped_for_review\L8_48904f6a5c13aa238d8d730ee1aeafa3_cropped.jpg,true,"(0, 0, 1024, 635)","(0, 635, 1024, 768)",waveguide,0.547786,3d_edge,0.372813,cantilever,0.028013,
C:\Users\kom-e14-1\OneDrive\MLTraining\project\microvision-ai\data\unlabeled_test_images\MEMS_devices_and_electrodes\L8_48a7b7de8902e248377cad521ff91a26.jpg,C:\Users\kom-e14-1\Documents\Codex\2026-06-05\i-have-sem-images-i-chategorized\outputs\unlabeled_cropped_for_review\L8_48a7b7de8902e248377cad521ff91a26_cropped.jpg,true,"(0, 0, 1024, 636)","(0, 636, 1024, 768)",3d_edge,0.974045,waveguide,0.008727,microfluidic,0.006296,
C:\Users\kom-e14-1\OneDrive\MLTraining\project\microvision-ai\data\unlabeled_test_images\MEMS_devices_and_electrodes\L8_48f25e3fcf350d7e5c8c258b2c2d6bb5.jpg,C:\Users\kom-e14-1\Documents\Codex\2026-06-05\i-have-sem-images-i-chategorized\outputs\unlabeled_cropped_for_review\L8_48f25e3fcf350d7e5c8c258b2c2d6bb5_cropped.jpg,true,"(0, 0, 1024, 637)","(0, 637, 1024, 768)",3d_edge,0.984865,Electrode,0.005121,microfluidic,0.003823,
C:\Users\kom-e14-1\OneDrive\MLTraining\project\microvision-ai\data\unlabeled_test_images\MEMS_devices_and_electrodes\L8_490a8378b04661c5079d3010589357dd.jpg,C:\Users\kom-e14-1\Documents\Codex\2026-06-05\i-have-sem-images-i-chategorized\outputs\unlabeled_cropped_for_review\L8_490a8378b04661c5079d3010589357dd_cropped.jpg,true,"(0, 0, 1024, 607)","(0, 607, 1024, 768)",Electrode,0.809063,close_up_line,0.150338,cantilever,0.014127,
C:\Users\kom-e14-1\OneDrive\MLTraining\project\microvision-ai\data\unlabeled_test_images\MEMS_devices_and_electrodes\L8_4917ffa5d0142d035876cb463363e522.jpg,C:\Users\kom-e14-1\Documents\Codex\2026-06-05\i-have-sem-images-i-chategorized\outputs\unlabeled_cropped_for_review\L8_4917ffa5d0142d035876cb463363e522_cropped.jpg,true,"(0, 0, 1024, 636)","(0, 636, 1024, 768)",3d_edge,0.989620,microfluidic,0.004049,waveguide,0.003436,
C:\Users\kom-e14-1\OneDrive\MLTraining\project\microvision-ai\data\unlabeled_test_images\MEMS_devices_and_electrodes\L8_491bef3e2378b4d3585cc1d2a1ff5d2a.jpg,C:\Users\kom-e14-1\Documents\Codex\2026-06-05\i-have-sem-images-i-chategorized\outputs\unlabeled_cropped_for_review\L8_491bef3e2378b4d3585cc1d2a1ff5d2a_cropped.jpg,true,"(0, 0, 1024, 635)","(0, 635, 1024, 768)",3d_edge,0.918265,microfluidic,0.020217,Bond-Pad-Array,0.015951,
C:\Users\kom-e14-1\OneDrive\MLTraining\project\microvision-ai\data\unlabeled_test_images\MEMS_devices_and_electrodes\L8_492101883f6f1ff3f6ffbde3ee51e904.jpg,C:\Users\kom-e14-1\Documents\Codex\2026-06-05\i-have-sem-images-i-chategorized\outputs\unlabeled_cropped_for_review\L8_492101883f6f1ff3f6ffbde3ee51e904_cropped.jpg,true,"(0, 0, 1024, 607)","(0, 607, 1024, 768)",close_up_line,0.983460,Electrode,0.013233,Bond-Pad-Array,0.001316,
C:\Users\kom-e14-1\OneDrive\MLTraining\project\microvision-ai\data\unlabeled_test_images\MEMS_devices_and_electrodes\L8_4944c92550315265760c3a8d4d8d335a.jpg,C:\Users\kom-e14-1\Documents\Codex\2026-06-05\i-have-sem-images-i-chategorized\outputs\unlabeled_cropped_for_review\L8_4944c92550315265760c3a8d4d8d335a_cropped.jpg,true,"(0, 0, 1024, 645)","(0, 645, 1024, 768)",3d_edge,0.960573,microfluidic,0.020639,waveguide,0.009327,
C:\Users\kom-e14-1\OneDrive\MLTraining\project\microvision-ai\data\unlabeled_test_images\MEMS_devices_and_electrodes\L8_49477289120ea6a27187496ecee8e60c.jpg,C:\Users\kom-e14-1\Documents\Codex\2026-06-05\i-have-sem-images-i-chategorized\outputs\unlabeled_cropped_for_review\L8_49477289120ea6a27187496ecee8e60c_cropped.jpg,true,"(0, 0, 1024, 616)","(0, 616, 1024, 768)",waveguide,0.995848,close_up_line,0.001914,3d_edge,0.001094,
C:\Users\kom-e14-1\OneDrive\MLTraining\project\microvision-ai\data\unlabeled_test_images\MEMS_devices_and_electrodes\L8_4961bbfed564a8ac2751eaf2652deb82.jpg,C:\Users\kom-e14-1\Documents\Codex\2026-06-05\i-have-sem-images-i-chategorized\outputs\unlabeled_cropped_for_review\L8_4961bbfed564a8ac2751eaf2652deb82_cropped.jpg,true,"(0, 0, 1024, 630)","(0, 630, 1024, 768)",Electrode,0.782979,3d_edge,0.069466,close_up_line,0.047880,
C:\Users\kom-e14-1\OneDrive\MLTraining\project\microvision-ai\data\unlabeled_test_images\MEMS_devices_and_electrodes\L8_496a5b978331aee2b6dcfc1f26e5e66f.jpg,C:\Users\kom-e14-1\Documents\Codex\2026-06-05\i-have-sem-images-i-chategorized\outputs\unlabeled_cropped_for_review\L8_496a5b978331aee2b6dcfc1f26e5e66f_cropped.jpg,true,"(0, 0, 1024, 607)","(0, 607, 1024, 768)",cantilever,0.639708,3d_edge,0.171891,close_up_line,0.098435,
C:\Users\kom-e14-1\OneDrive\MLTraining\project\microvision-ai\data\unlabeled_test_images\MEMS_devices_and_electrodes\L8_4983f26f11b140f61904f376da0611ea.jpg,C:\Users\kom-e14-1\Documents\Codex\2026-06-05\i-have-sem-images-i-chategorized\outputs\unlabeled_cropped_for_review\L8_4983f26f11b140f61904f376da0611ea_cropped.jpg,true,"(0, 0, 1024, 636)","(0, 636, 1024, 768)",3d_edge,0.998501,microfluidic,0.000683,waveguide,0.000316,
C:\Users\kom-e14-1\OneDrive\MLTraining\project\microvision-ai\data\unlabeled_test_images\MEMS_devices_and_electrodes\L8_498d48ac0291fa3c642660ff41c6909c.jpg,C:\Users\kom-e14-1\Documents\Codex\2026-06-05\i-have-sem-images-i-chategorized\outputs\unlabeled_cropped_for_review\L8_498d48ac0291fa3c642660ff41c6909c_cropped.jpg,true,"(0, 0, 1024, 594)","(0, 594, 1024, 768)",close_up_line,0.517841,Electrode,0.458541,Bond-Pad-Array,0.015503,
C:\Users\kom-e14-1\OneDrive\MLTraining\project\microvision-ai\data\unlabeled_test_images\MEMS_devices_and_electrodes\L8_49c8dbb6c46caeac06086a8023b66be9.jpg,C:\Users\kom-e14-1\Documents\Codex\2026-06-05\i-have-sem-images-i-chategorized\outputs\unlabeled_cropped_for_review\L8_49c8dbb6c46caeac06086a8023b66be9_cropped.jpg,true,"(0, 0, 1024, 499)","(0, 499, 1024, 768)",3d_edge,0.996988,waveguide,0.000797,Electrode,0.000698,
C:\Users\kom-e14-1\OneDrive\MLTraining\project\microvision-ai\data\unlabeled_test_images\MEMS_devices_and_electrodes\L8_49ca3809e3f9008670cb2d1368fa3ce3.jpg,C:\Users\kom-e14-1\Documents\Codex\2026-06-05\i-have-sem-images-i-chategorized\outputs\unlabeled_cropped_for_review\L8_49ca3809e3f9008670cb2d1368fa3ce3_cropped.jpg,true,"(0, 0, 1024, 607)","(0, 607, 1024, 768)",Bond-Pad-Array,0.993395,close_up_line,0.001881,label,0.001597,
C:\Users\kom-e14-1\OneDrive\MLTraining\project\microvision-ai\data\unlabeled_test_images\MEMS_devices_and_electrodes\L8_49e2ae877bf4ea24d7816d470de5a5a8.jpg,C:\Users\kom-e14-1\Documents\Codex\2026-06-05\i-have-sem-images-i-chategorized\outputs\unlabeled_cropped_for_review\L8_49e2ae877bf4ea24d7816d470de5a5a8_cropped.jpg,true,"(0, 0, 1024, 637)","(0, 637, 1024, 768)",Electrode,0.805247,3d_edge,0.101014,close_up_line,0.037888,
C:\Users\kom-e14-1\OneDrive\MLTraining\project\microvision-ai\data\unlabeled_test_images\MEMS_devices_and_electrodes\L8_49f062f3d6eda95955a2887f764b3d89.jpg,C:\Users\kom-e14-1\Documents\Codex\2026-06-05\i-have-sem-images-i-chategorized\outputs\unlabeled_cropped_for_review\L8_49f062f3d6eda95955a2887f764b3d89_cropped.jpg,true,"(0, 0, 1024, 636)","(0, 636, 1024, 768)",3d_edge,0.998982,waveguide,0.000344,microfluidic,0.000275,
C:\Users\kom-e14-1\OneDrive\MLTraining\project\microvision-ai\data\unlabeled_test_images\MEMS_devices_and_electrodes\L8_4a0b6a44bff5ee0bb804dd363292773a.jpg,C:\Users\kom-e14-1\Documents\Codex\2026-06-05\i-have-sem-images-i-chategorized\outputs\unlabeled_cropped_for_review\L8_4a0b6a44bff5ee0bb804dd363292773a_cropped.jpg,true,"(0, 0, 1024, 499)","(0, 499, 1024, 768)",3d_edge,0.739377,cantilever,0.147809,waveguide,0.091116,
C:\Users\kom-e14-1\OneDrive\MLTraining\project\microvision-ai\data\unlabeled_test_images\MEMS_devices_and_electrodes\L8_4a563fcb980c0c05cb3b6a1e1beb50d2.jpg,C:\Users\kom-e14-1\Documents\Codex\2026-06-05\i-have-sem-images-i-chategorized\outputs\unlabeled_cropped_for_review\L8_4a563fcb980c0c05cb3b6a1e1beb50d2_cropped.jpg,true,"(0, 0, 1024, 635)","(0, 635, 1024, 768)",Bond-Pad-Array,0.743430,3d_edge,0.135504,cantilever,0.045834,
C:\Users\kom-e14-1\OneDrive\MLTraining\project\microvision-ai\data\unlabeled_test_images\MEMS_devices_and_electrodes\L8_4a60467c05b483ce0fe8f8a7f2110cef.jpg,C:\Users\kom-e14-1\Documents\Codex\2026-06-05\i-have-sem-images-i-chategorized\outputs\unlabeled_cropped_for_review\L8_4a60467c05b483ce0fe8f8a7f2110cef_cropped.jpg,true,"(0, 0, 1024, 675)","(0, 675, 1024, 768)",close_up_line,0.503182,microfluidic,0.295982,waveguide,0.103808,
C:\Users\kom-e14-1\OneDrive\MLTraining\project\microvision-ai\data\unlabeled_test_images\MEMS_devices_and_electrodes\L8_4a75ce6c2c0098dc40dd2f866c792ea0.jpg,C:\Users\kom-e14-1\Documents\Codex\2026-06-05\i-have-sem-images-i-chategorized\outputs\unlabeled_cropped_for_review\L8_4a75ce6c2c0098dc40dd2f866c792ea0_cropped.jpg,true,"(0, 0, 1024, 607)","(0, 607, 1024, 768)",close_up_line,0.844827,3d_edge,0.067955,microfluidic,0.036918,
C:\Users\kom-e14-1\OneDrive\MLTraining\project\microvision-ai\data\unlabeled_test_images\MEMS_devices_and_electrodes\L8_4ab8a5f022d979ec823ac1126a30678a.jpg,C:\Users\kom-e14-1\Documents\Codex\2026-06-05\i-have-sem-images-i-chategorized\outputs\unlabeled_cropped_for_review\L8_4ab8a5f022d979ec823ac1126a30678a_cropped.jpg,true,"(0, 0, 1024, 539)","(0, 539, 1024, 768)",3d_edge,0.745976,waveguide,0.138188,Bond-Pad-Array,0.038857,
C:\Users\kom-e14-1\OneDrive\MLTraining\project\microvision-ai\data\unlabeled_test_images\MEMS_devices_and_electrodes\L8_4ae49193a4998c2718184b1fa763fc5e.jpg,C:\Users\kom-e14-1\Documents\Codex\2026-06-05\i-have-sem-images-i-chategorized\outputs\unlabeled_cropped_for_review\L8_4ae49193a4998c2718184b1fa763fc5e_cropped.jpg,true,"(0, 0, 1024, 635)","(0, 635, 1024, 768)",3d_edge,0.892723,cantilever,0.044743,waveguide,0.024227,
C:\Users\kom-e14-1\OneDrive\MLTraining\project\microvision-ai\data\unlabeled_test_images\MEMS_devices_and_electrodes\L8_4b3a63f4d764c721a787717a5ddaa360.jpg,C:\Users\kom-e14-1\Documents\Codex\2026-06-05\i-have-sem-images-i-chategorized\outputs\unlabeled_cropped_for_review\L8_4b3a63f4d764c721a787717a5ddaa360_cropped.jpg,true,"(0, 0, 1024, 635)","(0, 635, 1024, 768)",3d_edge,0.932532,waveguide,0.026059,cantilever,0.025952,
C:\Users\kom-e14-1\OneDrive\MLTraining\project\microvision-ai\data\unlabeled_test_images\MEMS_devices_and_electrodes\L8_4b49a75d64d1c0614f7ec6dcb8c35b37.jpg,C:\Users\kom-e14-1\Documents\Codex\2026-06-05\i-have-sem-images-i-chategorized\outputs\unlabeled_cropped_for_review\L8_4b49a75d64d1c0614f7ec6dcb8c35b37_cropped.jpg,true,"(0, 0, 1024, 525)","(0, 525, 1024, 768)",3d_edge,0.894557,microfluidic,0.088567,waveguide,0.012449,
C:\Users\kom-e14-1\OneDrive\MLTraining\project\microvision-ai\data\unlabeled_test_images\MEMS_devices_and_electrodes\L8_4b63dbb7513b28060cdebfd33202163a.jpg,C:\Users\kom-e14-1\Documents\Codex\2026-06-05\i-have-sem-images-i-chategorized\outputs\unlabeled_cropped_for_review\L8_4b63dbb7513b28060cdebfd33202163a_cropped.jpg,true,"(0, 0, 1024, 499)","(0, 499, 1024, 768)",3d_edge,0.983931,microfluidic,0.004683,waveguide,0.003012,
C:\Users\kom-e14-1\OneDrive\MLTraining\project\microvision-ai\data\unlabeled_test_images\MEMS_devices_and_electrodes\L8_4b6eccae38003ff23c175227fe4677cc.jpg,C:\Users\kom-e14-1\Documents\Codex\2026-06-05\i-have-sem-images-i-chategorized\outputs\unlabeled_cropped_for_review\L8_4b6eccae38003ff23c175227fe4677cc_cropped.jpg,true,"(0, 0, 1024, 519)","(0, 519, 1024, 768)",3d_edge,0.829705,waveguide,0.046125,close_up_line,0.035351,
C:\Users\kom-e14-1\OneDrive\MLTraining\project\microvision-ai\data\unlabeled_test_images\MEMS_devices_and_electrodes\L8_4b81027dd302627d46cb07d5dda5da60.jpg,C:\Users\kom-e14-1\Documents\Codex\2026-06-05\i-have-sem-images-i-chategorized\outputs\unlabeled_cropped_for_review\L8_4b81027dd302627d46cb07d5dda5da60_cropped.jpg,true,"(0, 0, 1024, 499)","(0, 499, 1024, 768)",close_up_line,0.268382,3d_edge,0.252220,microfluidic,0.182681,
C:\Users\kom-e14-1\OneDrive\MLTraining\project\microvision-ai\data\unlabeled_test_images\MEMS_devices_and_electrodes\L8_4b85c46f45f2f96572b8a00dcef51ab2.jpg,C:\Users\kom-e14-1\Documents\Codex\2026-06-05\i-have-sem-images-i-chategorized\outputs\unlabeled_cropped_for_review\L8_4b85c46f45f2f96572b8a00dcef51ab2_cropped.jpg,true,"(0, 0, 1024, 636)","(0, 636, 1024, 768)",3d_edge,0.692186,waveguide,0.219439,close_up_line,0.034582,
C:\Users\kom-e14-1\OneDrive\MLTraining\project\microvision-ai\data\unlabeled_test_images\MEMS_devices_and_electrodes\L8_4ba003b00d640b5c3533faf4f90c1a24.jpg,C:\Users\kom-e14-1\Documents\Codex\2026-06-05\i-have-sem-images-i-chategorized\outputs\unlabeled_cropped_for_review\L8_4ba003b00d640b5c3533faf4f90c1a24_cropped.jpg,true,"(0, 0, 1024, 607)","(0, 607, 1024, 768)",close_up_line,0.882593,Electrode,0.049694,microfluidic,0.037953,
C:\Users\kom-e14-1\OneDrive\MLTraining\project\microvision-ai\data\unlabeled_test_images\MEMS_devices_and_electrodes\L8_4ba0d27f9afa31f182673e05d69bbdce.jpg,C:\Users\kom-e14-1\Documents\Codex\2026-06-05\i-have-sem-images-i-chategorized\outputs\unlabeled_cropped_for_review\L8_4ba0d27f9afa31f182673e05d69bbdce_cropped.jpg,true,"(0, 0, 1024, 607)","(0, 607, 1024, 768)",close_up_line,0.693398,Electrode,0.168839,3d_edge,0.059270,
C:\Users\kom-e14-1\OneDrive\MLTraining\project\microvision-ai\data\unlabeled_test_images\MEMS_devices_and_electrodes\L8_4bf8e25bd78fb6efdfbd0e8465828567.jpg,C:\Users\kom-e14-1\Documents\Codex\2026-06-05\i-have-sem-images-i-chategorized\outputs\unlabeled_cropped_for_review\L8_4bf8e25bd78fb6efdfbd0e8465828567_cropped.jpg,true,"(0, 0, 1024, 607)","(0, 607, 1024, 768)",3d_edge,0.819846,Bond-Pad-Array,0.076277,microfluidic,0.029395,
C:\Users\kom-e14-1\OneDrive\MLTraining\project\microvision-ai\data\unlabeled_test_images\MEMS_devices_and_electrodes\L8_4ca996abee3bbbb5b8636efa8d1a6c54.jpg,C:\Users\kom-e14-1\Documents\Codex\2026-06-05\i-have-sem-images-i-chategorized\outputs\unlabeled_cropped_for_review\L8_4ca996abee3bbbb5b8636efa8d1a6c54_cropped.jpg,true,"(0, 0, 1024, 635)","(0, 635, 1024, 768)",3d_edge,0.607527,waveguide,0.168468,cantilever,0.084917,
C:\Users\kom-e14-1\OneDrive\MLTraining\project\microvision-ai\data\unlabeled_test_images\MEMS_devices_and_electrodes\L8_4cad0c605caa79550efadad7b3302710.jpg,C:\Users\kom-e14-1\Documents\Codex\2026-06-05\i-have-sem-images-i-chategorized\outputs\unlabeled_cropped_for_review\L8_4cad0c605caa79550efadad7b3302710_cropped.jpg,true,"(0, 0, 1024, 675)","(0, 675, 1024, 768)",3d_edge,0.963003,cantilever,0.026400,waveguide,0.008756,
C:\Users\kom-e14-1\OneDrive\MLTraining\project\microvision-ai\data\unlabeled_test_images\MEMS_devices_and_electrodes\L8_4d444f7b3dcfacf030f0d03d7d565dfa.jpg,C:\Users\kom-e14-1\Documents\Codex\2026-06-05\i-have-sem-images-i-chategorized\outputs\unlabeled_cropped_for_review\L8_4d444f7b3dcfacf030f0d03d7d565dfa_cropped.jpg,true,"(0, 0, 1024, 636)","(0, 636, 1024, 768)",3d_edge,0.871923,Electrode,0.043946,cantilever,0.023170,
C:\Users\kom-e14-1\OneDrive\MLTraining\project\microvision-ai\data\unlabeled_test_images\MEMS_devices_and_electrodes\L8_4dc888f22da311b1bbc1f505e9d9048e.jpg,C:\Users\kom-e14-1\Documents\Codex\2026-06-05\i-have-sem-images-i-chategorized\outputs\unlabeled_cropped_for_review\L8_4dc888f22da311b1bbc1f505e9d9048e_cropped.jpg,true,"(0, 0, 1024, 499)","(0, 499, 1024, 768)",waveguide,0.352310,3d_edge,0.217119,close_up_line,0.154709,
C:\Users\kom-e14-1\OneDrive\MLTraining\project\microvision-ai\data\unlabeled_test_images\MEMS_devices_and_electrodes\L8_4dd5e966fd63ccc32d0866a05984fcae.jpg,C:\Users\kom-e14-1\Documents\Codex\2026-06-05\i-have-sem-images-i-chategorized\outputs\unlabeled_cropped_for_review\L8_4dd5e966fd63ccc32d0866a05984fcae_cropped.jpg,true,"(0, 0, 1024, 607)","(0, 607, 1024, 768)",3d_edge,0.894463,close_up_line,0.037357,waveguide,0.030682,
C:\Users\kom-e14-1\OneDrive\MLTraining\project\microvision-ai\data\unlabeled_test_images\MEMS_devices_and_electrodes\L8_4e4827324752eb7874f6ec1aae52140b.jpg,C:\Users\kom-e14-1\Documents\Codex\2026-06-05\i-have-sem-images-i-chategorized\outputs\unlabeled_cropped_for_review\L8_4e4827324752eb7874f6ec1aae52140b_cropped.jpg,true,"(0, 0, 1024, 607)","(0, 607, 1024, 768)",close_up_line,0.815563,3d_edge,0.088944,waveguide,0.040069,
C:\Users\kom-e14-1\OneDrive\MLTraining\project\microvision-ai\data\unlabeled_test_images\MEMS_devices_and_electrodes\L8_4e7ca50e195b9e545bf678162cb97812.jpg,C:\Users\kom-e14-1\Documents\Codex\2026-06-05\i-have-sem-images-i-chategorized\outputs\unlabeled_cropped_for_review\L8_4e7ca50e195b9e545bf678162cb97812_cropped.jpg,true,"(0, 0, 1024, 631)","(0, 631, 1024, 768)",3d_edge,0.999740,Electrode,0.000111,close_up_line,0.000053,
C:\Users\kom-e14-1\OneDrive\MLTraining\project\microvision-ai\data\unlabeled_test_images\MEMS_devices_and_electrodes\L8_4e837e0bf4f98664b77a5c93af8a00d9.jpg,C:\Users\kom-e14-1\Documents\Codex\2026-06-05\i-have-sem-images-i-chategorized\outputs\unlabeled_cropped_for_review\L8_4e837e0bf4f98664b77a5c93af8a00d9_cropped.jpg,true,"(0, 0, 1024, 635)","(0, 635, 1024, 768)",3d_edge,0.988408,microfluidic,0.006251,waveguide,0.003296,
C:\Users\kom-e14-1\OneDrive\MLTraining\project\microvision-ai\data\unlabeled_test_images\MEMS_devices_and_electrodes\L8_4ed4ac850401d6555ea0513ca2c53e9e.jpg,C:\Users\kom-e14-1\Documents\Codex\2026-06-05\i-have-sem-images-i-chategorized\outputs\unlabeled_cropped_for_review\L8_4ed4ac850401d6555ea0513ca2c53e9e_cropped.jpg,true,"(0, 0, 1024, 639)","(0, 639, 1024, 768)",3d_edge,0.614572,cantilever,0.164189,waveguide,0.109724,
C:\Users\kom-e14-1\OneDrive\MLTraining\project\microvision-ai\data\unlabeled_test_images\MEMS_devices_and_electrodes\L8_4eda96ca5a68a1d8e0359a0ed933c237.jpg,C:\Users\kom-e14-1\Documents\Codex\2026-06-05\i-have-sem-images-i-chategorized\outputs\unlabeled_cropped_for_review\L8_4eda96ca5a68a1d8e0359a0ed933c237_cropped.jpg,true,"(0, 0, 1024, 630)","(0, 630, 1024, 768)",3d_edge,0.985784,close_up_line,0.005531,waveguide,0.004873,
C:\Users\kom-e14-1\OneDrive\MLTraining\project\microvision-ai\data\unlabeled_test_images\MEMS_devices_and_electrodes\L8_4eef90367f52df1d20abb3f21ddc867c.jpg,C:\Users\kom-e14-1\Documents\Codex\2026-06-05\i-have-sem-images-i-chategorized\outputs\unlabeled_cropped_for_review\L8_4eef90367f52df1d20abb3f21ddc867c_cropped.jpg,true,"(0, 0, 1024, 636)","(0, 636, 1024, 768)",3d_edge,0.962079,cantilever,0.014215,waveguide,0.007207,
C:\Users\kom-e14-1\OneDrive\MLTraining\project\microvision-ai\data\unlabeled_test_images\MEMS_devices_and_electrodes\L8_4ef390405927b60b9b781890f8cc4b87.jpg,C:\Users\kom-e14-1\Documents\Codex\2026-06-05\i-have-sem-images-i-chategorized\outputs\unlabeled_cropped_for_review\L8_4ef390405927b60b9b781890f8cc4b87_cropped.jpg,true,"(0, 0, 1024, 631)","(0, 631, 1024, 768)",3d_edge,0.970683,close_up_line,0.011337,waveguide,0.010574,
C:\Users\kom-e14-1\OneDrive\MLTraining\project\microvision-ai\data\unlabeled_test_images\MEMS_devices_and_electrodes\L8_4f14d4eb79baada7efbb303209469e8d.jpg,C:\Users\kom-e14-1\Documents\Codex\2026-06-05\i-have-sem-images-i-chategorized\outputs\unlabeled_cropped_for_review\L8_4f14d4eb79baada7efbb303209469e8d_cropped.jpg,true,"(0, 0, 1024, 635)","(0, 635, 1024, 768)",3d_edge,0.933344,waveguide,0.032815,cantilever,0.017974,
C:\Users\kom-e14-1\OneDrive\MLTraining\project\microvision-ai\data\unlabeled_test_images\MEMS_devices_and_electrodes\L8_4f4f927caae115e7de6536de57d52d24.jpg,C:\Users\kom-e14-1\Documents\Codex\2026-06-05\i-have-sem-images-i-chategorized\outputs\unlabeled_cropped_for_review\L8_4f4f927caae115e7de6536de57d52d24_cropped.jpg,true,"(0, 0, 1024, 636)","(0, 636, 1024, 768)",3d_edge,0.974830,waveguide,0.009047,microfluidic,0.005406,
C:\Users\kom-e14-1\OneDrive\MLTraining\project\microvision-ai\data\unlabeled_test_images\MEMS_devices_and_electrodes\L8_4f80461ce76ec6c4be84faae7779f8fb.jpg,C:\Users\kom-e14-1\Documents\Codex\2026-06-05\i-have-sem-images-i-chategorized\outputs\unlabeled_cropped_for_review\L8_4f80461ce76ec6c4be84faae7779f8fb_cropped.jpg,true,"(0, 0, 1024, 635)","(0, 635, 1024, 768)",Electrode,0.410572,3d_edge,0.257360,cantilever,0.136471,
C:\Users\kom-e14-1\OneDrive\MLTraining\project\microvision-ai\data\unlabeled_test_images\MEMS_devices_and_electrodes\L8_4f852f11b01f64b0be936ed95d4e0318.jpg,C:\Users\kom-e14-1\Documents\Codex\2026-06-05\i-have-sem-images-i-chategorized\outputs\unlabeled_cropped_for_review\L8_4f852f11b01f64b0be936ed95d4e0318_cropped.jpg,true,"(0, 0, 1024, 607)","(0, 607, 1024, 768)",close_up_line,0.971169,Electrode,0.025769,microfluidic,0.000741,
C:\Users\kom-e14-1\OneDrive\MLTraining\project\microvision-ai\data\unlabeled_test_images\MEMS_devices_and_electrodes\L8_4f9c541e7a58562a0ce68c862bf90fd0.jpg,C:\Users\kom-e14-1\Documents\Codex\2026-06-05\i-have-sem-images-i-chategorized\outputs\unlabeled_cropped_for_review\L8_4f9c541e7a58562a0ce68c862bf90fd0_cropped.jpg,true,"(0, 0, 1024, 635)","(0, 635, 1024, 768)",3d_edge,0.630536,waveguide,0.118856,Electrode,0.102414,
C:\Users\kom-e14-1\OneDrive\MLTraining\project\microvision-ai\data\unlabeled_test_images\MEMS_devices_and_electrodes\L8_4fb72df4eb17b6fd1c6ca177bb80cb20.jpg,C:\Users\kom-e14-1\Documents\Codex\2026-06-05\i-have-sem-images-i-chategorized\outputs\unlabeled_cropped_for_review\L8_4fb72df4eb17b6fd1c6ca177bb80cb20_cropped.jpg,true,"(0, 0, 1024, 499)","(0, 499, 1024, 768)",3d_edge,0.895629,Electrode,0.030410,microfluidic,0.023321,
C:\Users\kom-e14-1\OneDrive\MLTraining\project\microvision-ai\data\unlabeled_test_images\MEMS_devices_and_electrodes\L8_4fbe2fd4163a802a723a73bfac3f67b3.jpg,C:\Users\kom-e14-1\Documents\Codex\2026-06-05\i-have-sem-images-i-chategorized\outputs\unlabeled_cropped_for_review\L8_4fbe2fd4163a802a723a73bfac3f67b3_cropped.jpg,true,"(0, 0, 1024, 631)","(0, 631, 1024, 768)",3d_edge,0.997362,waveguide,0.000765,Electrode,0.000665,
C:\Users\kom-e14-1\OneDrive\MLTraining\project\microvision-ai\data\unlabeled_test_images\MEMS_devices_and_electrodes\L8_4ff758b6ae25c06350b97ffa15c4686a.jpg,C:\Users\kom-e14-1\Documents\Codex\2026-06-05\i-have-sem-images-i-chategorized\outputs\unlabeled_cropped_for_review\L8_4ff758b6ae25c06350b97ffa15c4686a_cropped.jpg,true,"(0, 0, 1024, 635)","(0, 635, 1024, 768)",3d_edge,0.956696,waveguide,0.029668,microfluidic,0.010826,
C:\Users\kom-e14-1\OneDrive\MLTraining\project\microvision-ai\data\unlabeled_test_images\MEMS_devices_and_electrodes\L8_5024b6e2df8d69145f98ee2e4dd77092.jpg,C:\Users\kom-e14-1\Documents\Codex\2026-06-05\i-have-sem-images-i-chategorized\outputs\unlabeled_cropped_for_review\L8_5024b6e2df8d69145f98ee2e4dd77092_cropped.jpg,true,"(0, 0, 1024, 659)","(0, 659, 1024, 768)",Electrode,0.999323,close_up_line,0.000281,cantilever,0.000202,
C:\Users\kom-e14-1\OneDrive\MLTraining\project\microvision-ai\data\unlabeled_test_images\MEMS_devices_and_electrodes\L8_5038f7ab868d275d2ae2c81245f76d7b.jpg,C:\Users\kom-e14-1\Documents\Codex\2026-06-05\i-have-sem-images-i-chategorized\outputs\unlabeled_cropped_for_review\L8_5038f7ab868d275d2ae2c81245f76d7b_cropped.jpg,true,"(0, 0, 1024, 659)","(0, 659, 1024, 768)",Electrode,0.945406,Bond-Pad-Array,0.027672,close_up_line,0.010611,
C:\Users\kom-e14-1\OneDrive\MLTraining\project\microvision-ai\data\unlabeled_test_images\MEMS_devices_and_electrodes\L8_503cf302568df0d68e60dee1702c335a.jpg,C:\Users\kom-e14-1\Documents\Codex\2026-06-05\i-have-sem-images-i-chategorized\outputs\unlabeled_cropped_for_review\L8_503cf302568df0d68e60dee1702c335a_cropped.jpg,true,"(0, 0, 1024, 607)","(0, 607, 1024, 768)",close_up_line,0.940134,Electrode,0.047610,Bond-Pad-Array,0.004076,
C:\Users\kom-e14-1\OneDrive\MLTraining\project\microvision-ai\data\unlabeled_test_images\MEMS_devices_and_electrodes\L8_5098d3cb25d646082bcf3ec3313f3de8.jpg,C:\Users\kom-e14-1\Documents\Codex\2026-06-05\i-have-sem-images-i-chategorized\outputs\unlabeled_cropped_for_review\L8_5098d3cb25d646082bcf3ec3313f3de8_cropped.jpg,true,"(0, 0, 1024, 659)","(0, 659, 1024, 768)",Electrode,0.966284,close_up_line,0.027529,Bond-Pad-Array,0.001916,
C:\Users\kom-e14-1\OneDrive\MLTraining\project\microvision-ai\data\unlabeled_test_images\MEMS_devices_and_electrodes\L8_50bbd22977801547a5e68785cad9869b.jpg,C:\Users\kom-e14-1\Documents\Codex\2026-06-05\i-have-sem-images-i-chategorized\outputs\unlabeled_cropped_for_review\L8_50bbd22977801547a5e68785cad9869b_cropped.jpg,true,"(0, 0, 1024, 607)","(0, 607, 1024, 768)",close_up_line,0.873540,3d_edge,0.057465,Electrode,0.029242,
C:\Users\kom-e14-1\OneDrive\MLTraining\project\microvision-ai\data\unlabeled_test_images\MEMS_devices_and_electrodes\L8_50df3ae66b07b1b38b1d4e092a0576bf.jpg,C:\Users\kom-e14-1\Documents\Codex\2026-06-05\i-have-sem-images-i-chategorized\outputs\unlabeled_cropped_for_review\L8_50df3ae66b07b1b38b1d4e092a0576bf_cropped.jpg,true,"(0, 0, 1024, 635)","(0, 635, 1024, 768)",3d_edge,0.261064,Electrode,0.208198,Bond-Pad-Array,0.181831,
C:\Users\kom-e14-1\OneDrive\MLTraining\project\microvision-ai\data\unlabeled_test_images\MEMS_devices_and_electrodes\L8_50ed44e3f9c5833e9169b4b5a52820b9.jpg,C:\Users\kom-e14-1\Documents\Codex\2026-06-05\i-have-sem-images-i-chategorized\outputs\unlabeled_cropped_for_review\L8_50ed44e3f9c5833e9169b4b5a52820b9_cropped.jpg,true,"(0, 0, 1024, 636)","(0, 636, 1024, 768)",3d_edge,0.980074,close_up_line,0.007199,Electrode,0.003730,
C:\Users\kom-e14-1\OneDrive\MLTraining\project\microvision-ai\data\unlabeled_test_images\MEMS_devices_and_electrodes\L8_5109be492fad6912cd87310d76f27ec0.jpg,C:\Users\kom-e14-1\Documents\Codex\2026-06-05\i-have-sem-images-i-chategorized\outputs\unlabeled_cropped_for_review\L8_5109be492fad6912cd87310d76f27ec0_cropped.jpg,true,"(0, 0, 1024, 607)","(0, 607, 1024, 768)",Electrode,0.903787,close_up_line,0.064392,Bond-Pad-Array,0.020540,
C:\Users\kom-e14-1\OneDrive\MLTraining\project\microvision-ai\data\unlabeled_test_images\MEMS_devices_and_electrodes\L8_5143c7d2130104bbcab01caf1032a84f.jpg,C:\Users\kom-e14-1\Documents\Codex\2026-06-05\i-have-sem-images-i-chategorized\outputs\unlabeled_cropped_for_review\L8_5143c7d2130104bbcab01caf1032a84f_cropped.jpg,true,"(0, 0, 1024, 616)","(0, 616, 1024, 768)",close_up_line,0.839216,Electrode,0.150396,3d_edge,0.004682,
C:\Users\kom-e14-1\OneDrive\MLTraining\project\microvision-ai\data\unlabeled_test_images\MEMS_devices_and_electrodes\L8_514a2f2765095bc088605c20f1917574.jpg,C:\Users\kom-e14-1\Documents\Codex\2026-06-05\i-have-sem-images-i-chategorized\outputs\unlabeled_cropped_for_review\L8_514a2f2765095bc088605c20f1917574_cropped.jpg,true,"(0, 0, 1024, 635)","(0, 635, 1024, 768)",3d_edge,0.878751,Electrode,0.069892,close_up_line,0.019539,
C:\Users\kom-e14-1\OneDrive\MLTraining\project\microvision-ai\data\unlabeled_test_images\MEMS_devices_and_electrodes\L8_5153b6bfe835706c2c4a6f23ea132231.jpg,C:\Users\kom-e14-1\Documents\Codex\2026-06-05\i-have-sem-images-i-chategorized\outputs\unlabeled_cropped_for_review\L8_5153b6bfe835706c2c4a6f23ea132231_cropped.jpg,true,"(0, 0, 1024, 499)","(0, 499, 1024, 768)",3d_edge,0.996375,waveguide,0.001848,cantilever,0.000726,
C:\Users\kom-e14-1\OneDrive\MLTraining\project\microvision-ai\data\unlabeled_test_images\MEMS_devices_and_electrodes\L8_5156743ca4958d501a178bb85ad8631a.jpg,C:\Users\kom-e14-1\Documents\Codex\2026-06-05\i-have-sem-images-i-chategorized\outputs\unlabeled_cropped_for_review\L8_5156743ca4958d501a178bb85ad8631a_cropped.jpg,true,"(0, 0, 1024, 607)","(0, 607, 1024, 768)",close_up_line,0.673967,Electrode,0.309256,Bond-Pad-Array,0.007575,
C:\Users\kom-e14-1\OneDrive\MLTraining\project\microvision-ai\data\unlabeled_test_images\MEMS_devices_and_electrodes\L8_5165caa335ed34370626dd92d49cc9b5.jpg,C:\Users\kom-e14-1\Documents\Codex\2026-06-05\i-have-sem-images-i-chategorized\outputs\unlabeled_cropped_for_review\L8_5165caa335ed34370626dd92d49cc9b5_cropped.jpg,true,"(0, 0, 1024, 594)","(0, 594, 1024, 768)",Electrode,0.663653,close_up_line,0.233754,cantilever,0.048584,
C:\Users\kom-e14-1\OneDrive\MLTraining\project\microvision-ai\data\unlabeled_test_images\MEMS_devices_and_electrodes\L8_516a2d0529c35cdd9e09e54715e7904a.jpg,C:\Users\kom-e14-1\Documents\Codex\2026-06-05\i-have-sem-images-i-chategorized\outputs\unlabeled_cropped_for_review\L8_516a2d0529c35cdd9e09e54715e7904a_cropped.jpg,true,"(0, 0, 1024, 659)","(0, 659, 1024, 768)",3d_edge,0.931054,microfluidic,0.018963,waveguide,0.017457,
C:\Users\kom-e14-1\OneDrive\MLTraining\project\microvision-ai\data\unlabeled_test_images\MEMS_devices_and_electrodes\L8_5188d8809aa8745ff313a21fc57c2308.jpg,C:\Users\kom-e14-1\Documents\Codex\2026-06-05\i-have-sem-images-i-chategorized\outputs\unlabeled_cropped_for_review\L8_5188d8809aa8745ff313a21fc57c2308_cropped.jpg,true,"(0, 0, 1024, 607)","(0, 607, 1024, 768)",close_up_line,0.913510,Electrode,0.072323,cantilever,0.006347,
C:\Users\kom-e14-1\OneDrive\MLTraining\project\microvision-ai\data\unlabeled_test_images\MEMS_devices_and_electrodes\L8_518fd0b5d433fe478c12a42340a7492a.jpg,C:\Users\kom-e14-1\Documents\Codex\2026-06-05\i-have-sem-images-i-chategorized\outputs\unlabeled_cropped_for_review\L8_518fd0b5d433fe478c12a42340a7492a_cropped.jpg,true,"(0, 0, 1024, 659)","(0, 659, 1024, 768)",Bond-Pad-Array,0.578436,3d_edge,0.171114,Electrode,0.143469,
C:\Users\kom-e14-1\OneDrive\MLTraining\project\microvision-ai\data\unlabeled_test_images\MEMS_devices_and_electrodes\L8_51b2db472347af0b2b71810fe9d9c1c9.jpg,C:\Users\kom-e14-1\Documents\Codex\2026-06-05\i-have-sem-images-i-chategorized\outputs\unlabeled_cropped_for_review\L8_51b2db472347af0b2b71810fe9d9c1c9_cropped.jpg,true,"(0, 0, 1024, 636)","(0, 636, 1024, 768)",3d_edge,0.993650,microfluidic,0.002758,waveguide,0.002321,
C:\Users\kom-e14-1\OneDrive\MLTraining\project\microvision-ai\data\unlabeled_test_images\MEMS_devices_and_electrodes\L8_51b70e9620f17135e8135992e7c54704.jpg,C:\Users\kom-e14-1\Documents\Codex\2026-06-05\i-have-sem-images-i-chategorized\outputs\unlabeled_cropped_for_review\L8_51b70e9620f17135e8135992e7c54704_cropped.jpg,true,"(0, 0, 1024, 607)","(0, 607, 1024, 768)",waveguide,0.999719,3d_edge,0.000123,close_up_line,0.000103,
C:\Users\kom-e14-1\OneDrive\MLTraining\project\microvision-ai\data\unlabeled_test_images\MEMS_devices_and_electrodes\L8_51fd4c01fcc65d724eade9ac5969415c.jpg,C:\Users\kom-e14-1\Documents\Codex\2026-06-05\i-have-sem-images-i-chategorized\outputs\unlabeled_cropped_for_review\L8_51fd4c01fcc65d724eade9ac5969415c_cropped.jpg,true,"(0, 0, 1024, 636)","(0, 636, 1024, 768)",3d_edge,0.971303,waveguide,0.015124,close_up_line,0.007920,
C:\Users\kom-e14-1\OneDrive\MLTraining\project\microvision-ai\data\unlabeled_test_images\MEMS_devices_and_electrodes\L8_5224319540a3f10c78437b97e90ebf43.jpg,C:\Users\kom-e14-1\Documents\Codex\2026-06-05\i-have-sem-images-i-chategorized\outputs\unlabeled_cropped_for_review\L8_5224319540a3f10c78437b97e90ebf43_cropped.jpg,true,"(0, 0, 1024, 636)","(0, 636, 1024, 768)",3d_edge,0.998564,waveguide,0.000697,Electrode,0.000396,
C:\Users\kom-e14-1\OneDrive\MLTraining\project\microvision-ai\data\unlabeled_test_images\MEMS_devices_and_electrodes\L8_52372fcf0c00c8bfeea57663a29f3c98.jpg,C:\Users\kom-e14-1\Documents\Codex\2026-06-05\i-have-sem-images-i-chategorized\outputs\unlabeled_cropped_for_review\L8_52372fcf0c00c8bfeea57663a29f3c98_cropped.jpg,true,"(0, 0, 1024, 607)","(0, 607, 1024, 768)",waveguide,0.493397,3d_edge,0.430878,close_up_line,0.037708,
C:\Users\kom-e14-1\OneDrive\MLTraining\project\microvision-ai\data\unlabeled_test_images\MEMS_devices_and_electrodes\L8_52435ace9b4f2ff3a9b3756497de9379.jpg,C:\Users\kom-e14-1\Documents\Codex\2026-06-05\i-have-sem-images-i-chategorized\outputs\unlabeled_cropped_for_review\L8_52435ace9b4f2ff3a9b3756497de9379_cropped.jpg,true,"(0, 0, 1024, 607)","(0, 607, 1024, 768)",Bond-Pad-Array,0.786912,label,0.125652,close_up_line,0.039124,
C:\Users\kom-e14-1\OneDrive\MLTraining\project\microvision-ai\data\unlabeled_test_images\MEMS_devices_and_electrodes\L8_524f5ebd175cf5a776756433a6e6bba3.jpg,C:\Users\kom-e14-1\Documents\Codex\2026-06-05\i-have-sem-images-i-chategorized\outputs\unlabeled_cropped_for_review\L8_524f5ebd175cf5a776756433a6e6bba3_cropped.jpg,true,"(0, 0, 1024, 562)","(0, 562, 1024, 768)",cantilever,0.871763,waveguide,0.063677,3d_edge,0.048157,
C:\Users\kom-e14-1\OneDrive\MLTraining\project\microvision-ai\data\unlabeled_test_images\MEMS_devices_and_electrodes\L8_5256d1bdadd76967f769f8eea9533f7f.jpg,C:\Users\kom-e14-1\Documents\Codex\2026-06-05\i-have-sem-images-i-chategorized\outputs\unlabeled_cropped_for_review\L8_5256d1bdadd76967f769f8eea9533f7f_cropped.jpg,true,"(0, 0, 1024, 607)","(0, 607, 1024, 768)",Bond-Pad-Array,0.997069,close_up_line,0.000659,Electrode,0.000467,
C:\Users\kom-e14-1\OneDrive\MLTraining\project\microvision-ai\data\unlabeled_test_images\MEMS_devices_and_electrodes\L8_5259c34b0a7da8afb11c03a6e67f3b4e.jpg,C:\Users\kom-e14-1\Documents\Codex\2026-06-05\i-have-sem-images-i-chategorized\outputs\unlabeled_cropped_for_review\L8_5259c34b0a7da8afb11c03a6e67f3b4e_cropped.jpg,true,"(0, 0, 1024, 607)","(0, 607, 1024, 768)",Electrode,0.658823,close_up_line,0.321406,Bond-Pad-Array,0.007822,
C:\Users\kom-e14-1\OneDrive\MLTraining\project\microvision-ai\data\unlabeled_test_images\MEMS_devices_and_electrodes\L8_5274c46c7868706ed3e84fa4a5d984c3.jpg,C:\Users\kom-e14-1\Documents\Codex\2026-06-05\i-have-sem-images-i-chategorized\outputs\unlabeled_cropped_for_review\L8_5274c46c7868706ed3e84fa4a5d984c3_cropped.jpg,true,"(0, 0, 1024, 607)","(0, 607, 1024, 768)",close_up_line,0.970970,Electrode,0.022909,waveguide,0.002115,
C:\Users\kom-e14-1\OneDrive\MLTraining\project\microvision-ai\data\unlabeled_test_images\MEMS_devices_and_electrodes\L8_52a0dc45c572c824a461bcb0cee1364b.jpg,C:\Users\kom-e14-1\Documents\Codex\2026-06-05\i-have-sem-images-i-chategorized\outputs\unlabeled_cropped_for_review\L8_52a0dc45c572c824a461bcb0cee1364b_cropped.jpg,true,"(0, 0, 1024, 499)","(0, 499, 1024, 768)",Electrode,0.953159,close_up_line,0.030530,3d_edge,0.009740,
C:\Users\kom-e14-1\OneDrive\MLTraining\project\microvision-ai\data\unlabeled_test_images\MEMS_devices_and_electrodes\L8_52c7be74559757685d0066f5c4186854.jpg,C:\Users\kom-e14-1\Documents\Codex\2026-06-05\i-have-sem-images-i-chategorized\outputs\unlabeled_cropped_for_review\L8_52c7be74559757685d0066f5c4186854_cropped.jpg,true,"(0, 0, 1024, 569)","(0, 569, 1024, 768)",3d_edge,0.993748,waveguide,0.002184,close_up_line,0.001559,
C:\Users\kom-e14-1\OneDrive\MLTraining\project\microvision-ai\data\unlabeled_test_images\MEMS_devices_and_electrodes\L8_52d1465e686c4f1ef0c6e5a945a0613c.jpg,C:\Users\kom-e14-1\Documents\Codex\2026-06-05\i-have-sem-images-i-chategorized\outputs\unlabeled_cropped_for_review\L8_52d1465e686c4f1ef0c6e5a945a0613c_cropped.jpg,true,"(0, 0, 1024, 636)","(0, 636, 1024, 768)",3d_edge,0.983132,Electrode,0.006539,close_up_line,0.003131,
C:\Users\kom-e14-1\OneDrive\MLTraining\project\microvision-ai\data\unlabeled_test_images\MEMS_devices_and_electrodes\L8_52d987156dd619eca2c4796a2acb6e70.jpg,C:\Users\kom-e14-1\Documents\Codex\2026-06-05\i-have-sem-images-i-chategorized\outputs\unlabeled_cropped_for_review\L8_52d987156dd619eca2c4796a2acb6e70_cropped.jpg,true,"(0, 0, 1024, 607)","(0, 607, 1024, 768)",3d_edge,0.911721,close_up_line,0.055086,waveguide,0.018280,
C:\Users\kom-e14-1\OneDrive\MLTraining\project\microvision-ai\data\unlabeled_test_images\MEMS_devices_and_electrodes\L8_52e12763d07bf60b9d9f75e9d476a415.jpg,C:\Users\kom-e14-1\Documents\Codex\2026-06-05\i-have-sem-images-i-chategorized\outputs\unlabeled_cropped_for_review\L8_52e12763d07bf60b9d9f75e9d476a415_cropped.jpg,true,"(0, 0, 1024, 635)","(0, 635, 1024, 768)",Bond-Pad-Array,0.643658,3d_edge,0.105039,Electrode,0.080299,
C:\Users\kom-e14-1\OneDrive\MLTraining\project\microvision-ai\data\unlabeled_test_images\MEMS_devices_and_electrodes\L8_52e3b5f776bf62bfac16978fa6becef8.jpg,C:\Users\kom-e14-1\Documents\Codex\2026-06-05\i-have-sem-images-i-chategorized\outputs\unlabeled_cropped_for_review\L8_52e3b5f776bf62bfac16978fa6becef8_cropped.jpg,true,"(0, 0, 1024, 635)","(0, 635, 1024, 768)",3d_edge,0.795835,waveguide,0.114204,Electrode,0.033193,
C:\Users\kom-e14-1\OneDrive\MLTraining\project\microvision-ai\data\unlabeled_test_images\MEMS_devices_and_electrodes\L8_53131231f022b7fe05671bed63362519.jpg,C:\Users\kom-e14-1\Documents\Codex\2026-06-05\i-have-sem-images-i-chategorized\outputs\unlabeled_cropped_for_review\L8_53131231f022b7fe05671bed63362519_cropped.jpg,true,"(0, 0, 1024, 636)","(0, 636, 1024, 768)",3d_edge,0.962380,waveguide,0.021943,close_up_line,0.006311,
C:\Users\kom-e14-1\OneDrive\MLTraining\project\microvision-ai\data\unlabeled_test_images\MEMS_devices_and_electrodes\L8_532052b9040563a5bf3d6c45f78940b3.jpg,C:\Users\kom-e14-1\Documents\Codex\2026-06-05\i-have-sem-images-i-chategorized\outputs\unlabeled_cropped_for_review\L8_532052b9040563a5bf3d6c45f78940b3_cropped.jpg,true,"(0, 0, 1024, 499)","(0, 499, 1024, 768)",waveguide,0.536088,3d_edge,0.402434,close_up_line,0.027688,
C:\Users\kom-e14-1\OneDrive\MLTraining\project\microvision-ai\data\unlabeled_test_images\MEMS_devices_and_electrodes\L8_5325f686e268d2286de3664790e245d4.jpg,C:\Users\kom-e14-1\Documents\Codex\2026-06-05\i-have-sem-images-i-chategorized\outputs\unlabeled_cropped_for_review\L8_5325f686e268d2286de3664790e245d4_cropped.jpg,true,"(0, 0, 1024, 607)","(0, 607, 1024, 768)",Electrode,0.841805,close_up_line,0.120986,Bond-Pad-Array,0.022061,
C:\Users\kom-e14-1\OneDrive\MLTraining\project\microvision-ai\data\unlabeled_test_images\MEMS_devices_and_electrodes\L8_532acf87efcb6f8d9a651f69e24ba854.jpg,C:\Users\kom-e14-1\Documents\Codex\2026-06-05\i-have-sem-images-i-chategorized\outputs\unlabeled_cropped_for_review\L8_532acf87efcb6f8d9a651f69e24ba854_cropped.jpg,true,"(0, 0, 1024, 635)","(0, 635, 1024, 768)",Electrode,0.787625,close_up_line,0.152874,3d_edge,0.048907,
C:\Users\kom-e14-1\OneDrive\MLTraining\project\microvision-ai\data\unlabeled_test_images\MEMS_devices_and_electrodes\L8_5331676a064eef943db120905450860a.jpg,C:\Users\kom-e14-1\Documents\Codex\2026-06-05\i-have-sem-images-i-chategorized\outputs\unlabeled_cropped_for_review\L8_5331676a064eef943db120905450860a_cropped.jpg,true,"(0, 0, 1024, 659)","(0, 659, 1024, 768)",Electrode,0.999369,close_up_line,0.000495,3d_edge,0.000053,
C:\Users\kom-e14-1\OneDrive\MLTraining\project\microvision-ai\data\unlabeled_test_images\MEMS_devices_and_electrodes\L8_5367c887224d288dc76fecf02dac8ae0.jpg,C:\Users\kom-e14-1\Documents\Codex\2026-06-05\i-have-sem-images-i-chategorized\outputs\unlabeled_cropped_for_review\L8_5367c887224d288dc76fecf02dac8ae0_cropped.jpg,true,"(0, 0, 1024, 636)","(0, 636, 1024, 768)",3d_edge,0.979932,waveguide,0.008272,cantilever,0.006736,
C:\Users\kom-e14-1\OneDrive\MLTraining\project\microvision-ai\data\unlabeled_test_images\MEMS_devices_and_electrodes\L8_536b33201a460d0295a0fe206906a183.jpg,C:\Users\kom-e14-1\Documents\Codex\2026-06-05\i-have-sem-images-i-chategorized\outputs\unlabeled_cropped_for_review\L8_536b33201a460d0295a0fe206906a183_cropped.jpg,true,"(0, 0, 1024, 636)","(0, 636, 1024, 768)",3d_edge,0.989633,microfluidic,0.003099,waveguide,0.002908,
C:\Users\kom-e14-1\OneDrive\MLTraining\project\microvision-ai\data\unlabeled_test_images\MEMS_devices_and_electrodes\L8_536b56cdc4322d35eb428c119a6f3c70.jpg,C:\Users\kom-e14-1\Documents\Codex\2026-06-05\i-have-sem-images-i-chategorized\outputs\unlabeled_cropped_for_review\L8_536b56cdc4322d35eb428c119a6f3c70_cropped.jpg,true,"(0, 0, 1024, 607)","(0, 607, 1024, 768)",3d_edge,0.762447,close_up_line,0.063637,Electrode,0.053212,
C:\Users\kom-e14-1\OneDrive\MLTraining\project\microvision-ai\data\unlabeled_test_images\MEMS_devices_and_electrodes\L8_5376e58427b81dbce5c15ac359bd1705.jpg,C:\Users\kom-e14-1\Documents\Codex\2026-06-05\i-have-sem-images-i-chategorized\outputs\unlabeled_cropped_for_review\L8_5376e58427b81dbce5c15ac359bd1705_cropped.jpg,true,"(0, 0, 1024, 607)","(0, 607, 1024, 768)",close_up_line,0.896878,Electrode,0.092444,waveguide,0.002565,
C:\Users\kom-e14-1\OneDrive\MLTraining\project\microvision-ai\data\unlabeled_test_images\MEMS_devices_and_electrodes\L8_537eab4c636139bb24a93c83d5c6f033.jpg,C:\Users\kom-e14-1\Documents\Codex\2026-06-05\i-have-sem-images-i-chategorized\outputs\unlabeled_cropped_for_review\L8_537eab4c636139bb24a93c83d5c6f033_cropped.jpg,true,"(0, 0, 1024, 607)","(0, 607, 1024, 768)",waveguide,0.967856,3d_edge,0.015376,microfluidic,0.007962,
C:\Users\kom-e14-1\OneDrive\MLTraining\project\microvision-ai\data\unlabeled_test_images\MEMS_devices_and_electrodes\L8_538bd7e468d461a9991556b45a8604be.jpg,C:\Users\kom-e14-1\Documents\Codex\2026-06-05\i-have-sem-images-i-chategorized\outputs\unlabeled_cropped_for_review\L8_538bd7e468d461a9991556b45a8604be_cropped.jpg,true,"(0, 0, 1024, 499)","(0, 499, 1024, 768)",3d_edge,0.980585,microfluidic,0.008407,waveguide,0.006430,
C:\Users\kom-e14-1\OneDrive\MLTraining\project\microvision-ai\data\unlabeled_test_images\MEMS_devices_and_electrodes\L8_53ad6de858b3bf44492b53eaca6f42d6.jpg,C:\Users\kom-e14-1\Documents\Codex\2026-06-05\i-have-sem-images-i-chategorized\outputs\unlabeled_cropped_for_review\L8_53ad6de858b3bf44492b53eaca6f42d6_cropped.jpg,true,"(0, 0, 1023, 607)","(0, 607, 1023, 767)",Electrode,0.762464,close_up_line,0.115297,3d_edge,0.073427,
C:\Users\kom-e14-1\OneDrive\MLTraining\project\microvision-ai\data\unlabeled_test_images\MEMS_devices_and_electrodes\L8_53bac321cd32aa4654e69eaef66ff282.jpg,C:\Users\kom-e14-1\Documents\Codex\2026-06-05\i-have-sem-images-i-chategorized\outputs\unlabeled_cropped_for_review\L8_53bac321cd32aa4654e69eaef66ff282_cropped.jpg,true,"(0, 0, 1024, 607)","(0, 607, 1024, 768)",3d_edge,0.705305,waveguide,0.143697,cantilever,0.048275,
C:\Users\kom-e14-1\OneDrive\MLTraining\project\microvision-ai\data\unlabeled_test_images\MEMS_devices_and_electrodes\L8_53d8d7666e41ad8039845d4429847b77.jpg,C:\Users\kom-e14-1\Documents\Codex\2026-06-05\i-have-sem-images-i-chategorized\outputs\unlabeled_cropped_for_review\L8_53d8d7666e41ad8039845d4429847b77_cropped.jpg,true,"(0, 0, 1024, 659)","(0, 659, 1024, 768)",3d_edge,0.631289,close_up_line,0.188225,Electrode,0.177128,
C:\Users\kom-e14-1\OneDrive\MLTraining\project\microvision-ai\data\unlabeled_test_images\MEMS_devices_and_electrodes\L8_53dc7deec4fb438006111d898aac6a2c.jpg,C:\Users\kom-e14-1\Documents\Codex\2026-06-05\i-have-sem-images-i-chategorized\outputs\unlabeled_cropped_for_review\L8_53dc7deec4fb438006111d898aac6a2c_cropped.jpg,true,"(0, 0, 1024, 635)","(0, 635, 1024, 768)",3d_edge,0.761802,waveguide,0.068410,cantilever,0.043044,
C:\Users\kom-e14-1\OneDrive\MLTraining\project\microvision-ai\data\unlabeled_test_images\MEMS_devices_and_electrodes\L8_5409cde46982dd28b16f852283178724.jpg,C:\Users\kom-e14-1\Documents\Codex\2026-06-05\i-have-sem-images-i-chategorized\outputs\unlabeled_cropped_for_review\L8_5409cde46982dd28b16f852283178724_cropped.jpg,true,"(0, 0, 1024, 641)","(0, 641, 1024, 768)",Electrode,0.492552,cantilever,0.193217,Bond-Pad-Array,0.165397,
C:\Users\kom-e14-1\OneDrive\MLTraining\project\microvision-ai\data\unlabeled_test_images\MEMS_devices_and_electrodes\L8_541fc5f92c02b8d566337a63156169de.jpg,C:\Users\kom-e14-1\Documents\Codex\2026-06-05\i-have-sem-images-i-chategorized\outputs\unlabeled_cropped_for_review\L8_541fc5f92c02b8d566337a63156169de_cropped.jpg,true,"(0, 0, 1024, 607)","(0, 607, 1024, 768)",Electrode,0.436059,close_up_line,0.272940,3d_edge,0.216494,
C:\Users\kom-e14-1\OneDrive\MLTraining\project\microvision-ai\data\unlabeled_test_images\MEMS_devices_and_electrodes\L8_5421518ca5bc9e9f0e3cfda31de33862.jpg,C:\Users\kom-e14-1\Documents\Codex\2026-06-05\i-have-sem-images-i-chategorized\outputs\unlabeled_cropped_for_review\L8_5421518ca5bc9e9f0e3cfda31de33862_cropped.jpg,true,"(0, 0, 1024, 607)","(0, 607, 1024, 768)",close_up_line,0.968853,Electrode,0.028249,Bond-Pad-Array,0.001599,
C:\Users\kom-e14-1\OneDrive\MLTraining\project\microvision-ai\data\unlabeled_test_images\MEMS_devices_and_electrodes\L8_542bb90fddad3af21e9833d0f096a12b.jpg,C:\Users\kom-e14-1\Documents\Codex\2026-06-05\i-have-sem-images-i-chategorized\outputs\unlabeled_cropped_for_review\L8_542bb90fddad3af21e9833d0f096a12b_cropped.jpg,true,"(0, 0, 1024, 635)","(0, 635, 1024, 768)",3d_edge,0.800563,waveguide,0.140578,cantilever,0.026428,
C:\Users\kom-e14-1\OneDrive\MLTraining\project\microvision-ai\data\unlabeled_test_images\MEMS_devices_and_electrodes\L8_5448821b5cb5b35f1d4de904230c91b9.jpg,C:\Users\kom-e14-1\Documents\Codex\2026-06-05\i-have-sem-images-i-chategorized\outputs\unlabeled_cropped_for_review\L8_5448821b5cb5b35f1d4de904230c91b9_cropped.jpg,true,"(0, 0, 1024, 635)","(0, 635, 1024, 768)",3d_edge,0.978740,waveguide,0.008274,close_up_line,0.006067,
C:\Users\kom-e14-1\OneDrive\MLTraining\project\microvision-ai\data\unlabeled_test_images\MEMS_devices_and_electrodes\L8_546c33f2d929074992b87c01ece31aaa.jpg,C:\Users\kom-e14-1\Documents\Codex\2026-06-05\i-have-sem-images-i-chategorized\outputs\unlabeled_cropped_for_review\L8_546c33f2d929074992b87c01ece31aaa_cropped.jpg,true,"(0, 0, 1024, 635)","(0, 635, 1024, 768)",Electrode,0.666538,close_up_line,0.281049,microfluidic,0.015609,
C:\Users\kom-e14-1\OneDrive\MLTraining\project\microvision-ai\data\unlabeled_test_images\MEMS_devices_and_electrodes\L8_548e09b2fc0e26d64297905a2ef94235.jpg,C:\Users\kom-e14-1\Documents\Codex\2026-06-05\i-have-sem-images-i-chategorized\outputs\unlabeled_cropped_for_review\L8_548e09b2fc0e26d64297905a2ef94235_cropped.jpg,true,"(0, 0, 1024, 502)","(0, 502, 1024, 768)",Electrode,0.350352,3d_edge,0.339412,cantilever,0.185297,
C:\Users\kom-e14-1\OneDrive\MLTraining\project\microvision-ai\data\unlabeled_test_images\MEMS_devices_and_electrodes\L8_54a6db4e9e68f1d865e058d5e3427041.jpg,C:\Users\kom-e14-1\Documents\Codex\2026-06-05\i-have-sem-images-i-chategorized\outputs\unlabeled_cropped_for_review\L8_54a6db4e9e68f1d865e058d5e3427041_cropped.jpg,true,"(0, 0, 1024, 594)","(0, 594, 1024, 768)",3d_edge,0.719744,Electrode,0.119255,close_up_line,0.108847,
C:\Users\kom-e14-1\OneDrive\MLTraining\project\microvision-ai\data\unlabeled_test_images\MEMS_devices_and_electrodes\L8_54dd4bf60c2c851c768f0da16eac2487.jpg,C:\Users\kom-e14-1\Documents\Codex\2026-06-05\i-have-sem-images-i-chategorized\outputs\unlabeled_cropped_for_review\L8_54dd4bf60c2c851c768f0da16eac2487_cropped.jpg,true,"(0, 0, 1024, 636)","(0, 636, 1024, 768)",3d_edge,0.912945,Electrode,0.034566,waveguide,0.017298,
C:\Users\kom-e14-1\OneDrive\MLTraining\project\microvision-ai\data\unlabeled_test_images\MEMS_devices_and_electrodes\L8_54fc22ad64801dcc89fd54ac55b5d0d4.jpg,C:\Users\kom-e14-1\Documents\Codex\2026-06-05\i-have-sem-images-i-chategorized\outputs\unlabeled_cropped_for_review\L8_54fc22ad64801dcc89fd54ac55b5d0d4_cropped.jpg,true,"(0, 0, 1024, 529)","(0, 529, 1024, 768)",3d_edge,0.768012,Electrode,0.102095,close_up_line,0.048963,
C:\Users\kom-e14-1\OneDrive\MLTraining\project\microvision-ai\data\unlabeled_test_images\MEMS_devices_and_electrodes\L8_55094da122f932c49829790c37e02f38.jpg,C:\Users\kom-e14-1\Documents\Codex\2026-06-05\i-have-sem-images-i-chategorized\outputs\unlabeled_cropped_for_review\L8_55094da122f932c49829790c37e02f38_cropped.jpg,true,"(0, 0, 1024, 635)","(0, 635, 1024, 768)",3d_edge,0.992916,waveguide,0.002196,microfluidic,0.001620,
C:\Users\kom-e14-1\OneDrive\MLTraining\project\microvision-ai\data\unlabeled_test_images\MEMS_devices_and_electrodes\L8_5519c5ea8a3bff7b360ab4902a5ced2b.jpg,C:\Users\kom-e14-1\Documents\Codex\2026-06-05\i-have-sem-images-i-chategorized\outputs\unlabeled_cropped_for_review\L8_5519c5ea8a3bff7b360ab4902a5ced2b_cropped.jpg,true,"(0, 0, 1024, 636)","(0, 636, 1024, 768)",3d_edge,0.917470,close_up_line,0.040037,waveguide,0.022143,
C:\Users\kom-e14-1\OneDrive\MLTraining\project\microvision-ai\data\unlabeled_test_images\MEMS_devices_and_electrodes\L8_551a6a9245df2ee16ad1b312984cb7b3.jpg,C:\Users\kom-e14-1\Documents\Codex\2026-06-05\i-have-sem-images-i-chategorized\outputs\unlabeled_cropped_for_review\L8_551a6a9245df2ee16ad1b312984cb7b3_cropped.jpg,true,"(0, 0, 1024, 607)","(0, 607, 1024, 768)",waveguide,0.999556,close_up_line,0.000163,3d_edge,0.000159,
C:\Users\kom-e14-1\OneDrive\MLTraining\project\microvision-ai\data\unlabeled_test_images\MEMS_devices_and_electrodes\L8_55364f0f2887efcd4be5b6908503209f.jpg,C:\Users\kom-e14-1\Documents\Codex\2026-06-05\i-have-sem-images-i-chategorized\outputs\unlabeled_cropped_for_review\L8_55364f0f2887efcd4be5b6908503209f_cropped.jpg,true,"(0, 0, 1024, 658)","(0, 658, 1024, 768)",Electrode,0.749334,cantilever,0.124522,3d_edge,0.087211,
C:\Users\kom-e14-1\OneDrive\MLTraining\project\microvision-ai\data\unlabeled_test_images\MEMS_devices_and_electrodes\L8_554c158240a82b967c55a12e3ef2e6b2.jpg,C:\Users\kom-e14-1\Documents\Codex\2026-06-05\i-have-sem-images-i-chategorized\outputs\unlabeled_cropped_for_review\L8_554c158240a82b967c55a12e3ef2e6b2_cropped.jpg,true,"(0, 0, 1024, 508)","(0, 508, 1024, 768)",3d_edge,0.591174,microfluidic,0.328920,waveguide,0.056842,
C:\Users\kom-e14-1\OneDrive\MLTraining\project\microvision-ai\data\unlabeled_test_images\MEMS_devices_and_electrodes\L8_554f670087ff258012222c90ac7be221.jpg,C:\Users\kom-e14-1\Documents\Codex\2026-06-05\i-have-sem-images-i-chategorized\outputs\unlabeled_cropped_for_review\L8_554f670087ff258012222c90ac7be221_cropped.jpg,true,"(0, 0, 1024, 635)","(0, 635, 1024, 768)",3d_edge,0.996846,waveguide,0.000944,microfluidic,0.000848,
C:\Users\kom-e14-1\OneDrive\MLTraining\project\microvision-ai\data\unlabeled_test_images\MEMS_devices_and_electrodes\L8_559d6e4ca95d2a4b28ee1322b792cb6d.jpg,C:\Users\kom-e14-1\Documents\Codex\2026-06-05\i-have-sem-images-i-chategorized\outputs\unlabeled_cropped_for_review\L8_559d6e4ca95d2a4b28ee1322b792cb6d_cropped.jpg,true,"(0, 0, 1024, 607)","(0, 607, 1024, 768)",close_up_line,0.708078,waveguide,0.195654,Electrode,0.044321,
C:\Users\kom-e14-1\OneDrive\MLTraining\project\microvision-ai\data\unlabeled_test_images\MEMS_devices_and_electrodes\L8_55bbaca6f36786e736656f38fe3ab9aa.jpg,C:\Users\kom-e14-1\Documents\Codex\2026-06-05\i-have-sem-images-i-chategorized\outputs\unlabeled_cropped_for_review\L8_55bbaca6f36786e736656f38fe3ab9aa_cropped.jpg,true,"(0, 0, 1024, 607)","(0, 607, 1024, 768)",close_up_line,0.506231,Electrode,0.454541,3d_edge,0.018894,
C:\Users\kom-e14-1\OneDrive\MLTraining\project\microvision-ai\data\unlabeled_test_images\MEMS_devices_and_electrodes\L8_55c176eb9c03d2371d62405077f395bf.jpg,C:\Users\kom-e14-1\Documents\Codex\2026-06-05\i-have-sem-images-i-chategorized\outputs\unlabeled_cropped_for_review\L8_55c176eb9c03d2371d62405077f395bf_cropped.jpg,true,"(0, 0, 1024, 499)","(0, 499, 1024, 768)",3d_edge,0.927757,microfluidic,0.020781,Electrode,0.018804,
C:\Users\kom-e14-1\OneDrive\MLTraining\project\microvision-ai\data\unlabeled_test_images\MEMS_devices_and_electrodes\L8_560c5f73b99875ed973731a4bdb0ae71.jpg,C:\Users\kom-e14-1\Documents\Codex\2026-06-05\i-have-sem-images-i-chategorized\outputs\unlabeled_cropped_for_review\L8_560c5f73b99875ed973731a4bdb0ae71_cropped.jpg,true,"(0, 0, 1024, 635)","(0, 635, 1024, 768)",3d_edge,0.986262,waveguide,0.005360,close_up_line,0.003791,
C:\Users\kom-e14-1\OneDrive\MLTraining\project\microvision-ai\data\unlabeled_test_images\MEMS_devices_and_electrodes\L8_561ecf06eaa808ecaf2abf2e70d81cae.jpg,C:\Users\kom-e14-1\Documents\Codex\2026-06-05\i-have-sem-images-i-chategorized\outputs\unlabeled_cropped_for_review\L8_561ecf06eaa808ecaf2abf2e70d81cae_cropped.jpg,true,"(0, 0, 1024, 635)","(0, 635, 1024, 768)",3d_edge,0.942050,Electrode,0.033915,close_up_line,0.014893,
C:\Users\kom-e14-1\OneDrive\MLTraining\project\microvision-ai\data\unlabeled_test_images\MEMS_devices_and_electrodes\L8_56488681010fc9cec6398c18b3da77d9.jpg,C:\Users\kom-e14-1\Documents\Codex\2026-06-05\i-have-sem-images-i-chategorized\outputs\unlabeled_cropped_for_review\L8_56488681010fc9cec6398c18b3da77d9_cropped.jpg,true,"(0, 0, 1024, 607)","(0, 607, 1024, 768)",Electrode,0.799065,3d_edge,0.133736,close_up_line,0.050326,
C:\Users\kom-e14-1\OneDrive\MLTraining\project\microvision-ai\data\unlabeled_test_images\MEMS_devices_and_electrodes\L8_56596244b5f1a0af392d49b702382bd9.jpg,C:\Users\kom-e14-1\Documents\Codex\2026-06-05\i-have-sem-images-i-chategorized\outputs\unlabeled_cropped_for_review\L8_56596244b5f1a0af392d49b702382bd9_cropped.jpg,true,"(0, 0, 1024, 607)","(0, 607, 1024, 768)",close_up_line,0.787911,Electrode,0.180105,3d_edge,0.017437,
C:\Users\kom-e14-1\OneDrive\MLTraining\project\microvision-ai\data\unlabeled_test_images\MEMS_devices_and_electrodes\L8_56643b548a9d83f2f3e029206e0629e2.jpg,C:\Users\kom-e14-1\Documents\Codex\2026-06-05\i-have-sem-images-i-chategorized\outputs\unlabeled_cropped_for_review\L8_56643b548a9d83f2f3e029206e0629e2_cropped.jpg,true,"(0, 0, 1024, 635)","(0, 635, 1024, 768)",3d_edge,0.991815,microfluidic,0.003653,waveguide,0.002345,
C:\Users\kom-e14-1\OneDrive\MLTraining\project\microvision-ai\data\unlabeled_test_images\MEMS_devices_and_electrodes\L8_567b61eae325d4e96212cc46dc16aca8.jpg,C:\Users\kom-e14-1\Documents\Codex\2026-06-05\i-have-sem-images-i-chategorized\outputs\unlabeled_cropped_for_review\L8_567b61eae325d4e96212cc46dc16aca8_cropped.jpg,true,"(0, 0, 1024, 635)","(0, 635, 1024, 768)",3d_edge,0.928045,waveguide,0.024803,close_up_line,0.014437,
C:\Users\kom-e14-1\OneDrive\MLTraining\project\microvision-ai\data\unlabeled_test_images\MEMS_devices_and_electrodes\L8_56837c87099ec7a7d89e01e1e5109dfa.jpg,C:\Users\kom-e14-1\Documents\Codex\2026-06-05\i-have-sem-images-i-chategorized\outputs\unlabeled_cropped_for_review\L8_56837c87099ec7a7d89e01e1e5109dfa_cropped.jpg,true,"(0, 0, 1024, 635)","(0, 635, 1024, 768)",3d_edge,0.985244,microfluidic,0.005436,waveguide,0.002670,
C:\Users\kom-e14-1\OneDrive\MLTraining\project\microvision-ai\data\unlabeled_test_images\MEMS_devices_and_electrodes\L8_568a7511fa3266953e86f090645ecec6.jpg,C:\Users\kom-e14-1\Documents\Codex\2026-06-05\i-have-sem-images-i-chategorized\outputs\unlabeled_cropped_for_review\L8_568a7511fa3266953e86f090645ecec6_cropped.jpg,true,"(0, 0, 1024, 607)","(0, 607, 1024, 768)",close_up_line,0.974746,Electrode,0.021447,Bond-Pad-Array,0.002031,
C:\Users\kom-e14-1\OneDrive\MLTraining\project\microvision-ai\data\unlabeled_test_images\MEMS_devices_and_electrodes\L8_569f2e289a1d98d392d64295347fbda4.jpg,C:\Users\kom-e14-1\Documents\Codex\2026-06-05\i-have-sem-images-i-chategorized\outputs\unlabeled_cropped_for_review\L8_569f2e289a1d98d392d64295347fbda4_cropped.jpg,true,"(0, 0, 1024, 499)","(0, 499, 1024, 768)",3d_edge,0.572581,waveguide,0.296309,microfluidic,0.048542,
C:\Users\kom-e14-1\OneDrive\MLTraining\project\microvision-ai\data\unlabeled_test_images\MEMS_devices_and_electrodes\L8_56a08394b25b001265e5c93025b98584.jpg,C:\Users\kom-e14-1\Documents\Codex\2026-06-05\i-have-sem-images-i-chategorized\outputs\unlabeled_cropped_for_review\L8_56a08394b25b001265e5c93025b98584_cropped.jpg,true,"(0, 0, 1024, 636)","(0, 636, 1024, 768)",3d_edge,0.940856,microfluidic,0.024991,cantilever,0.010738,
C:\Users\kom-e14-1\OneDrive\MLTraining\project\microvision-ai\data\unlabeled_test_images\MEMS_devices_and_electrodes\L8_56ddf97224d18b0c48c73ec603b2740d.jpg,C:\Users\kom-e14-1\Documents\Codex\2026-06-05\i-have-sem-images-i-chategorized\outputs\unlabeled_cropped_for_review\L8_56ddf97224d18b0c48c73ec603b2740d_cropped.jpg,true,"(0, 0, 1024, 636)","(0, 636, 1024, 768)",3d_edge,0.996827,waveguide,0.001860,microfluidic,0.000476,
C:\Users\kom-e14-1\OneDrive\MLTraining\project\microvision-ai\data\unlabeled_test_images\MEMS_devices_and_electrodes\L8_56e7b8127bebf5343f2c377b92a25fbf.jpg,C:\Users\kom-e14-1\Documents\Codex\2026-06-05\i-have-sem-images-i-chategorized\outputs\unlabeled_cropped_for_review\L8_56e7b8127bebf5343f2c377b92a25fbf_cropped.jpg,true,"(0, 0, 1024, 635)","(0, 635, 1024, 768)",cantilever,0.803575,3d_edge,0.157654,Electrode,0.022617,
C:\Users\kom-e14-1\OneDrive\MLTraining\project\microvision-ai\data\unlabeled_test_images\MEMS_devices_and_electrodes\L8_573deee89f4b9f1e2fe7a1807b03ae56.jpg,C:\Users\kom-e14-1\Documents\Codex\2026-06-05\i-have-sem-images-i-chategorized\outputs\unlabeled_cropped_for_review\L8_573deee89f4b9f1e2fe7a1807b03ae56_cropped.jpg,true,"(0, 0, 1024, 607)","(0, 607, 1024, 768)",3d_edge,0.970712,close_up_line,0.013042,Electrode,0.011051,
C:\Users\kom-e14-1\OneDrive\MLTraining\project\microvision-ai\data\unlabeled_test_images\MEMS_devices_and_electrodes\L8_57427b13a3acb017f6351e3775606d2d.jpg,C:\Users\kom-e14-1\Documents\Codex\2026-06-05\i-have-sem-images-i-chategorized\outputs\unlabeled_cropped_for_review\L8_57427b13a3acb017f6351e3775606d2d_cropped.jpg,true,"(0, 0, 1024, 637)","(0, 637, 1024, 768)",3d_edge,0.908614,microfluidic,0.040307,waveguide,0.023149,
C:\Users\kom-e14-1\OneDrive\MLTraining\project\microvision-ai\data\unlabeled_test_images\MEMS_devices_and_electrodes\L8_5746addfb426e14d3e2d32a92bd1da42.jpg,C:\Users\kom-e14-1\Documents\Codex\2026-06-05\i-have-sem-images-i-chategorized\outputs\unlabeled_cropped_for_review\L8_5746addfb426e14d3e2d32a92bd1da42_cropped.jpg,true,"(0, 0, 1024, 607)","(0, 607, 1024, 768)",microfluidic,0.528205,close_up_line,0.223211,waveguide,0.126304,
C:\Users\kom-e14-1\OneDrive\MLTraining\project\microvision-ai\data\unlabeled_test_images\MEMS_devices_and_electrodes\L8_574b36b8ba4fe3a058bf9afe34f26fcd.jpg,C:\Users\kom-e14-1\Documents\Codex\2026-06-05\i-have-sem-images-i-chategorized\outputs\unlabeled_cropped_for_review\L8_574b36b8ba4fe3a058bf9afe34f26fcd_cropped.jpg,true,"(0, 0, 1024, 607)","(0, 607, 1024, 768)",Electrode,0.852176,close_up_line,0.141132,Bond-Pad-Array,0.004266,
C:\Users\kom-e14-1\OneDrive\MLTraining\project\microvision-ai\data\unlabeled_test_images\MEMS_devices_and_electrodes\L8_5756d1800473e23e429ece4a8a8cf5fb.jpg,C:\Users\kom-e14-1\Documents\Codex\2026-06-05\i-have-sem-images-i-chategorized\outputs\unlabeled_cropped_for_review\L8_5756d1800473e23e429ece4a8a8cf5fb_cropped.jpg,true,"(0, 0, 1024, 594)","(0, 594, 1024, 768)",Electrode,0.480074,close_up_line,0.348472,3d_edge,0.057490,
C:\Users\kom-e14-1\OneDrive\MLTraining\project\microvision-ai\data\unlabeled_test_images\MEMS_devices_and_electrodes\L8_57ac3b7e643caeb26c8493c7e7824855.jpg,C:\Users\kom-e14-1\Documents\Codex\2026-06-05\i-have-sem-images-i-chategorized\outputs\unlabeled_cropped_for_review\L8_57ac3b7e643caeb26c8493c7e7824855_cropped.jpg,true,"(0, 0, 1024, 607)","(0, 607, 1024, 768)",3d_edge,0.322834,waveguide,0.222562,close_up_line,0.149629,
C:\Users\kom-e14-1\OneDrive\MLTraining\project\microvision-ai\data\unlabeled_test_images\MEMS_devices_and_electrodes\L8_57e99b410c07dafae318952f566de572.jpg,C:\Users\kom-e14-1\Documents\Codex\2026-06-05\i-have-sem-images-i-chategorized\outputs\unlabeled_cropped_for_review\L8_57e99b410c07dafae318952f566de572_cropped.jpg,true,"(0, 0, 1024, 635)","(0, 635, 1024, 768)",3d_edge,0.406999,close_up_line,0.155572,waveguide,0.118774,
C:\Users\kom-e14-1\OneDrive\MLTraining\project\microvision-ai\data\unlabeled_test_images\MEMS_devices_and_electrodes\L8_57fec1c8b8fab0b9d3adf43c9014d0de.jpg,C:\Users\kom-e14-1\Documents\Codex\2026-06-05\i-have-sem-images-i-chategorized\outputs\unlabeled_cropped_for_review\L8_57fec1c8b8fab0b9d3adf43c9014d0de_cropped.jpg,true,"(0, 0, 1024, 607)","(0, 607, 1024, 768)",close_up_line,0.547077,cantilever,0.186569,Electrode,0.105870,
C:\Users\kom-e14-1\OneDrive\MLTraining\project\microvision-ai\data\unlabeled_test_images\MEMS_devices_and_electrodes\L8_5803c1be2006273ddce0537185cf0667.jpg,C:\Users\kom-e14-1\Documents\Codex\2026-06-05\i-have-sem-images-i-chategorized\outputs\unlabeled_cropped_for_review\L8_5803c1be2006273ddce0537185cf0667_cropped.jpg,true,"(0, 0, 1024, 607)","(0, 607, 1024, 768)",Bond-Pad-Array,0.996022,label,0.001315,close_up_line,0.000824,
C:\Users\kom-e14-1\OneDrive\MLTraining\project\microvision-ai\data\unlabeled_test_images\MEMS_devices_and_electrodes\L8_581178b092ed213e5fba844636e3e683.jpg,C:\Users\kom-e14-1\Documents\Codex\2026-06-05\i-have-sem-images-i-chategorized\outputs\unlabeled_cropped_for_review\L8_581178b092ed213e5fba844636e3e683_cropped.jpg,true,"(0, 0, 1024, 636)","(0, 636, 1024, 768)",3d_edge,0.971080,microfluidic,0.017566,cantilever,0.005050,
C:\Users\kom-e14-1\OneDrive\MLTraining\project\microvision-ai\data\unlabeled_test_images\MEMS_devices_and_electrodes\L8_581ab7ae53c65d0399d4ac122a80d8cd.jpg,C:\Users\kom-e14-1\Documents\Codex\2026-06-05\i-have-sem-images-i-chategorized\outputs\unlabeled_cropped_for_review\L8_581ab7ae53c65d0399d4ac122a80d8cd_cropped.jpg,true,"(0, 0, 1024, 646)","(0, 646, 1024, 768)",3d_edge,0.990466,waveguide,0.006210,microfluidic,0.001231,
C:\Users\kom-e14-1\OneDrive\MLTraining\project\microvision-ai\data\unlabeled_test_images\MEMS_devices_and_electrodes\L8_583456008a42244e5390d0023fb2e991.jpg,C:\Users\kom-e14-1\Documents\Codex\2026-06-05\i-have-sem-images-i-chategorized\outputs\unlabeled_cropped_for_review\L8_583456008a42244e5390d0023fb2e991_cropped.jpg,true,"(0, 0, 1024, 499)","(0, 499, 1024, 768)",3d_edge,0.393038,cantilever,0.355188,Electrode,0.077340,
C:\Users\kom-e14-1\OneDrive\MLTraining\project\microvision-ai\data\unlabeled_test_images\MEMS_devices_and_electrodes\L8_5851da3ec0e4372b7d5abd6fa61fdda7.jpg,C:\Users\kom-e14-1\Documents\Codex\2026-06-05\i-have-sem-images-i-chategorized\outputs\unlabeled_cropped_for_review\L8_5851da3ec0e4372b7d5abd6fa61fdda7_cropped.jpg,false,"(0, 0, 3072, 2304)",,Bond-Pad-Array,0.995855,label,0.000990,cantilever,0.000957,
C:\Users\kom-e14-1\OneDrive\MLTraining\project\microvision-ai\data\unlabeled_test_images\MEMS_devices_and_electrodes\L8_58609134a213cefdab046a34de5ff9ac.jpg,C:\Users\kom-e14-1\Documents\Codex\2026-06-05\i-have-sem-images-i-chategorized\outputs\unlabeled_cropped_for_review\L8_58609134a213cefdab046a34de5ff9ac_cropped.jpg,true,"(0, 0, 1024, 635)","(0, 635, 1024, 768)",3d_edge,0.921110,waveguide,0.068130,close_up_line,0.004316,
C:\Users\kom-e14-1\OneDrive\MLTraining\project\microvision-ai\data\unlabeled_test_images\MEMS_devices_and_electrodes\L8_586d9624fcf0d727d808f10acdace608.jpg,C:\Users\kom-e14-1\Documents\Codex\2026-06-05\i-have-sem-images-i-chategorized\outputs\unlabeled_cropped_for_review\L8_586d9624fcf0d727d808f10acdace608_cropped.jpg,true,"(0, 0, 1024, 499)","(0, 499, 1024, 768)",3d_edge,0.993647,Electrode,0.003257,microfluidic,0.002039,
C:\Users\kom-e14-1\OneDrive\MLTraining\project\microvision-ai\data\unlabeled_test_images\MEMS_devices_and_electrodes\L8_588b11ad7a92d13777fe0be3adf633bf.jpg,C:\Users\kom-e14-1\Documents\Codex\2026-06-05\i-have-sem-images-i-chategorized\outputs\unlabeled_cropped_for_review\L8_588b11ad7a92d13777fe0be3adf633bf_cropped.jpg,true,"(0, 0, 1024, 658)","(0, 658, 1024, 768)",Bond-Pad-Array,0.475821,Electrode,0.280544,close_up_line,0.073906,
C:\Users\kom-e14-1\OneDrive\MLTraining\project\microvision-ai\data\unlabeled_test_images\MEMS_devices_and_electrodes\L8_58b45e90a33825f2186c6414c0f23927.jpg,C:\Users\kom-e14-1\Documents\Codex\2026-06-05\i-have-sem-images-i-chategorized\outputs\unlabeled_cropped_for_review\L8_58b45e90a33825f2186c6414c0f23927_cropped.jpg,true,"(0, 0, 1024, 607)","(0, 607, 1024, 768)",3d_edge,0.865501,cantilever,0.037689,Electrode,0.036224,
C:\Users\kom-e14-1\OneDrive\MLTraining\project\microvision-ai\data\unlabeled_test_images\MEMS_devices_and_electrodes\L8_58c103cc0fd62ac40c33077efff4450e.jpg,C:\Users\kom-e14-1\Documents\Codex\2026-06-05\i-have-sem-images-i-chategorized\outputs\unlabeled_cropped_for_review\L8_58c103cc0fd62ac40c33077efff4450e_cropped.jpg,true,"(0, 0, 1024, 499)","(0, 499, 1024, 768)",3d_edge,0.958058,waveguide,0.014771,microfluidic,0.011629,
C:\Users\kom-e14-1\OneDrive\MLTraining\project\microvision-ai\data\unlabeled_test_images\MEMS_devices_and_electrodes\L8_58c2b9720fc6dbf8aef950784172030a.jpg,C:\Users\kom-e14-1\Documents\Codex\2026-06-05\i-have-sem-images-i-chategorized\outputs\unlabeled_cropped_for_review\L8_58c2b9720fc6dbf8aef950784172030a_cropped.jpg,true,"(0, 0, 1024, 635)","(0, 635, 1024, 768)",3d_edge,0.918815,microfluidic,0.065982,Electrode,0.011835,
C:\Users\kom-e14-1\OneDrive\MLTraining\project\microvision-ai\data\unlabeled_test_images\MEMS_devices_and_electrodes\L8_58c69e358662fad6cc020f2a3f724fcd.jpg,C:\Users\kom-e14-1\Documents\Codex\2026-06-05\i-have-sem-images-i-chategorized\outputs\unlabeled_cropped_for_review\L8_58c69e358662fad6cc020f2a3f724fcd_cropped.jpg,true,"(0, 0, 1024, 635)","(0, 635, 1024, 768)",3d_edge,0.765306,cantilever,0.143831,waveguide,0.061421,
C:\Users\kom-e14-1\OneDrive\MLTraining\project\microvision-ai\data\unlabeled_test_images\MEMS_devices_and_electrodes\L8_58fb1a73ec7e2fe7676f97a2cbb7bfa2.jpg,C:\Users\kom-e14-1\Documents\Codex\2026-06-05\i-have-sem-images-i-chategorized\outputs\unlabeled_cropped_for_review\L8_58fb1a73ec7e2fe7676f97a2cbb7bfa2_cropped.jpg,true,"(0, 0, 1024, 607)","(0, 607, 1024, 768)",close_up_line,0.710478,waveguide,0.175515,cantilever,0.034983,
C:\Users\kom-e14-1\OneDrive\MLTraining\project\microvision-ai\data\unlabeled_test_images\MEMS_devices_and_electrodes\L8_5917e561d760402ea93a0170da9e89a9.jpg,C:\Users\kom-e14-1\Documents\Codex\2026-06-05\i-have-sem-images-i-chategorized\outputs\unlabeled_cropped_for_review\L8_5917e561d760402ea93a0170da9e89a9_cropped.jpg,true,"(0, 0, 1024, 635)","(0, 635, 1024, 768)",3d_edge,0.781838,microfluidic,0.210631,waveguide,0.004936,
C:\Users\kom-e14-1\OneDrive\MLTraining\project\microvision-ai\data\unlabeled_test_images\MEMS_devices_and_electrodes\L8_591ea875c3664d66af791327a26ca8be.jpg,C:\Users\kom-e14-1\Documents\Codex\2026-06-05\i-have-sem-images-i-chategorized\outputs\unlabeled_cropped_for_review\L8_591ea875c3664d66af791327a26ca8be_cropped.jpg,true,"(0, 0, 1024, 607)","(0, 607, 1024, 768)",close_up_line,0.896527,Electrode,0.100189,Bond-Pad-Array,0.001370,
C:\Users\kom-e14-1\OneDrive\MLTraining\project\microvision-ai\data\unlabeled_test_images\MEMS_devices_and_electrodes\L8_595c0580539dc3a30fbfc7efd3a00f07.jpg,C:\Users\kom-e14-1\Documents\Codex\2026-06-05\i-have-sem-images-i-chategorized\outputs\unlabeled_cropped_for_review\L8_595c0580539dc3a30fbfc7efd3a00f07_cropped.jpg,true,"(0, 0, 1024, 616)","(0, 616, 1024, 768)",waveguide,0.999251,close_up_line,0.000382,3d_edge,0.000186,
C:\Users\kom-e14-1\OneDrive\MLTraining\project\microvision-ai\data\unlabeled_test_images\MEMS_devices_and_electrodes\L8_59631cb61ef2a1e7472c055a894bb688.jpg,C:\Users\kom-e14-1\Documents\Codex\2026-06-05\i-have-sem-images-i-chategorized\outputs\unlabeled_cropped_for_review\L8_59631cb61ef2a1e7472c055a894bb688_cropped.jpg,true,"(0, 0, 1024, 635)","(0, 635, 1024, 768)",3d_edge,0.995091,Electrode,0.001931,microfluidic,0.001099,
C:\Users\kom-e14-1\OneDrive\MLTraining\project\microvision-ai\data\unlabeled_test_images\MEMS_devices_and_electrodes\L8_596cf4e41d567481ce9109d0d5c57938.jpg,C:\Users\kom-e14-1\Documents\Codex\2026-06-05\i-have-sem-images-i-chategorized\outputs\unlabeled_cropped_for_review\L8_596cf4e41d567481ce9109d0d5c57938_cropped.jpg,true,"(0, 0, 1024, 499)","(0, 499, 1024, 768)",3d_edge,0.927541,cantilever,0.019128,Electrode,0.016415,
C:\Users\kom-e14-1\OneDrive\MLTraining\project\microvision-ai\data\unlabeled_test_images\MEMS_devices_and_electrodes\L8_597e64913494561fc642034925f7fe78.jpg,C:\Users\kom-e14-1\Documents\Codex\2026-06-05\i-have-sem-images-i-chategorized\outputs\unlabeled_cropped_for_review\L8_597e64913494561fc642034925f7fe78_cropped.jpg,true,"(0, 0, 1024, 607)","(0, 607, 1024, 768)",close_up_line,0.567822,Electrode,0.231026,3d_edge,0.054722,
C:\Users\kom-e14-1\OneDrive\MLTraining\project\microvision-ai\data\unlabeled_test_images\MEMS_devices_and_electrodes\L8_59849c767d842c766abc4aa9c25957bc.jpg,C:\Users\kom-e14-1\Documents\Codex\2026-06-05\i-have-sem-images-i-chategorized\outputs\unlabeled_cropped_for_review\L8_59849c767d842c766abc4aa9c25957bc_cropped.jpg,true,"(0, 0, 1024, 607)","(0, 607, 1024, 768)",close_up_line,0.768742,Electrode,0.176066,3d_edge,0.016160,
C:\Users\kom-e14-1\OneDrive\MLTraining\project\microvision-ai\data\unlabeled_test_images\MEMS_devices_and_electrodes\L8_59968bbc08d6c9e109d18a97c23dce64.jpg,C:\Users\kom-e14-1\Documents\Codex\2026-06-05\i-have-sem-images-i-chategorized\outputs\unlabeled_cropped_for_review\L8_59968bbc08d6c9e109d18a97c23dce64_cropped.jpg,true,"(0, 0, 1024, 659)","(0, 659, 1024, 768)",Electrode,0.999678,close_up_line,0.000118,cantilever,0.000073,
C:\Users\kom-e14-1\OneDrive\MLTraining\project\microvision-ai\data\unlabeled_test_images\MEMS_devices_and_electrodes\L8_59c1abcbdb1b37d589bf7ee831d0c707.jpg,C:\Users\kom-e14-1\Documents\Codex\2026-06-05\i-have-sem-images-i-chategorized\outputs\unlabeled_cropped_for_review\L8_59c1abcbdb1b37d589bf7ee831d0c707_cropped.jpg,true,"(0, 0, 1024, 630)","(0, 630, 1024, 768)",microfluidic,0.403042,close_up_line,0.212942,waveguide,0.123586,
C:\Users\kom-e14-1\OneDrive\MLTraining\project\microvision-ai\data\unlabeled_test_images\MEMS_devices_and_electrodes\L8_59c5d6b3f88a15a28157843fe629be9a.jpg,C:\Users\kom-e14-1\Documents\Codex\2026-06-05\i-have-sem-images-i-chategorized\outputs\unlabeled_cropped_for_review\L8_59c5d6b3f88a15a28157843fe629be9a_cropped.jpg,true,"(0, 0, 1024, 646)","(0, 646, 1024, 768)",3d_edge,0.755245,microfluidic,0.064424,cantilever,0.041586,
C:\Users\kom-e14-1\OneDrive\MLTraining\project\microvision-ai\data\unlabeled_test_images\MEMS_devices_and_electrodes\L8_5a044913216a043f5ae055fef190122b.jpg,C:\Users\kom-e14-1\Documents\Codex\2026-06-05\i-have-sem-images-i-chategorized\outputs\unlabeled_cropped_for_review\L8_5a044913216a043f5ae055fef190122b_cropped.jpg,true,"(0, 0, 1024, 636)","(0, 636, 1024, 768)",3d_edge,0.806782,microfluidic,0.063453,Electrode,0.045717,
C:\Users\kom-e14-1\OneDrive\MLTraining\project\microvision-ai\data\unlabeled_test_images\MEMS_devices_and_electrodes\L8_5a5132246ff4c7979b3ad86f70ea8a01.jpg,C:\Users\kom-e14-1\Documents\Codex\2026-06-05\i-have-sem-images-i-chategorized\outputs\unlabeled_cropped_for_review\L8_5a5132246ff4c7979b3ad86f70ea8a01_cropped.jpg,true,"(0, 0, 1024, 631)","(0, 631, 1024, 768)",3d_edge,0.992034,Electrode,0.003126,close_up_line,0.002255,
C:\Users\kom-e14-1\OneDrive\MLTraining\project\microvision-ai\data\unlabeled_test_images\MEMS_devices_and_electrodes\L8_5a52bac2c133133f10d288dae49993a7.jpg,C:\Users\kom-e14-1\Documents\Codex\2026-06-05\i-have-sem-images-i-chategorized\outputs\unlabeled_cropped_for_review\L8_5a52bac2c133133f10d288dae49993a7_cropped.jpg,true,"(0, 0, 1024, 635)","(0, 635, 1024, 768)",3d_edge,0.985234,waveguide,0.007515,cantilever,0.004110,
C:\Users\kom-e14-1\OneDrive\MLTraining\project\microvision-ai\data\unlabeled_test_images\MEMS_devices_and_electrodes\L8_5a9ef5efa4b0a44f504262812ba30bbe.jpg,C:\Users\kom-e14-1\Documents\Codex\2026-06-05\i-have-sem-images-i-chategorized\outputs\unlabeled_cropped_for_review\L8_5a9ef5efa4b0a44f504262812ba30bbe_cropped.jpg,true,"(0, 0, 1024, 658)","(0, 658, 1024, 768)",Electrode,0.609280,cantilever,0.324436,3d_edge,0.051902,
C:\Users\kom-e14-1\OneDrive\MLTraining\project\microvision-ai\data\unlabeled_test_images\MEMS_devices_and_electrodes\L8_5aab958e7a08ecf11fd28dcd190fab1c.jpg,C:\Users\kom-e14-1\Documents\Codex\2026-06-05\i-have-sem-images-i-chategorized\outputs\unlabeled_cropped_for_review\L8_5aab958e7a08ecf11fd28dcd190fab1c_cropped.jpg,true,"(0, 0, 1024, 635)","(0, 635, 1024, 768)",3d_edge,0.316378,cantilever,0.201718,Bond-Pad-Array,0.144346,
C:\Users\kom-e14-1\OneDrive\MLTraining\project\microvision-ai\data\unlabeled_test_images\MEMS_devices_and_electrodes\L8_5b204a7eb007280d81fabb3ca0ff6542.jpg,C:\Users\kom-e14-1\Documents\Codex\2026-06-05\i-have-sem-images-i-chategorized\outputs\unlabeled_cropped_for_review\L8_5b204a7eb007280d81fabb3ca0ff6542_cropped.jpg,true,"(0, 0, 1024, 635)","(0, 635, 1024, 768)",3d_edge,0.902641,waveguide,0.025059,cantilever,0.021621,
C:\Users\kom-e14-1\OneDrive\MLTraining\project\microvision-ai\data\unlabeled_test_images\MEMS_devices_and_electrodes\L8_5b25b6e46d1a88419c266d3dae604b7f.jpg,C:\Users\kom-e14-1\Documents\Codex\2026-06-05\i-have-sem-images-i-chategorized\outputs\unlabeled_cropped_for_review\L8_5b25b6e46d1a88419c266d3dae604b7f_cropped.jpg,true,"(0, 0, 1024, 636)","(0, 636, 1024, 768)",3d_edge,0.984074,microfluidic,0.005816,close_up_line,0.003436,
C:\Users\kom-e14-1\OneDrive\MLTraining\project\microvision-ai\data\unlabeled_test_images\MEMS_devices_and_electrodes\L8_5b28f73e4405f090c74b3aef065847df.jpg,C:\Users\kom-e14-1\Documents\Codex\2026-06-05\i-have-sem-images-i-chategorized\outputs\unlabeled_cropped_for_review\L8_5b28f73e4405f090c74b3aef065847df_cropped.jpg,true,"(0, 0, 1024, 630)","(0, 630, 1024, 768)",3d_edge,0.641903,close_up_line,0.183785,Electrode,0.103142,
C:\Users\kom-e14-1\OneDrive\MLTraining\project\microvision-ai\data\unlabeled_test_images\MEMS_devices_and_electrodes\L8_5b389fd540ca9cba2d4ffe96cf0397e6.jpg,C:\Users\kom-e14-1\Documents\Codex\2026-06-05\i-have-sem-images-i-chategorized\outputs\unlabeled_cropped_for_review\L8_5b389fd540ca9cba2d4ffe96cf0397e6_cropped.jpg,true,"(0, 0, 1024, 635)","(0, 635, 1024, 768)",3d_edge,0.974021,cantilever,0.010202,waveguide,0.007147,
C:\Users\kom-e14-1\OneDrive\MLTraining\project\microvision-ai\data\unlabeled_test_images\MEMS_devices_and_electrodes\L8_5b3fc191410fc6559fae684708cd3dad.jpg,C:\Users\kom-e14-1\Documents\Codex\2026-06-05\i-have-sem-images-i-chategorized\outputs\unlabeled_cropped_for_review\L8_5b3fc191410fc6559fae684708cd3dad_cropped.jpg,true,"(0, 0, 1024, 636)","(0, 636, 1024, 768)",3d_edge,0.830281,waveguide,0.070971,cantilever,0.034684,
C:\Users\kom-e14-1\OneDrive\MLTraining\project\microvision-ai\data\unlabeled_test_images\MEMS_devices_and_electrodes\L8_5b6cee24cfd1c5494ae0a1b4ad2d20b6.jpg,C:\Users\kom-e14-1\Documents\Codex\2026-06-05\i-have-sem-images-i-chategorized\outputs\unlabeled_cropped_for_review\L8_5b6cee24cfd1c5494ae0a1b4ad2d20b6_cropped.jpg,true,"(0, 0, 1024, 635)","(0, 635, 1024, 768)",3d_edge,0.995885,cantilever,0.001587,waveguide,0.000990,
C:\Users\kom-e14-1\OneDrive\MLTraining\project\microvision-ai\data\unlabeled_test_images\MEMS_devices_and_electrodes\L8_5b7bba702885ce1cdfda975e6b940fb7.jpg,C:\Users\kom-e14-1\Documents\Codex\2026-06-05\i-have-sem-images-i-chategorized\outputs\unlabeled_cropped_for_review\L8_5b7bba702885ce1cdfda975e6b940fb7_cropped.jpg,true,"(0, 0, 1024, 659)","(0, 659, 1024, 768)",3d_edge,0.927816,close_up_line,0.035532,Electrode,0.015805,
C:\Users\kom-e14-1\OneDrive\MLTraining\project\microvision-ai\data\unlabeled_test_images\MEMS_devices_and_electrodes\L8_5b8dea32ec348793ce9da8e4adf11283.jpg,C:\Users\kom-e14-1\Documents\Codex\2026-06-05\i-have-sem-images-i-chategorized\outputs\unlabeled_cropped_for_review\L8_5b8dea32ec348793ce9da8e4adf11283_cropped.jpg,true,"(0, 0, 1024, 499)","(0, 499, 1024, 768)",Electrode,0.901744,close_up_line,0.067598,3d_edge,0.027468,
C:\Users\kom-e14-1\OneDrive\MLTraining\project\microvision-ai\data\unlabeled_test_images\MEMS_devices_and_electrodes\L8_5bc8b2c8d994f91f5450cfca28d1d17d.jpg,C:\Users\kom-e14-1\Documents\Codex\2026-06-05\i-have-sem-images-i-chategorized\outputs\unlabeled_cropped_for_review\L8_5bc8b2c8d994f91f5450cfca28d1d17d_cropped.jpg,true,"(0, 0, 1024, 630)","(0, 630, 1024, 768)",3d_edge,0.968287,close_up_line,0.011020,waveguide,0.008412,
C:\Users\kom-e14-1\OneDrive\MLTraining\project\microvision-ai\data\unlabeled_test_images\MEMS_devices_and_electrodes\L8_5bedee13b24294cf0f56be53806d1f01.jpg,C:\Users\kom-e14-1\Documents\Codex\2026-06-05\i-have-sem-images-i-chategorized\outputs\unlabeled_cropped_for_review\L8_5bedee13b24294cf0f56be53806d1f01_cropped.jpg,true,"(0, 0, 1024, 635)","(0, 635, 1024, 768)",waveguide,0.657528,3d_edge,0.143839,close_up_line,0.106351,
C:\Users\kom-e14-1\OneDrive\MLTraining\project\microvision-ai\data\unlabeled_test_images\MEMS_devices_and_electrodes\L8_5c8a99f3e79732d2f08fe72c73fcf081.jpg,C:\Users\kom-e14-1\Documents\Codex\2026-06-05\i-have-sem-images-i-chategorized\outputs\unlabeled_cropped_for_review\L8_5c8a99f3e79732d2f08fe72c73fcf081_cropped.jpg,true,"(0, 0, 1024, 675)","(0, 675, 1024, 768)",3d_edge,0.740460,waveguide,0.162490,close_up_line,0.056390,
C:\Users\kom-e14-1\OneDrive\MLTraining\project\microvision-ai\data\unlabeled_test_images\MEMS_devices_and_electrodes\L8_5cd295d42ff57508e033c3891de79d68.jpg,C:\Users\kom-e14-1\Documents\Codex\2026-06-05\i-have-sem-images-i-chategorized\outputs\unlabeled_cropped_for_review\L8_5cd295d42ff57508e033c3891de79d68_cropped.jpg,true,"(0, 0, 1024, 635)","(0, 635, 1024, 768)",waveguide,0.591447,cantilever,0.155022,3d_edge,0.126635,
C:\Users\kom-e14-1\OneDrive\MLTraining\project\microvision-ai\data\unlabeled_test_images\MEMS_devices_and_electrodes\L8_5cd2bd5c7ffb0ecda3811c69bdd457b0.jpg,C:\Users\kom-e14-1\Documents\Codex\2026-06-05\i-have-sem-images-i-chategorized\outputs\unlabeled_cropped_for_review\L8_5cd2bd5c7ffb0ecda3811c69bdd457b0_cropped.jpg,true,"(0, 0, 1024, 607)","(0, 607, 1024, 768)",Electrode,0.424576,close_up_line,0.183767,3d_edge,0.176520,
C:\Users\kom-e14-1\OneDrive\MLTraining\project\microvision-ai\data\unlabeled_test_images\MEMS_devices_and_electrodes\L8_5d01adb4a71b1980abafdf35f1e9bf86.jpg,C:\Users\kom-e14-1\Documents\Codex\2026-06-05\i-have-sem-images-i-chategorized\outputs\unlabeled_cropped_for_review\L8_5d01adb4a71b1980abafdf35f1e9bf86_cropped.jpg,true,"(0, 0, 1024, 607)","(0, 607, 1024, 768)",close_up_line,0.436039,Electrode,0.390849,3d_edge,0.083546,
C:\Users\kom-e14-1\OneDrive\MLTraining\project\microvision-ai\data\unlabeled_test_images\MEMS_devices_and_electrodes\L8_5d04a84cd8e9be8de11a9e51d7a9db7a.jpg,C:\Users\kom-e14-1\Documents\Codex\2026-06-05\i-have-sem-images-i-chategorized\outputs\unlabeled_cropped_for_review\L8_5d04a84cd8e9be8de11a9e51d7a9db7a_cropped.jpg,true,"(0, 0, 1024, 635)","(0, 635, 1024, 768)",3d_edge,0.462454,Bond-Pad-Array,0.163996,Electrode,0.129204,
C:\Users\kom-e14-1\OneDrive\MLTraining\project\microvision-ai\data\unlabeled_test_images\MEMS_devices_and_electrodes\L8_5d11349d387b23f2f6b86f590bc7acbb.jpg,C:\Users\kom-e14-1\Documents\Codex\2026-06-05\i-have-sem-images-i-chategorized\outputs\unlabeled_cropped_for_review\L8_5d11349d387b23f2f6b86f590bc7acbb_cropped.jpg,true,"(0, 0, 1024, 607)","(0, 607, 1024, 768)",waveguide,0.300749,close_up_line,0.282243,3d_edge,0.167902,
C:\Users\kom-e14-1\OneDrive\MLTraining\project\microvision-ai\data\unlabeled_test_images\MEMS_devices_and_electrodes\L8_5d1764d576291a687dde8d4408d34de4.jpg,C:\Users\kom-e14-1\Documents\Codex\2026-06-05\i-have-sem-images-i-chategorized\outputs\unlabeled_cropped_for_review\L8_5d1764d576291a687dde8d4408d34de4_cropped.jpg,true,"(0, 0, 1024, 641)","(0, 641, 1024, 768)",3d_edge,0.998919,microfluidic,0.000624,waveguide,0.000152,
C:\Users\kom-e14-1\OneDrive\MLTraining\project\microvision-ai\data\unlabeled_test_images\MEMS_devices_and_electrodes\L8_5d1b1247aa51e966973865bf3b63abd8.jpg,C:\Users\kom-e14-1\Documents\Codex\2026-06-05\i-have-sem-images-i-chategorized\outputs\unlabeled_cropped_for_review\L8_5d1b1247aa51e966973865bf3b63abd8_cropped.jpg,true,"(0, 0, 1024, 616)","(0, 616, 1024, 768)",waveguide,0.993009,close_up_line,0.004587,3d_edge,0.001288,
C:\Users\kom-e14-1\OneDrive\MLTraining\project\microvision-ai\data\unlabeled_test_images\MEMS_devices_and_electrodes\L8_5d342f0af9c3a4f16f08264d3fafce9a.jpg,C:\Users\kom-e14-1\Documents\Codex\2026-06-05\i-have-sem-images-i-chategorized\outputs\unlabeled_cropped_for_review\L8_5d342f0af9c3a4f16f08264d3fafce9a_cropped.jpg,true,"(0, 0, 1024, 635)","(0, 635, 1024, 768)",cantilever,0.510868,Electrode,0.218697,Bond-Pad-Array,0.145434,
C:\Users\kom-e14-1\OneDrive\MLTraining\project\microvision-ai\data\unlabeled_test_images\MEMS_devices_and_electrodes\L8_5d53616fb3c0e2d6c48b271a604818e8.jpg,C:\Users\kom-e14-1\Documents\Codex\2026-06-05\i-have-sem-images-i-chategorized\outputs\unlabeled_cropped_for_review\L8_5d53616fb3c0e2d6c48b271a604818e8_cropped.jpg,true,"(0, 0, 1024, 594)","(0, 594, 1024, 768)",3d_edge,0.441785,Electrode,0.321105,cantilever,0.113089,
C:\Users\kom-e14-1\OneDrive\MLTraining\project\microvision-ai\data\unlabeled_test_images\MEMS_devices_and_electrodes\L8_5d8d79cb849e4eb4cb2a407f42ee01f9.jpg,C:\Users\kom-e14-1\Documents\Codex\2026-06-05\i-have-sem-images-i-chategorized\outputs\unlabeled_cropped_for_review\L8_5d8d79cb849e4eb4cb2a407f42ee01f9_cropped.jpg,true,"(0, 0, 1024, 635)","(0, 635, 1024, 768)",3d_edge,0.999663,waveguide,0.000136,microfluidic,0.000085,
C:\Users\kom-e14-1\OneDrive\MLTraining\project\microvision-ai\data\unlabeled_test_images\MEMS_devices_and_electrodes\L8_5dce70e508553be23d91530a51097b4a.jpg,C:\Users\kom-e14-1\Documents\Codex\2026-06-05\i-have-sem-images-i-chategorized\outputs\unlabeled_cropped_for_review\L8_5dce70e508553be23d91530a51097b4a_cropped.jpg,true,"(0, 0, 1024, 607)","(0, 607, 1024, 768)",Electrode,0.862673,close_up_line,0.125728,Bond-Pad-Array,0.006158,
C:\Users\kom-e14-1\OneDrive\MLTraining\project\microvision-ai\data\unlabeled_test_images\MEMS_devices_and_electrodes\L8_5dee3f071477244ef6fbfaf189abfcff.jpg,C:\Users\kom-e14-1\Documents\Codex\2026-06-05\i-have-sem-images-i-chategorized\outputs\unlabeled_cropped_for_review\L8_5dee3f071477244ef6fbfaf189abfcff_cropped.jpg,true,"(0, 0, 1024, 635)","(0, 635, 1024, 768)",3d_edge,0.951506,waveguide,0.023802,microfluidic,0.007770,
C:\Users\kom-e14-1\OneDrive\MLTraining\project\microvision-ai\data\unlabeled_test_images\MEMS_devices_and_electrodes\L8_5df08c3bd3a2f929c6e3acec549df78a.jpg,C:\Users\kom-e14-1\Documents\Codex\2026-06-05\i-have-sem-images-i-chategorized\outputs\unlabeled_cropped_for_review\L8_5df08c3bd3a2f929c6e3acec549df78a_cropped.jpg,true,"(0, 0, 1024, 637)","(0, 637, 1024, 768)",3d_edge,0.990876,waveguide,0.003535,close_up_line,0.002549,
C:\Users\kom-e14-1\OneDrive\MLTraining\project\microvision-ai\data\unlabeled_test_images\MEMS_devices_and_electrodes\L8_5e01d4af87c535db7b6052cbc2e764f9.jpg,C:\Users\kom-e14-1\Documents\Codex\2026-06-05\i-have-sem-images-i-chategorized\outputs\unlabeled_cropped_for_review\L8_5e01d4af87c535db7b6052cbc2e764f9_cropped.jpg,true,"(0, 0, 1024, 499)","(0, 499, 1024, 768)",3d_edge,0.885116,cantilever,0.101894,microfluidic,0.007368,
C:\Users\kom-e14-1\OneDrive\MLTraining\project\microvision-ai\data\unlabeled_test_images\MEMS_devices_and_electrodes\L8_5e2b010a13942a168f1dec4f10ff2ffb.jpg,C:\Users\kom-e14-1\Documents\Codex\2026-06-05\i-have-sem-images-i-chategorized\outputs\unlabeled_cropped_for_review\L8_5e2b010a13942a168f1dec4f10ff2ffb_cropped.jpg,true,"(0, 0, 1024, 499)","(0, 499, 1024, 768)",microfluidic,0.944051,3d_edge,0.053804,waveguide,0.001505,
C:\Users\kom-e14-1\OneDrive\MLTraining\project\microvision-ai\data\unlabeled_test_images\MEMS_devices_and_electrodes\L8_5e350345723acb8b111a7a27ae6bf4e5.jpg,C:\Users\kom-e14-1\Documents\Codex\2026-06-05\i-have-sem-images-i-chategorized\outputs\unlabeled_cropped_for_review\L8_5e350345723acb8b111a7a27ae6bf4e5_cropped.jpg,true,"(0, 0, 1024, 594)","(0, 594, 1024, 768)",close_up_line,0.507680,3d_edge,0.164326,microfluidic,0.145544,
C:\Users\kom-e14-1\OneDrive\MLTraining\project\microvision-ai\data\unlabeled_test_images\MEMS_devices_and_electrodes\L8_5e6d3571204beba72f2431580d3322ec.jpg,C:\Users\kom-e14-1\Documents\Codex\2026-06-05\i-have-sem-images-i-chategorized\outputs\unlabeled_cropped_for_review\L8_5e6d3571204beba72f2431580d3322ec_cropped.jpg,true,"(0, 0, 1024, 607)","(0, 607, 1024, 768)",close_up_line,0.876947,Electrode,0.048516,3d_edge,0.019244,
C:\Users\kom-e14-1\OneDrive\MLTraining\project\microvision-ai\data\unlabeled_test_images\MEMS_devices_and_electrodes\L8_5e6daed0c1bcf49b9032ca6946193880.jpg,C:\Users\kom-e14-1\Documents\Codex\2026-06-05\i-have-sem-images-i-chategorized\outputs\unlabeled_cropped_for_review\L8_5e6daed0c1bcf49b9032ca6946193880_cropped.jpg,true,"(0, 0, 1024, 499)","(0, 499, 1024, 768)",3d_edge,0.836603,waveguide,0.100344,microfluidic,0.026260,
C:\Users\kom-e14-1\OneDrive\MLTraining\project\microvision-ai\data\unlabeled_test_images\MEMS_devices_and_electrodes\L8_5e8029d424395e032146f0234e29321d.jpg,C:\Users\kom-e14-1\Documents\Codex\2026-06-05\i-have-sem-images-i-chategorized\outputs\unlabeled_cropped_for_review\L8_5e8029d424395e032146f0234e29321d_cropped.jpg,true,"(0, 0, 1024, 607)","(0, 607, 1024, 768)",waveguide,0.987238,close_up_line,0.004010,3d_edge,0.003194,
C:\Users\kom-e14-1\OneDrive\MLTraining\project\microvision-ai\data\unlabeled_test_images\MEMS_devices_and_electrodes\L8_5ecc02c56baa51c933c5cf78ecc055b6.jpg,C:\Users\kom-e14-1\Documents\Codex\2026-06-05\i-have-sem-images-i-chategorized\outputs\unlabeled_cropped_for_review\L8_5ecc02c56baa51c933c5cf78ecc055b6_cropped.jpg,true,"(0, 0, 1024, 607)","(0, 607, 1024, 768)",close_up_line,0.380123,microfluidic,0.341602,Electrode,0.161020,
C:\Users\kom-e14-1\OneDrive\MLTraining\project\microvision-ai\data\unlabeled_test_images\MEMS_devices_and_electrodes\L8_5efacca4f72320be52938c27f6aa4a82.jpg,C:\Users\kom-e14-1\Documents\Codex\2026-06-05\i-have-sem-images-i-chategorized\outputs\unlabeled_cropped_for_review\L8_5efacca4f72320be52938c27f6aa4a82_cropped.jpg,true,"(0, 0, 1024, 636)","(0, 636, 1024, 768)",3d_edge,0.980955,Electrode,0.004735,waveguide,0.004329,
C:\Users\kom-e14-1\OneDrive\MLTraining\project\microvision-ai\data\unlabeled_test_images\MEMS_devices_and_electrodes\L8_5f2ac3d8f216a2b65abe60cd89ddb7a0.jpg,C:\Users\kom-e14-1\Documents\Codex\2026-06-05\i-have-sem-images-i-chategorized\outputs\unlabeled_cropped_for_review\L8_5f2ac3d8f216a2b65abe60cd89ddb7a0_cropped.jpg,true,"(0, 0, 1024, 499)","(0, 499, 1024, 768)",3d_edge,0.991084,microfluidic,0.005309,waveguide,0.001918,
C:\Users\kom-e14-1\OneDrive\MLTraining\project\microvision-ai\data\unlabeled_test_images\MEMS_devices_and_electrodes\L8_5f4985976628fef11ac2957db74133f5.jpg,C:\Users\kom-e14-1\Documents\Codex\2026-06-05\i-have-sem-images-i-chategorized\outputs\unlabeled_cropped_for_review\L8_5f4985976628fef11ac2957db74133f5_cropped.jpg,true,"(0, 0, 1024, 636)","(0, 636, 1024, 768)",3d_edge,0.972674,Electrode,0.012670,cantilever,0.006078,
C:\Users\kom-e14-1\OneDrive\MLTraining\project\microvision-ai\data\unlabeled_test_images\MEMS_devices_and_electrodes\L8_5f5045244dc39ffb289f94e9af91f198.jpg,C:\Users\kom-e14-1\Documents\Codex\2026-06-05\i-have-sem-images-i-chategorized\outputs\unlabeled_cropped_for_review\L8_5f5045244dc39ffb289f94e9af91f198_cropped.jpg,true,"(0, 0, 1024, 607)","(0, 607, 1024, 768)",Electrode,0.492507,close_up_line,0.282640,3d_edge,0.170105,
C:\Users\kom-e14-1\OneDrive\MLTraining\project\microvision-ai\data\unlabeled_test_images\MEMS_devices_and_electrodes\L8_5f66c572792e0fbf3a5b0f3d877a514e.jpg,C:\Users\kom-e14-1\Documents\Codex\2026-06-05\i-have-sem-images-i-chategorized\outputs\unlabeled_cropped_for_review\L8_5f66c572792e0fbf3a5b0f3d877a514e_cropped.jpg,true,"(0, 0, 1024, 659)","(0, 659, 1024, 768)",Electrode,0.303932,close_up_line,0.210146,cantilever,0.139189,
C:\Users\kom-e14-1\OneDrive\MLTraining\project\microvision-ai\data\unlabeled_test_images\MEMS_devices_and_electrodes\L8_5fca208c5dfb4c374806cb6ac617604d.jpg,C:\Users\kom-e14-1\Documents\Codex\2026-06-05\i-have-sem-images-i-chategorized\outputs\unlabeled_cropped_for_review\L8_5fca208c5dfb4c374806cb6ac617604d_cropped.jpg,true,"(0, 0, 1023, 607)","(0, 607, 1023, 767)",Electrode,0.937912,close_up_line,0.029475,3d_edge,0.014036,
C:\Users\kom-e14-1\OneDrive\MLTraining\project\microvision-ai\data\unlabeled_test_images\MEMS_devices_and_electrodes\L8_5fd2cbfb9f38d83ad6bd68f8caef56d2.jpg,C:\Users\kom-e14-1\Documents\Codex\2026-06-05\i-have-sem-images-i-chategorized\outputs\unlabeled_cropped_for_review\L8_5fd2cbfb9f38d83ad6bd68f8caef56d2_cropped.jpg,true,"(0, 0, 1024, 636)","(0, 636, 1024, 768)",3d_edge,0.891189,Electrode,0.028581,waveguide,0.027958,
C:\Users\kom-e14-1\OneDrive\MLTraining\project\microvision-ai\data\unlabeled_test_images\MEMS_devices_and_electrodes\L8_5ff33e0c2c53a9e947879913caad0e3d.jpg,C:\Users\kom-e14-1\Documents\Codex\2026-06-05\i-have-sem-images-i-chategorized\outputs\unlabeled_cropped_for_review\L8_5ff33e0c2c53a9e947879913caad0e3d_cropped.jpg,true,"(0, 0, 1024, 635)","(0, 635, 1024, 768)",cantilever,0.558219,3d_edge,0.327048,waveguide,0.065022,
C:\Users\kom-e14-1\OneDrive\MLTraining\project\microvision-ai\data\unlabeled_test_images\MEMS_devices_and_electrodes\L8_604370a24b6d144615e9e447bca806e7.jpg,C:\Users\kom-e14-1\Documents\Codex\2026-06-05\i-have-sem-images-i-chategorized\outputs\unlabeled_cropped_for_review\L8_604370a24b6d144615e9e447bca806e7_cropped.jpg,true,"(0, 0, 1024, 635)","(0, 635, 1024, 768)",3d_edge,0.929376,waveguide,0.028618,microfluidic,0.014127,
C:\Users\kom-e14-1\OneDrive\MLTraining\project\microvision-ai\data\unlabeled_test_images\MEMS_devices_and_electrodes\L8_605d5dfc122ff29dd4f4c613c420ed1d.jpg,C:\Users\kom-e14-1\Documents\Codex\2026-06-05\i-have-sem-images-i-chategorized\outputs\unlabeled_cropped_for_review\L8_605d5dfc122ff29dd4f4c613c420ed1d_cropped.jpg,true,"(0, 0, 1024, 607)","(0, 607, 1024, 768)",close_up_line,0.984894,Electrode,0.011720,Bond-Pad-Array,0.001639,
C:\Users\kom-e14-1\OneDrive\MLTraining\project\microvision-ai\data\unlabeled_test_images\MEMS_devices_and_electrodes\L8_606a2fa7d9030f9fbde2f76933ab1af4.jpg,C:\Users\kom-e14-1\Documents\Codex\2026-06-05\i-have-sem-images-i-chategorized\outputs\unlabeled_cropped_for_review\L8_606a2fa7d9030f9fbde2f76933ab1af4_cropped.jpg,true,"(0, 0, 1024, 607)","(0, 607, 1024, 768)",close_up_line,0.611776,Electrode,0.369584,3d_edge,0.004774,
C:\Users\kom-e14-1\OneDrive\MLTraining\project\microvision-ai\data\unlabeled_test_images\MEMS_devices_and_electrodes\L8_60d3f7e689f93b708385e651302550f6.jpg,C:\Users\kom-e14-1\Documents\Codex\2026-06-05\i-have-sem-images-i-chategorized\outputs\unlabeled_cropped_for_review\L8_60d3f7e689f93b708385e651302550f6_cropped.jpg,true,"(0, 0, 1024, 635)","(0, 635, 1024, 768)",3d_edge,0.738209,waveguide,0.220711,cantilever,0.021973,
C:\Users\kom-e14-1\OneDrive\MLTraining\project\microvision-ai\data\unlabeled_test_images\MEMS_devices_and_electrodes\L8_60d5ef38b595a89ac5bbb602c2759905.jpg,C:\Users\kom-e14-1\Documents\Codex\2026-06-05\i-have-sem-images-i-chategorized\outputs\unlabeled_cropped_for_review\L8_60d5ef38b595a89ac5bbb602c2759905_cropped.jpg,true,"(0, 0, 1024, 635)","(0, 635, 1024, 768)",cantilever,0.972530,Electrode,0.020675,3d_edge,0.004322,
C:\Users\kom-e14-1\OneDrive\MLTraining\project\microvision-ai\data\unlabeled_test_images\MEMS_devices_and_electrodes\L8_60db9ff73244bfd0aa8ecec891dd114d.jpg,C:\Users\kom-e14-1\Documents\Codex\2026-06-05\i-have-sem-images-i-chategorized\outputs\unlabeled_cropped_for_review\L8_60db9ff73244bfd0aa8ecec891dd114d_cropped.jpg,true,"(0, 0, 1024, 659)","(0, 659, 1024, 768)",3d_edge,0.586029,close_up_line,0.337257,Electrode,0.041699,
C:\Users\kom-e14-1\OneDrive\MLTraining\project\microvision-ai\data\unlabeled_test_images\MEMS_devices_and_electrodes\L8_60fa49bee97c87c212df843cef98b539.jpg,C:\Users\kom-e14-1\Documents\Codex\2026-06-05\i-have-sem-images-i-chategorized\outputs\unlabeled_cropped_for_review\L8_60fa49bee97c87c212df843cef98b539_cropped.jpg,true,"(0, 0, 1024, 607)","(0, 607, 1024, 768)",close_up_line,0.334128,cantilever,0.217580,3d_edge,0.141573,
C:\Users\kom-e14-1\OneDrive\MLTraining\project\microvision-ai\data\unlabeled_test_images\MEMS_devices_and_electrodes\L8_61434acd9d8b2e36bf3bea949a385482.jpg,C:\Users\kom-e14-1\Documents\Codex\2026-06-05\i-have-sem-images-i-chategorized\outputs\unlabeled_cropped_for_review\L8_61434acd9d8b2e36bf3bea949a385482_cropped.jpg,true,"(0, 0, 1024, 607)","(0, 607, 1024, 768)",Electrode,0.643787,close_up_line,0.247336,3d_edge,0.071806,
C:\Users\kom-e14-1\OneDrive\MLTraining\project\microvision-ai\data\unlabeled_test_images\MEMS_devices_and_electrodes\L8_6145b26d5b98f5c37fbb99b1b4b947fb.jpg,C:\Users\kom-e14-1\Documents\Codex\2026-06-05\i-have-sem-images-i-chategorized\outputs\unlabeled_cropped_for_review\L8_6145b26d5b98f5c37fbb99b1b4b947fb_cropped.jpg,true,"(0, 0, 1024, 607)","(0, 607, 1024, 768)",3d_edge,0.867343,microfluidic,0.039681,waveguide,0.036143,
C:\Users\kom-e14-1\OneDrive\MLTraining\project\microvision-ai\data\unlabeled_test_images\MEMS_devices_and_electrodes\L8_61671a7aa056f5fa0723d769fe62f09f.jpg,C:\Users\kom-e14-1\Documents\Codex\2026-06-05\i-have-sem-images-i-chategorized\outputs\unlabeled_cropped_for_review\L8_61671a7aa056f5fa0723d769fe62f09f_cropped.jpg,true,"(0, 0, 1024, 607)","(0, 607, 1024, 768)",waveguide,0.259187,cantilever,0.178982,Electrode,0.167004,
C:\Users\kom-e14-1\OneDrive\MLTraining\project\microvision-ai\data\unlabeled_test_images\MEMS_devices_and_electrodes\L8_618843632ccd1543c6a84230c3e6eeb2.jpg,C:\Users\kom-e14-1\Documents\Codex\2026-06-05\i-have-sem-images-i-chategorized\outputs\unlabeled_cropped_for_review\L8_618843632ccd1543c6a84230c3e6eeb2_cropped.jpg,true,"(0, 0, 1024, 607)","(0, 607, 1024, 768)",close_up_line,0.994287,Electrode,0.004018,Bond-Pad-Array,0.000595,
C:\Users\kom-e14-1\OneDrive\MLTraining\project\microvision-ai\data\unlabeled_test_images\MEMS_devices_and_electrodes\L8_61966cf791ca30601cc1d4d10730ce51.jpg,C:\Users\kom-e14-1\Documents\Codex\2026-06-05\i-have-sem-images-i-chategorized\outputs\unlabeled_cropped_for_review\L8_61966cf791ca30601cc1d4d10730ce51_cropped.jpg,true,"(0, 0, 1024, 635)","(0, 635, 1024, 768)",3d_edge,0.951627,microfluidic,0.029034,close_up_line,0.009009,
C:\Users\kom-e14-1\OneDrive\MLTraining\project\microvision-ai\data\unlabeled_test_images\MEMS_devices_and_electrodes\L8_61da946c41276f94a311bbb7460b24f4.jpg,C:\Users\kom-e14-1\Documents\Codex\2026-06-05\i-have-sem-images-i-chategorized\outputs\unlabeled_cropped_for_review\L8_61da946c41276f94a311bbb7460b24f4_cropped.jpg,true,"(0, 0, 1024, 637)","(0, 637, 1024, 768)",waveguide,0.440084,microfluidic,0.294145,cantilever,0.129639,
C:\Users\kom-e14-1\OneDrive\MLTraining\project\microvision-ai\data\unlabeled_test_images\MEMS_devices_and_electrodes\L8_61dea7f255bd3326a1f4ad4722a1ff74.jpg,C:\Users\kom-e14-1\Documents\Codex\2026-06-05\i-have-sem-images-i-chategorized\outputs\unlabeled_cropped_for_review\L8_61dea7f255bd3326a1f4ad4722a1ff74_cropped.jpg,true,"(0, 0, 1024, 635)","(0, 635, 1024, 768)",3d_edge,0.810047,waveguide,0.180208,cantilever,0.003460,
C:\Users\kom-e14-1\OneDrive\MLTraining\project\microvision-ai\data\unlabeled_test_images\MEMS_devices_and_electrodes\L8_61fc55c2237a6574d7bba3a890d91927.jpg,C:\Users\kom-e14-1\Documents\Codex\2026-06-05\i-have-sem-images-i-chategorized\outputs\unlabeled_cropped_for_review\L8_61fc55c2237a6574d7bba3a890d91927_cropped.jpg,true,"(0, 0, 1024, 636)","(0, 636, 1024, 768)",3d_edge,0.986703,waveguide,0.004434,microfluidic,0.002651,
C:\Users\kom-e14-1\OneDrive\MLTraining\project\microvision-ai\data\unlabeled_test_images\MEMS_devices_and_electrodes\L8_620732bd2d5cc67d4ba5ea74bf5cb65f.jpg,C:\Users\kom-e14-1\Documents\Codex\2026-06-05\i-have-sem-images-i-chategorized\outputs\unlabeled_cropped_for_review\L8_620732bd2d5cc67d4ba5ea74bf5cb65f_cropped.jpg,true,"(0, 0, 1024, 635)","(0, 635, 1024, 768)",3d_edge,0.890905,close_up_line,0.066601,Electrode,0.026419,
C:\Users\kom-e14-1\OneDrive\MLTraining\project\microvision-ai\data\unlabeled_test_images\MEMS_devices_and_electrodes\L8_6220c6bb7a5640832b16d0dbbc659ac7.jpg,C:\Users\kom-e14-1\Documents\Codex\2026-06-05\i-have-sem-images-i-chategorized\outputs\unlabeled_cropped_for_review\L8_6220c6bb7a5640832b16d0dbbc659ac7_cropped.jpg,true,"(0, 0, 1024, 607)","(0, 607, 1024, 768)",Bond-Pad-Array,0.999610,waveguide,0.000092,label,0.000084,
C:\Users\kom-e14-1\OneDrive\MLTraining\project\microvision-ai\data\unlabeled_test_images\MEMS_devices_and_electrodes\L8_622318c7d36fcf64b83b66e1ad6221e3.jpg,C:\Users\kom-e14-1\Documents\Codex\2026-06-05\i-have-sem-images-i-chategorized\outputs\unlabeled_cropped_for_review\L8_622318c7d36fcf64b83b66e1ad6221e3_cropped.jpg,true,"(0, 0, 1024, 512)","(0, 512, 1024, 768)",cantilever,0.397351,waveguide,0.320139,3d_edge,0.219004,
C:\Users\kom-e14-1\OneDrive\MLTraining\project\microvision-ai\data\unlabeled_test_images\MEMS_devices_and_electrodes\L8_622ccd6bdf97624b36dab8d53ba452df.jpg,C:\Users\kom-e14-1\Documents\Codex\2026-06-05\i-have-sem-images-i-chategorized\outputs\unlabeled_cropped_for_review\L8_622ccd6bdf97624b36dab8d53ba452df_cropped.jpg,true,"(0, 0, 1024, 499)","(0, 499, 1024, 768)",microfluidic,0.998514,3d_edge,0.001382,Electrode,0.000040,
C:\Users\kom-e14-1\OneDrive\MLTraining\project\microvision-ai\data\unlabeled_test_images\MEMS_devices_and_electrodes\L8_62327de45c079b69f148c4770ff74266.jpg,C:\Users\kom-e14-1\Documents\Codex\2026-06-05\i-have-sem-images-i-chategorized\outputs\unlabeled_cropped_for_review\L8_62327de45c079b69f148c4770ff74266_cropped.jpg,true,"(0, 0, 1024, 607)","(0, 607, 1024, 768)",close_up_line,0.685059,Electrode,0.220992,3d_edge,0.049983,
C:\Users\kom-e14-1\OneDrive\MLTraining\project\microvision-ai\data\unlabeled_test_images\MEMS_devices_and_electrodes\L8_62347a4ef9311dc242874866c9e5e4d4.jpg,C:\Users\kom-e14-1\Documents\Codex\2026-06-05\i-have-sem-images-i-chategorized\outputs\unlabeled_cropped_for_review\L8_62347a4ef9311dc242874866c9e5e4d4_cropped.jpg,true,"(0, 0, 1024, 607)","(0, 607, 1024, 768)",waveguide,0.917746,3d_edge,0.034945,close_up_line,0.031871,
C:\Users\kom-e14-1\OneDrive\MLTraining\project\microvision-ai\data\unlabeled_test_images\MEMS_devices_and_electrodes\L8_6234900ddcaaab137db42ce23a64329e.jpg,C:\Users\kom-e14-1\Documents\Codex\2026-06-05\i-have-sem-images-i-chategorized\outputs\unlabeled_cropped_for_review\L8_6234900ddcaaab137db42ce23a64329e_cropped.jpg,true,"(0, 0, 1024, 659)","(0, 659, 1024, 768)",Electrode,0.954818,3d_edge,0.016047,close_up_line,0.016024,
C:\Users\kom-e14-1\OneDrive\MLTraining\project\microvision-ai\data\unlabeled_test_images\MEMS_devices_and_electrodes\L8_624233b45dc81f7e73684b10dc127944.jpg,C:\Users\kom-e14-1\Documents\Codex\2026-06-05\i-have-sem-images-i-chategorized\outputs\unlabeled_cropped_for_review\L8_624233b45dc81f7e73684b10dc127944_cropped.jpg,true,"(0, 0, 1024, 659)","(0, 659, 1024, 768)",Electrode,0.999247,close_up_line,0.000437,cantilever,0.000125,
C:\Users\kom-e14-1\OneDrive\MLTraining\project\microvision-ai\data\unlabeled_test_images\MEMS_devices_and_electrodes\L8_6264293595381889f11c4a267a810de8.jpg,C:\Users\kom-e14-1\Documents\Codex\2026-06-05\i-have-sem-images-i-chategorized\outputs\unlabeled_cropped_for_review\L8_6264293595381889f11c4a267a810de8_cropped.jpg,true,"(0, 0, 1024, 637)","(0, 637, 1024, 768)",3d_edge,0.519382,waveguide,0.339339,close_up_line,0.104737,
C:\Users\kom-e14-1\OneDrive\MLTraining\project\microvision-ai\data\unlabeled_test_images\MEMS_devices_and_electrodes\L8_62659e51664d1546b7b208df56a30344.jpg,C:\Users\kom-e14-1\Documents\Codex\2026-06-05\i-have-sem-images-i-chategorized\outputs\unlabeled_cropped_for_review\L8_62659e51664d1546b7b208df56a30344_cropped.jpg,true,"(0, 0, 1024, 607)","(0, 607, 1024, 768)",close_up_line,0.941095,Electrode,0.048506,Bond-Pad-Array,0.004635,
C:\Users\kom-e14-1\OneDrive\MLTraining\project\microvision-ai\data\unlabeled_test_images\MEMS_devices_and_electrodes\L8_627765b7c1487145ef5ce08b268ac13a.jpg,C:\Users\kom-e14-1\Documents\Codex\2026-06-05\i-have-sem-images-i-chategorized\outputs\unlabeled_cropped_for_review\L8_627765b7c1487145ef5ce08b268ac13a_cropped.jpg,true,"(0, 0, 1024, 607)","(0, 607, 1024, 768)",close_up_line,0.956119,Electrode,0.020299,3d_edge,0.014218,
C:\Users\kom-e14-1\OneDrive\MLTraining\project\microvision-ai\data\unlabeled_test_images\MEMS_devices_and_electrodes\L8_627cc0b8285f04acb1b7f1a6a12808cb.jpg,C:\Users\kom-e14-1\Documents\Codex\2026-06-05\i-have-sem-images-i-chategorized\outputs\unlabeled_cropped_for_review\L8_627cc0b8285f04acb1b7f1a6a12808cb_cropped.jpg,true,"(0, 0, 1024, 635)","(0, 635, 1024, 768)",Bond-Pad-Array,0.635549,close_up_line,0.078880,3d_edge,0.067200,
C:\Users\kom-e14-1\OneDrive\MLTraining\project\microvision-ai\data\unlabeled_test_images\MEMS_devices_and_electrodes\L8_629fc572aa46bdab466c6dc72dcfc1ee.jpg,C:\Users\kom-e14-1\Documents\Codex\2026-06-05\i-have-sem-images-i-chategorized\outputs\unlabeled_cropped_for_review\L8_629fc572aa46bdab466c6dc72dcfc1ee_cropped.jpg,true,"(0, 0, 1024, 663)","(0, 663, 1024, 768)",3d_edge,0.987082,close_up_line,0.004224,microfluidic,0.003506,
C:\Users\kom-e14-1\OneDrive\MLTraining\project\microvision-ai\data\unlabeled_test_images\MEMS_devices_and_electrodes\L8_62c4513214141558da5eafa3c490a532.jpg,C:\Users\kom-e14-1\Documents\Codex\2026-06-05\i-have-sem-images-i-chategorized\outputs\unlabeled_cropped_for_review\L8_62c4513214141558da5eafa3c490a532_cropped.jpg,false,"(0, 0, 1024, 768)",,3d_edge,0.582268,close_up_line,0.193915,Electrode,0.072584,
C:\Users\kom-e14-1\OneDrive\MLTraining\project\microvision-ai\data\unlabeled_test_images\MEMS_devices_and_electrodes\L8_62c6a9794fc221ff8f015b3606264ef4.jpg,C:\Users\kom-e14-1\Documents\Codex\2026-06-05\i-have-sem-images-i-chategorized\outputs\unlabeled_cropped_for_review\L8_62c6a9794fc221ff8f015b3606264ef4_cropped.jpg,true,"(0, 0, 1024, 607)","(0, 607, 1024, 768)",label,0.907684,close_up_line,0.045365,Bond-Pad-Array,0.018968,
C:\Users\kom-e14-1\OneDrive\MLTraining\project\microvision-ai\data\unlabeled_test_images\MEMS_devices_and_electrodes\L8_62de5117adf726390106a6865e2637ca.jpg,C:\Users\kom-e14-1\Documents\Codex\2026-06-05\i-have-sem-images-i-chategorized\outputs\unlabeled_cropped_for_review\L8_62de5117adf726390106a6865e2637ca_cropped.jpg,true,"(0, 0, 1024, 606)","(0, 606, 1024, 768)",waveguide,0.994887,3d_edge,0.002457,close_up_line,0.001365,
C:\Users\kom-e14-1\OneDrive\MLTraining\project\microvision-ai\data\unlabeled_test_images\MEMS_devices_and_electrodes\L8_62e8c644f9db462b89e1e3848bda7763.jpg,C:\Users\kom-e14-1\Documents\Codex\2026-06-05\i-have-sem-images-i-chategorized\outputs\unlabeled_cropped_for_review\L8_62e8c644f9db462b89e1e3848bda7763_cropped.jpg,true,"(0, 0, 1024, 499)","(0, 499, 1024, 768)",3d_edge,0.994327,microfluidic,0.002416,waveguide,0.001805,
C:\Users\kom-e14-1\OneDrive\MLTraining\project\microvision-ai\data\unlabeled_test_images\MEMS_devices_and_electrodes\L8_62ed11fc0641adea40b9395f6db85d5f.jpg,C:\Users\kom-e14-1\Documents\Codex\2026-06-05\i-have-sem-images-i-chategorized\outputs\unlabeled_cropped_for_review\L8_62ed11fc0641adea40b9395f6db85d5f_cropped.jpg,true,"(0, 0, 1024, 607)","(0, 607, 1024, 768)",Electrode,0.533407,close_up_line,0.447351,3d_edge,0.007286,
C:\Users\kom-e14-1\OneDrive\MLTraining\project\microvision-ai\data\unlabeled_test_images\MEMS_devices_and_electrodes\L8_62f0c4e87e971392db7845c1ec9823d9.jpg,C:\Users\kom-e14-1\Documents\Codex\2026-06-05\i-have-sem-images-i-chategorized\outputs\unlabeled_cropped_for_review\L8_62f0c4e87e971392db7845c1ec9823d9_cropped.jpg,true,"(0, 0, 1024, 607)","(0, 607, 1024, 768)",3d_edge,0.530054,cantilever,0.197573,close_up_line,0.126537,
C:\Users\kom-e14-1\OneDrive\MLTraining\project\microvision-ai\data\unlabeled_test_images\MEMS_devices_and_electrodes\L8_62f6709291c8b97825e6822edcd06343.jpg,C:\Users\kom-e14-1\Documents\Codex\2026-06-05\i-have-sem-images-i-chategorized\outputs\unlabeled_cropped_for_review\L8_62f6709291c8b97825e6822edcd06343_cropped.jpg,true,"(0, 0, 1024, 631)","(0, 631, 1024, 768)",Electrode,0.591473,close_up_line,0.262769,cantilever,0.051329,
C:\Users\kom-e14-1\OneDrive\MLTraining\project\microvision-ai\data\unlabeled_test_images\MEMS_devices_and_electrodes\L8_6315341c4005b870dde2d7dcb5e52204.jpg,C:\Users\kom-e14-1\Documents\Codex\2026-06-05\i-have-sem-images-i-chategorized\outputs\unlabeled_cropped_for_review\L8_6315341c4005b870dde2d7dcb5e52204_cropped.jpg,true,"(0, 0, 1024, 635)","(0, 635, 1024, 768)",waveguide,0.389676,cantilever,0.352849,3d_edge,0.160544,
C:\Users\kom-e14-1\OneDrive\MLTraining\project\microvision-ai\data\unlabeled_test_images\MEMS_devices_and_electrodes\L8_635b12f7fd532e6a5ed5d7e24737885e.jpg,C:\Users\kom-e14-1\Documents\Codex\2026-06-05\i-have-sem-images-i-chategorized\outputs\unlabeled_cropped_for_review\L8_635b12f7fd532e6a5ed5d7e24737885e_cropped.jpg,true,"(0, 0, 1024, 635)","(0, 635, 1024, 768)",3d_edge,0.816417,waveguide,0.064362,cantilever,0.030269,
C:\Users\kom-e14-1\OneDrive\MLTraining\project\microvision-ai\data\unlabeled_test_images\MEMS_devices_and_electrodes\L8_635f2658a9e7fd82f19e97c538b66fa9.jpg,C:\Users\kom-e14-1\Documents\Codex\2026-06-05\i-have-sem-images-i-chategorized\outputs\unlabeled_cropped_for_review\L8_635f2658a9e7fd82f19e97c538b66fa9_cropped.jpg,true,"(0, 0, 1024, 659)","(0, 659, 1024, 768)",Electrode,0.673667,cantilever,0.233532,3d_edge,0.044627,
C:\Users\kom-e14-1\OneDrive\MLTraining\project\microvision-ai\data\unlabeled_test_images\MEMS_devices_and_electrodes\L8_63709ba84e441790e24519b01ccaa5f3.jpg,C:\Users\kom-e14-1\Documents\Codex\2026-06-05\i-have-sem-images-i-chategorized\outputs\unlabeled_cropped_for_review\L8_63709ba84e441790e24519b01ccaa5f3_cropped.jpg,true,"(0, 0, 1024, 635)","(0, 635, 1024, 768)",3d_edge,0.998968,close_up_line,0.000373,microfluidic,0.000321,
C:\Users\kom-e14-1\OneDrive\MLTraining\project\microvision-ai\data\unlabeled_test_images\MEMS_devices_and_electrodes\L8_63a7e8c973dd29432c1ff20aabb1c6ed.jpg,C:\Users\kom-e14-1\Documents\Codex\2026-06-05\i-have-sem-images-i-chategorized\outputs\unlabeled_cropped_for_review\L8_63a7e8c973dd29432c1ff20aabb1c6ed_cropped.jpg,true,"(0, 0, 1024, 499)","(0, 499, 1024, 768)",3d_edge,0.997536,microfluidic,0.001415,Bond-Pad-Array,0.000550,
C:\Users\kom-e14-1\OneDrive\MLTraining\project\microvision-ai\data\unlabeled_test_images\MEMS_devices_and_electrodes\L8_63d172e66e36a6a23d2a2f837eb95e57.jpg,C:\Users\kom-e14-1\Documents\Codex\2026-06-05\i-have-sem-images-i-chategorized\outputs\unlabeled_cropped_for_review\L8_63d172e66e36a6a23d2a2f837eb95e57_cropped.jpg,true,"(0, 0, 1024, 635)","(0, 635, 1024, 768)",3d_edge,0.448146,microfluidic,0.167985,waveguide,0.162939,
C:\Users\kom-e14-1\OneDrive\MLTraining\project\microvision-ai\data\unlabeled_test_images\MEMS_devices_and_electrodes\L8_63f9fbbab600d642444c9e2e276e66c9.jpg,C:\Users\kom-e14-1\Documents\Codex\2026-06-05\i-have-sem-images-i-chategorized\outputs\unlabeled_cropped_for_review\L8_63f9fbbab600d642444c9e2e276e66c9_cropped.jpg,true,"(0, 0, 1024, 607)","(0, 607, 1024, 768)",Electrode,0.604319,close_up_line,0.314854,3d_edge,0.038426,
C:\Users\kom-e14-1\OneDrive\MLTraining\project\microvision-ai\data\unlabeled_test_images\MEMS_devices_and_electrodes\L8_63ffe03a9d5c94bc5747642f04b7648b.jpg,C:\Users\kom-e14-1\Documents\Codex\2026-06-05\i-have-sem-images-i-chategorized\outputs\unlabeled_cropped_for_review\L8_63ffe03a9d5c94bc5747642f04b7648b_cropped.jpg,true,"(0, 0, 1024, 659)","(0, 659, 1024, 768)",Electrode,0.611541,3d_edge,0.187526,close_up_line,0.180568,
C:\Users\kom-e14-1\OneDrive\MLTraining\project\microvision-ai\data\unlabeled_test_images\MEMS_devices_and_electrodes\L8_640f24249d1140254433919807aadaf3.jpg,C:\Users\kom-e14-1\Documents\Codex\2026-06-05\i-have-sem-images-i-chategorized\outputs\unlabeled_cropped_for_review\L8_640f24249d1140254433919807aadaf3_cropped.jpg,true,"(0, 0, 1024, 636)","(0, 636, 1024, 768)",3d_edge,0.981237,waveguide,0.005767,microfluidic,0.004052,
C:\Users\kom-e14-1\OneDrive\MLTraining\project\microvision-ai\data\unlabeled_test_images\MEMS_devices_and_electrodes\L8_642bb21f3efbe8243304bebd1bd8778d.jpg,C:\Users\kom-e14-1\Documents\Codex\2026-06-05\i-have-sem-images-i-chategorized\outputs\unlabeled_cropped_for_review\L8_642bb21f3efbe8243304bebd1bd8778d_cropped.jpg,true,"(0, 0, 1024, 636)","(0, 636, 1024, 768)",3d_edge,0.961298,microfluidic,0.013517,Electrode,0.006996,
C:\Users\kom-e14-1\OneDrive\MLTraining\project\microvision-ai\data\unlabeled_test_images\MEMS_devices_and_electrodes\L8_64461d1a2eac14b61134ed41b27ff6ec.jpg,C:\Users\kom-e14-1\Documents\Codex\2026-06-05\i-have-sem-images-i-chategorized\outputs\unlabeled_cropped_for_review\L8_64461d1a2eac14b61134ed41b27ff6ec_cropped.jpg,true,"(0, 0, 1024, 607)","(0, 607, 1024, 768)",close_up_line,0.920757,Electrode,0.072793,Bond-Pad-Array,0.003106,
C:\Users\kom-e14-1\OneDrive\MLTraining\project\microvision-ai\data\unlabeled_test_images\MEMS_devices_and_electrodes\L8_645570d5511ece939931f9b2a2eba26d.jpg,C:\Users\kom-e14-1\Documents\Codex\2026-06-05\i-have-sem-images-i-chategorized\outputs\unlabeled_cropped_for_review\L8_645570d5511ece939931f9b2a2eba26d_cropped.jpg,true,"(0, 0, 1024, 659)","(0, 659, 1024, 768)",Electrode,0.998405,close_up_line,0.001025,3d_edge,0.000245,
C:\Users\kom-e14-1\OneDrive\MLTraining\project\microvision-ai\data\unlabeled_test_images\MEMS_devices_and_electrodes\L8_646df6f2568f5dd39e194a12b1ab3a89.jpg,C:\Users\kom-e14-1\Documents\Codex\2026-06-05\i-have-sem-images-i-chategorized\outputs\unlabeled_cropped_for_review\L8_646df6f2568f5dd39e194a12b1ab3a89_cropped.jpg,true,"(0, 0, 1024, 675)","(0, 675, 1024, 768)",waveguide,0.348722,3d_edge,0.295028,close_up_line,0.098890,
C:\Users\kom-e14-1\OneDrive\MLTraining\project\microvision-ai\data\unlabeled_test_images\MEMS_devices_and_electrodes\L8_64863f81b847e823784ff2d9356d4051.jpg,C:\Users\kom-e14-1\Documents\Codex\2026-06-05\i-have-sem-images-i-chategorized\outputs\unlabeled_cropped_for_review\L8_64863f81b847e823784ff2d9356d4051_cropped.jpg,true,"(0, 0, 1024, 631)","(0, 631, 1024, 768)",microfluidic,0.892325,3d_edge,0.093947,waveguide,0.003743,
C:\Users\kom-e14-1\OneDrive\MLTraining\project\microvision-ai\data\unlabeled_test_images\MEMS_devices_and_electrodes\L8_648a5631efeaa1d025f915faa961fe6f.jpg,C:\Users\kom-e14-1\Documents\Codex\2026-06-05\i-have-sem-images-i-chategorized\outputs\unlabeled_cropped_for_review\L8_648a5631efeaa1d025f915faa961fe6f_cropped.jpg,true,"(0, 0, 1024, 636)","(0, 636, 1024, 768)",waveguide,0.253437,3d_edge,0.232317,Bond-Pad-Array,0.183131,
C:\Users\kom-e14-1\OneDrive\MLTraining\project\microvision-ai\data\unlabeled_test_images\MEMS_devices_and_electrodes\L8_64916abd3987fbb9cb2b29fa86a9d81f.jpg,C:\Users\kom-e14-1\Documents\Codex\2026-06-05\i-have-sem-images-i-chategorized\outputs\unlabeled_cropped_for_review\L8_64916abd3987fbb9cb2b29fa86a9d81f_cropped.jpg,true,"(0, 0, 1024, 607)","(0, 607, 1024, 768)",close_up_line,0.926255,Electrode,0.064433,Bond-Pad-Array,0.003697,
C:\Users\kom-e14-1\OneDrive\MLTraining\project\microvision-ai\data\unlabeled_test_images\MEMS_devices_and_electrodes\L8_649ad6149dd4291f845184f51caf97ce.jpg,C:\Users\kom-e14-1\Documents\Codex\2026-06-05\i-have-sem-images-i-chategorized\outputs\unlabeled_cropped_for_review\L8_649ad6149dd4291f845184f51caf97ce_cropped.jpg,true,"(0, 0, 1024, 635)","(0, 635, 1024, 768)",3d_edge,0.801407,close_up_line,0.068254,waveguide,0.031277,
C:\Users\kom-e14-1\OneDrive\MLTraining\project\microvision-ai\data\unlabeled_test_images\MEMS_devices_and_electrodes\L8_64cd52927befa1f245d265b3e6aa8c89.jpg,C:\Users\kom-e14-1\Documents\Codex\2026-06-05\i-have-sem-images-i-chategorized\outputs\unlabeled_cropped_for_review\L8_64cd52927befa1f245d265b3e6aa8c89_cropped.jpg,true,"(0, 0, 1024, 659)","(0, 659, 1024, 768)",Bond-Pad-Array,0.555923,Electrode,0.260222,close_up_line,0.074529,
C:\Users\kom-e14-1\OneDrive\MLTraining\project\microvision-ai\data\unlabeled_test_images\MEMS_devices_and_electrodes\L8_64ed709a23cf09327d7657fe89a52764.jpg,C:\Users\kom-e14-1\Documents\Codex\2026-06-05\i-have-sem-images-i-chategorized\outputs\unlabeled_cropped_for_review\L8_64ed709a23cf09327d7657fe89a52764_cropped.jpg,true,"(0, 0, 1024, 635)","(0, 635, 1024, 768)",3d_edge,0.823617,waveguide,0.065401,close_up_line,0.058278,
C:\Users\kom-e14-1\OneDrive\MLTraining\project\microvision-ai\data\unlabeled_test_images\MEMS_devices_and_electrodes\L8_65284ceb9180a97d1fc0799be74cdd11.jpg,C:\Users\kom-e14-1\Documents\Codex\2026-06-05\i-have-sem-images-i-chategorized\outputs\unlabeled_cropped_for_review\L8_65284ceb9180a97d1fc0799be74cdd11_cropped.jpg,true,"(0, 0, 1024, 607)","(0, 607, 1024, 768)",close_up_line,0.627584,Electrode,0.344331,3d_edge,0.012024,
C:\Users\kom-e14-1\OneDrive\MLTraining\project\microvision-ai\data\unlabeled_test_images\MEMS_devices_and_electrodes\L8_6544452d85f575b18b30fe5c9cf0c9c9.jpg,C:\Users\kom-e14-1\Documents\Codex\2026-06-05\i-have-sem-images-i-chategorized\outputs\unlabeled_cropped_for_review\L8_6544452d85f575b18b30fe5c9cf0c9c9_cropped.jpg,true,"(0, 0, 1024, 663)","(0, 663, 1024, 768)",Bond-Pad-Array,0.462118,cantilever,0.253020,Electrode,0.199914,
C:\Users\kom-e14-1\OneDrive\MLTraining\project\microvision-ai\data\unlabeled_test_images\MEMS_devices_and_electrodes\L8_6557fb164e57be8ca0aafa79c75ae95d.jpg,C:\Users\kom-e14-1\Documents\Codex\2026-06-05\i-have-sem-images-i-chategorized\outputs\unlabeled_cropped_for_review\L8_6557fb164e57be8ca0aafa79c75ae95d_cropped.jpg,true,"(0, 0, 1024, 499)","(0, 499, 1024, 768)",3d_edge,0.998655,waveguide,0.001032,microfluidic,0.000094,
C:\Users\kom-e14-1\OneDrive\MLTraining\project\microvision-ai\data\unlabeled_test_images\MEMS_devices_and_electrodes\L8_6562840b4e40bcd434a2db13e12dd7b9.jpg,C:\Users\kom-e14-1\Documents\Codex\2026-06-05\i-have-sem-images-i-chategorized\outputs\unlabeled_cropped_for_review\L8_6562840b4e40bcd434a2db13e12dd7b9_cropped.jpg,true,"(0, 0, 1024, 607)","(0, 607, 1024, 768)",3d_edge,0.996242,microfluidic,0.001376,waveguide,0.000864,
C:\Users\kom-e14-1\OneDrive\MLTraining\project\microvision-ai\data\unlabeled_test_images\MEMS_devices_and_electrodes\L8_656940665b9a23e65d590d6c6ee80d89.jpg,C:\Users\kom-e14-1\Documents\Codex\2026-06-05\i-have-sem-images-i-chategorized\outputs\unlabeled_cropped_for_review\L8_656940665b9a23e65d590d6c6ee80d89_cropped.jpg,true,"(0, 0, 1024, 637)","(0, 637, 1024, 768)",3d_edge,0.989813,waveguide,0.003269,close_up_line,0.002654,
C:\Users\kom-e14-1\OneDrive\MLTraining\project\microvision-ai\data\unlabeled_test_images\MEMS_devices_and_electrodes\L8_656d62a1c9376361f41a5adad06e6dda.jpg,C:\Users\kom-e14-1\Documents\Codex\2026-06-05\i-have-sem-images-i-chategorized\outputs\unlabeled_cropped_for_review\L8_656d62a1c9376361f41a5adad06e6dda_cropped.jpg,true,"(0, 0, 1024, 594)","(0, 594, 1024, 768)",Electrode,0.369311,3d_edge,0.306540,close_up_line,0.226936,
C:\Users\kom-e14-1\OneDrive\MLTraining\project\microvision-ai\data\unlabeled_test_images\MEMS_devices_and_electrodes\L8_65a01901034cc6f87fb245a7d1dac368.jpg,C:\Users\kom-e14-1\Documents\Codex\2026-06-05\i-have-sem-images-i-chategorized\outputs\unlabeled_cropped_for_review\L8_65a01901034cc6f87fb245a7d1dac368_cropped.jpg,true,"(0, 0, 1024, 636)","(0, 636, 1024, 768)",3d_edge,0.898137,microfluidic,0.031974,waveguide,0.023332,
C:\Users\kom-e14-1\OneDrive\MLTraining\project\microvision-ai\data\unlabeled_test_images\MEMS_devices_and_electrodes\L8_65b612ee8b62b6071fc0e49da6a137cc.jpg,C:\Users\kom-e14-1\Documents\Codex\2026-06-05\i-have-sem-images-i-chategorized\outputs\unlabeled_cropped_for_review\L8_65b612ee8b62b6071fc0e49da6a137cc_cropped.jpg,true,"(0, 0, 1024, 602)","(0, 602, 1024, 768)",cantilever,0.748694,3d_edge,0.172592,waveguide,0.049812,
C:\Users\kom-e14-1\OneDrive\MLTraining\project\microvision-ai\data\unlabeled_test_images\MEMS_devices_and_electrodes\L8_65dc79b7f08eaff52a5339a9d3580e2a.jpg,C:\Users\kom-e14-1\Documents\Codex\2026-06-05\i-have-sem-images-i-chategorized\outputs\unlabeled_cropped_for_review\L8_65dc79b7f08eaff52a5339a9d3580e2a_cropped.jpg,true,"(0, 0, 1024, 607)","(0, 607, 1024, 768)",close_up_line,0.615024,3d_edge,0.140917,Electrode,0.119486,
C:\Users\kom-e14-1\OneDrive\MLTraining\project\microvision-ai\data\unlabeled_test_images\MEMS_devices_and_electrodes\L8_65dcdcfadc5c4faf3259da633cf7266b.jpg,C:\Users\kom-e14-1\Documents\Codex\2026-06-05\i-have-sem-images-i-chategorized\outputs\unlabeled_cropped_for_review\L8_65dcdcfadc5c4faf3259da633cf7266b_cropped.jpg,true,"(0, 0, 1024, 635)","(0, 635, 1024, 768)",3d_edge,0.852610,microfluidic,0.101829,waveguide,0.028590,
C:\Users\kom-e14-1\OneDrive\MLTraining\project\microvision-ai\data\unlabeled_test_images\MEMS_devices_and_electrodes\L8_65eb05c6e97bec8769cb2f71f3d0ebac.jpg,C:\Users\kom-e14-1\Documents\Codex\2026-06-05\i-have-sem-images-i-chategorized\outputs\unlabeled_cropped_for_review\L8_65eb05c6e97bec8769cb2f71f3d0ebac_cropped.jpg,true,"(0, 0, 1024, 607)","(0, 607, 1024, 768)",3d_edge,0.558948,close_up_line,0.277228,Electrode,0.066644,
C:\Users\kom-e14-1\OneDrive\MLTraining\project\microvision-ai\data\unlabeled_test_images\MEMS_devices_and_electrodes\L8_6614c89c0ce96005f83acde4ebbb2cc7.jpg,C:\Users\kom-e14-1\Documents\Codex\2026-06-05\i-have-sem-images-i-chategorized\outputs\unlabeled_cropped_for_review\L8_6614c89c0ce96005f83acde4ebbb2cc7_cropped.jpg,true,"(0, 0, 1024, 630)","(0, 630, 1024, 768)",3d_edge,0.950641,Electrode,0.024703,close_up_line,0.009818,
C:\Users\kom-e14-1\OneDrive\MLTraining\project\microvision-ai\data\unlabeled_test_images\MEMS_devices_and_electrodes\L8_6621764e4244ee1908eb0b2300d1007f.jpg,C:\Users\kom-e14-1\Documents\Codex\2026-06-05\i-have-sem-images-i-chategorized\outputs\unlabeled_cropped_for_review\L8_6621764e4244ee1908eb0b2300d1007f_cropped.jpg,true,"(0, 0, 1024, 607)","(0, 607, 1024, 768)",close_up_line,0.869085,Electrode,0.125729,Bond-Pad-Array,0.001903,
C:\Users\kom-e14-1\OneDrive\MLTraining\project\microvision-ai\data\unlabeled_test_images\MEMS_devices_and_electrodes\L8_6622df3c4f5c5a0b3bce462e5afa0b6d.jpg,C:\Users\kom-e14-1\Documents\Codex\2026-06-05\i-have-sem-images-i-chategorized\outputs\unlabeled_cropped_for_review\L8_6622df3c4f5c5a0b3bce462e5afa0b6d_cropped.jpg,true,"(0, 0, 1024, 607)","(0, 607, 1024, 768)",Electrode,0.874804,close_up_line,0.110931,3d_edge,0.007377,
C:\Users\kom-e14-1\OneDrive\MLTraining\project\microvision-ai\data\unlabeled_test_images\MEMS_devices_and_electrodes\L8_665094ce72f9360a2aa5e0ded790aeca.jpg,C:\Users\kom-e14-1\Documents\Codex\2026-06-05\i-have-sem-images-i-chategorized\outputs\unlabeled_cropped_for_review\L8_665094ce72f9360a2aa5e0ded790aeca_cropped.jpg,true,"(0, 0, 1024, 607)","(0, 607, 1024, 768)",close_up_line,0.628092,Electrode,0.364529,3d_edge,0.004182,
C:\Users\kom-e14-1\OneDrive\MLTraining\project\microvision-ai\data\unlabeled_test_images\MEMS_devices_and_electrodes\L8_6667449a16ee744f98b073e802d3d377.jpg,C:\Users\kom-e14-1\Documents\Codex\2026-06-05\i-have-sem-images-i-chategorized\outputs\unlabeled_cropped_for_review\L8_6667449a16ee744f98b073e802d3d377_cropped.jpg,true,"(0, 0, 1024, 659)","(0, 659, 1024, 768)",Electrode,0.995370,close_up_line,0.002822,3d_edge,0.000693,
C:\Users\kom-e14-1\OneDrive\MLTraining\project\microvision-ai\data\unlabeled_test_images\MEMS_devices_and_electrodes\L8_66750ee5f88900b1dd7a896414b781ec.jpg,C:\Users\kom-e14-1\Documents\Codex\2026-06-05\i-have-sem-images-i-chategorized\outputs\unlabeled_cropped_for_review\L8_66750ee5f88900b1dd7a896414b781ec_cropped.jpg,true,"(0, 0, 1024, 562)","(0, 562, 1024, 768)",3d_edge,0.999401,waveguide,0.000426,cantilever,0.000075,
C:\Users\kom-e14-1\OneDrive\MLTraining\project\microvision-ai\data\unlabeled_test_images\MEMS_devices_and_electrodes\L8_6678235c35b53f0dea704c46aa9bf1a2.jpg,C:\Users\kom-e14-1\Documents\Codex\2026-06-05\i-have-sem-images-i-chategorized\outputs\unlabeled_cropped_for_review\L8_6678235c35b53f0dea704c46aa9bf1a2_cropped.jpg,true,"(0, 0, 1024, 635)","(0, 635, 1024, 768)",3d_edge,0.989718,Bond-Pad-Array,0.003287,waveguide,0.002860,
C:\Users\kom-e14-1\OneDrive\MLTraining\project\microvision-ai\data\unlabeled_test_images\MEMS_devices_and_electrodes\L8_667a1edc755b73e1d04528bf058f6e2a.jpg,C:\Users\kom-e14-1\Documents\Codex\2026-06-05\i-have-sem-images-i-chategorized\outputs\unlabeled_cropped_for_review\L8_667a1edc755b73e1d04528bf058f6e2a_cropped.jpg,true,"(0, 0, 1024, 635)","(0, 635, 1024, 768)",3d_edge,0.964009,microfluidic,0.017872,waveguide,0.010968,
C:\Users\kom-e14-1\OneDrive\MLTraining\project\microvision-ai\data\unlabeled_test_images\MEMS_devices_and_electrodes\L8_66d3ce1368a421f5ae40d4d2fcef992d.jpg,C:\Users\kom-e14-1\Documents\Codex\2026-06-05\i-have-sem-images-i-chategorized\outputs\unlabeled_cropped_for_review\L8_66d3ce1368a421f5ae40d4d2fcef992d_cropped.jpg,true,"(0, 0, 1024, 607)","(0, 607, 1024, 768)",3d_edge,0.507292,close_up_line,0.267806,Electrode,0.114783,
C:\Users\kom-e14-1\OneDrive\MLTraining\project\microvision-ai\data\unlabeled_test_images\MEMS_devices_and_electrodes\L8_66d452a90505be372f93fa901a467962.jpg,C:\Users\kom-e14-1\Documents\Codex\2026-06-05\i-have-sem-images-i-chategorized\outputs\unlabeled_cropped_for_review\L8_66d452a90505be372f93fa901a467962_cropped.jpg,true,"(0, 0, 1024, 499)","(0, 499, 1024, 768)",3d_edge,0.983719,microfluidic,0.004713,cantilever,0.004228,
C:\Users\kom-e14-1\OneDrive\MLTraining\project\microvision-ai\data\unlabeled_test_images\MEMS_devices_and_electrodes\L8_66f84d43769241633d0cc96e0acd62d5.jpg,C:\Users\kom-e14-1\Documents\Codex\2026-06-05\i-have-sem-images-i-chategorized\outputs\unlabeled_cropped_for_review\L8_66f84d43769241633d0cc96e0acd62d5_cropped.jpg,true,"(0, 0, 1024, 636)","(0, 636, 1024, 768)",3d_edge,0.943793,waveguide,0.015928,close_up_line,0.013729,
C:\Users\kom-e14-1\OneDrive\MLTraining\project\microvision-ai\data\unlabeled_test_images\MEMS_devices_and_electrodes\L8_6714adc92fab696682ae87c2602946a7.jpg,C:\Users\kom-e14-1\Documents\Codex\2026-06-05\i-have-sem-images-i-chategorized\outputs\unlabeled_cropped_for_review\L8_6714adc92fab696682ae87c2602946a7_cropped.jpg,true,"(0, 0, 1024, 607)","(0, 607, 1024, 768)",Bond-Pad-Array,0.997443,close_up_line,0.000450,microfluidic,0.000415,
C:\Users\kom-e14-1\OneDrive\MLTraining\project\microvision-ai\data\unlabeled_test_images\MEMS_devices_and_electrodes\L8_673756b1d0f8c3a70417dfb91f0796a9.jpg,C:\Users\kom-e14-1\Documents\Codex\2026-06-05\i-have-sem-images-i-chategorized\outputs\unlabeled_cropped_for_review\L8_673756b1d0f8c3a70417dfb91f0796a9_cropped.jpg,true,"(0, 0, 1024, 636)","(0, 636, 1024, 768)",3d_edge,0.970100,Bond-Pad-Array,0.008672,waveguide,0.008106,
C:\Users\kom-e14-1\OneDrive\MLTraining\project\microvision-ai\data\unlabeled_test_images\MEMS_devices_and_electrodes\L8_673caf3c011cf116136eba25b530cf14.jpg,C:\Users\kom-e14-1\Documents\Codex\2026-06-05\i-have-sem-images-i-chategorized\outputs\unlabeled_cropped_for_review\L8_673caf3c011cf116136eba25b530cf14_cropped.jpg,true,"(0, 0, 1024, 501)","(0, 501, 1024, 768)",3d_edge,0.450985,cantilever,0.121507,waveguide,0.115026,
C:\Users\kom-e14-1\OneDrive\MLTraining\project\microvision-ai\data\unlabeled_test_images\MEMS_devices_and_electrodes\L8_67444719def22c72c1a44a41ae264642.jpg,C:\Users\kom-e14-1\Documents\Codex\2026-06-05\i-have-sem-images-i-chategorized\outputs\unlabeled_cropped_for_review\L8_67444719def22c72c1a44a41ae264642_cropped.jpg,true,"(0, 0, 1024, 636)","(0, 636, 1024, 768)",cantilever,0.993008,3d_edge,0.002879,Electrode,0.002296,
C:\Users\kom-e14-1\OneDrive\MLTraining\project\microvision-ai\data\unlabeled_test_images\MEMS_devices_and_electrodes\L8_67468ce320f06cfc7cc5f118f3f6c5e8.jpg,C:\Users\kom-e14-1\Documents\Codex\2026-06-05\i-have-sem-images-i-chategorized\outputs\unlabeled_cropped_for_review\L8_67468ce320f06cfc7cc5f118f3f6c5e8_cropped.jpg,true,"(0, 0, 1024, 607)","(0, 607, 1024, 768)",Electrode,0.620173,close_up_line,0.353249,Bond-Pad-Array,0.015326,
C:\Users\kom-e14-1\OneDrive\MLTraining\project\microvision-ai\data\unlabeled_test_images\MEMS_devices_and_electrodes\L8_675554f93e0bc5293ca760dccd3a1921.jpg,C:\Users\kom-e14-1\Documents\Codex\2026-06-05\i-have-sem-images-i-chategorized\outputs\unlabeled_cropped_for_review\L8_675554f93e0bc5293ca760dccd3a1921_cropped.jpg,true,"(0, 0, 1024, 636)","(0, 636, 1024, 768)",3d_edge,0.996434,waveguide,0.001858,Electrode,0.000570,
C:\Users\kom-e14-1\OneDrive\MLTraining\project\microvision-ai\data\unlabeled_test_images\MEMS_devices_and_electrodes\L8_676f1f1e53674977f25ed76185b246a1.jpg,C:\Users\kom-e14-1\Documents\Codex\2026-06-05\i-have-sem-images-i-chategorized\outputs\unlabeled_cropped_for_review\L8_676f1f1e53674977f25ed76185b246a1_cropped.jpg,true,"(0, 0, 1024, 607)","(0, 607, 1024, 768)",Electrode,0.598634,close_up_line,0.371888,3d_edge,0.012009,
C:\Users\kom-e14-1\OneDrive\MLTraining\project\microvision-ai\data\unlabeled_test_images\MEMS_devices_and_electrodes\L8_678be1464cc8dceeffc5cb024abedcf0.jpg,C:\Users\kom-e14-1\Documents\Codex\2026-06-05\i-have-sem-images-i-chategorized\outputs\unlabeled_cropped_for_review\L8_678be1464cc8dceeffc5cb024abedcf0_cropped.jpg,true,"(0, 0, 1024, 607)","(0, 607, 1024, 768)",close_up_line,0.257361,waveguide,0.235196,Electrode,0.166888,
C:\Users\kom-e14-1\OneDrive\MLTraining\project\microvision-ai\data\unlabeled_test_images\MEMS_devices_and_electrodes\L8_67a683d047af107f451982874489381b.jpg,C:\Users\kom-e14-1\Documents\Codex\2026-06-05\i-have-sem-images-i-chategorized\outputs\unlabeled_cropped_for_review\L8_67a683d047af107f451982874489381b_cropped.jpg,true,"(0, 0, 1024, 607)","(0, 607, 1024, 768)",Electrode,0.932866,close_up_line,0.056246,Bond-Pad-Array,0.007041,
C:\Users\kom-e14-1\OneDrive\MLTraining\project\microvision-ai\data\unlabeled_test_images\MEMS_devices_and_electrodes\L8_67b0cfb24173c687fd496dff91c3770c.jpg,C:\Users\kom-e14-1\Documents\Codex\2026-06-05\i-have-sem-images-i-chategorized\outputs\unlabeled_cropped_for_review\L8_67b0cfb24173c687fd496dff91c3770c_cropped.jpg,true,"(0, 0, 1024, 637)","(0, 637, 1024, 768)",3d_edge,0.553266,cantilever,0.236942,waveguide,0.115495,
C:\Users\kom-e14-1\OneDrive\MLTraining\project\microvision-ai\data\unlabeled_test_images\MEMS_devices_and_electrodes\L8_67c3b6d2f9c7082295c48bca633191a2.jpg,C:\Users\kom-e14-1\Documents\Codex\2026-06-05\i-have-sem-images-i-chategorized\outputs\unlabeled_cropped_for_review\L8_67c3b6d2f9c7082295c48bca633191a2_cropped.jpg,true,"(0, 0, 1024, 499)","(0, 499, 1024, 768)",3d_edge,0.995720,cantilever,0.001875,microfluidic,0.001006,
C:\Users\kom-e14-1\OneDrive\MLTraining\project\microvision-ai\data\unlabeled_test_images\MEMS_devices_and_electrodes\L8_67e31b9f837367ec539a6cfb7f9bb0d7.jpg,C:\Users\kom-e14-1\Documents\Codex\2026-06-05\i-have-sem-images-i-chategorized\outputs\unlabeled_cropped_for_review\L8_67e31b9f837367ec539a6cfb7f9bb0d7_cropped.jpg,true,"(0, 0, 1024, 499)","(0, 499, 1024, 768)",3d_edge,0.713524,waveguide,0.195693,microfluidic,0.036012,
C:\Users\kom-e14-1\OneDrive\MLTraining\project\microvision-ai\data\unlabeled_test_images\MEMS_devices_and_electrodes\L8_68305a22bba034ae1235b74b7decdf18.jpg,C:\Users\kom-e14-1\Documents\Codex\2026-06-05\i-have-sem-images-i-chategorized\outputs\unlabeled_cropped_for_review\L8_68305a22bba034ae1235b74b7decdf18_cropped.jpg,true,"(0, 0, 1024, 616)","(0, 616, 1024, 768)",waveguide,0.902636,3d_edge,0.033473,close_up_line,0.031103,
C:\Users\kom-e14-1\OneDrive\MLTraining\project\microvision-ai\data\unlabeled_test_images\MEMS_devices_and_electrodes\L8_683aa7da81c12193f9c5d8854b7182a5.jpg,C:\Users\kom-e14-1\Documents\Codex\2026-06-05\i-have-sem-images-i-chategorized\outputs\unlabeled_cropped_for_review\L8_683aa7da81c12193f9c5d8854b7182a5_cropped.jpg,true,"(0, 0, 1024, 691)","(0, 691, 1024, 768)",3d_edge,0.903050,cantilever,0.048587,microfluidic,0.014737,
C:\Users\kom-e14-1\OneDrive\MLTraining\project\microvision-ai\data\unlabeled_test_images\MEMS_devices_and_electrodes\L8_683fd220386eb043b2f19bae418034e1.jpg,C:\Users\kom-e14-1\Documents\Codex\2026-06-05\i-have-sem-images-i-chategorized\outputs\unlabeled_cropped_for_review\L8_683fd220386eb043b2f19bae418034e1_cropped.jpg,true,"(0, 0, 1024, 635)","(0, 635, 1024, 768)",3d_edge,0.868550,Electrode,0.108214,microfluidic,0.009788,
C:\Users\kom-e14-1\OneDrive\MLTraining\project\microvision-ai\data\unlabeled_test_images\MEMS_devices_and_electrodes\L8_6845c1cecfc7fb41f7a0b44cfbe35efd.jpg,C:\Users\kom-e14-1\Documents\Codex\2026-06-05\i-have-sem-images-i-chategorized\outputs\unlabeled_cropped_for_review\L8_6845c1cecfc7fb41f7a0b44cfbe35efd_cropped.jpg,true,"(0, 0, 1024, 637)","(0, 637, 1024, 768)",3d_edge,0.301275,Electrode,0.248708,close_up_line,0.132923,
C:\Users\kom-e14-1\OneDrive\MLTraining\project\microvision-ai\data\unlabeled_test_images\MEMS_devices_and_electrodes\L8_684b441334a911ef0b750d817c106da8.jpg,C:\Users\kom-e14-1\Documents\Codex\2026-06-05\i-have-sem-images-i-chategorized\outputs\unlabeled_cropped_for_review\L8_684b441334a911ef0b750d817c106da8_cropped.jpg,true,"(0, 0, 1024, 607)","(0, 607, 1024, 768)",Electrode,0.712142,close_up_line,0.197747,Bond-Pad-Array,0.066715,
C:\Users\kom-e14-1\OneDrive\MLTraining\project\microvision-ai\data\unlabeled_test_images\MEMS_devices_and_electrodes\L8_6850ccd0a9be95906b8c57b906cf0f8b.jpg,C:\Users\kom-e14-1\Documents\Codex\2026-06-05\i-have-sem-images-i-chategorized\outputs\unlabeled_cropped_for_review\L8_6850ccd0a9be95906b8c57b906cf0f8b_cropped.jpg,true,"(0, 0, 1024, 636)","(0, 636, 1024, 768)",3d_edge,0.988853,microfluidic,0.003465,Electrode,0.003313,
C:\Users\kom-e14-1\OneDrive\MLTraining\project\microvision-ai\data\unlabeled_test_images\MEMS_devices_and_electrodes\L8_685448a9a83eff92b7e2b8625f6cadaa.jpg,C:\Users\kom-e14-1\Documents\Codex\2026-06-05\i-have-sem-images-i-chategorized\outputs\unlabeled_cropped_for_review\L8_685448a9a83eff92b7e2b8625f6cadaa_cropped.jpg,true,"(0, 0, 1024, 637)","(0, 637, 1024, 768)",Bond-Pad-Array,0.370700,close_up_line,0.189783,Electrode,0.128920,
C:\Users\kom-e14-1\OneDrive\MLTraining\project\microvision-ai\data\unlabeled_test_images\MEMS_devices_and_electrodes\L8_68d6087b217b2828e7f4c13abf703a86.jpg,C:\Users\kom-e14-1\Documents\Codex\2026-06-05\i-have-sem-images-i-chategorized\outputs\unlabeled_cropped_for_review\L8_68d6087b217b2828e7f4c13abf703a86_cropped.jpg,true,"(0, 0, 1024, 607)","(0, 607, 1024, 768)",close_up_line,0.616501,Electrode,0.368116,Bond-Pad-Array,0.009943,
C:\Users\kom-e14-1\OneDrive\MLTraining\project\microvision-ai\data\unlabeled_test_images\MEMS_devices_and_electrodes\L8_68ded49baac08dc0225acb30cca50a69.jpg,C:\Users\kom-e14-1\Documents\Codex\2026-06-05\i-have-sem-images-i-chategorized\outputs\unlabeled_cropped_for_review\L8_68ded49baac08dc0225acb30cca50a69_cropped.jpg,true,"(0, 0, 1024, 635)","(0, 635, 1024, 768)",3d_edge,0.705591,waveguide,0.195408,close_up_line,0.040962,
C:\Users\kom-e14-1\OneDrive\MLTraining\project\microvision-ai\data\unlabeled_test_images\MEMS_devices_and_electrodes\L8_68f0c382461aa5a0a3257c49ff6c4c4b.jpg,C:\Users\kom-e14-1\Documents\Codex\2026-06-05\i-have-sem-images-i-chategorized\outputs\unlabeled_cropped_for_review\L8_68f0c382461aa5a0a3257c49ff6c4c4b_cropped.jpg,true,"(0, 0, 1024, 607)","(0, 607, 1024, 768)",close_up_line,0.911113,Electrode,0.068992,3d_edge,0.012833,
C:\Users\kom-e14-1\OneDrive\MLTraining\project\microvision-ai\data\unlabeled_test_images\MEMS_devices_and_electrodes\L8_690cc59d609ffe7e864dd6ed1e5665ef.jpg,C:\Users\kom-e14-1\Documents\Codex\2026-06-05\i-have-sem-images-i-chategorized\outputs\unlabeled_cropped_for_review\L8_690cc59d609ffe7e864dd6ed1e5665ef_cropped.jpg,true,"(0, 0, 1024, 636)","(0, 636, 1024, 768)",3d_edge,0.962801,microfluidic,0.019107,Electrode,0.005444,
C:\Users\kom-e14-1\OneDrive\MLTraining\project\microvision-ai\data\unlabeled_test_images\MEMS_devices_and_electrodes\L8_690f60038f4bf391c177a1d3267ff780.jpg,C:\Users\kom-e14-1\Documents\Codex\2026-06-05\i-have-sem-images-i-chategorized\outputs\unlabeled_cropped_for_review\L8_690f60038f4bf391c177a1d3267ff780_cropped.jpg,true,"(0, 0, 1024, 607)","(0, 607, 1024, 768)",close_up_line,0.953468,Electrode,0.038785,microfluidic,0.001707,
C:\Users\kom-e14-1\OneDrive\MLTraining\project\microvision-ai\data\unlabeled_test_images\MEMS_devices_and_electrodes\L8_69135e859e75cc72892c3717c14ef332.jpg,C:\Users\kom-e14-1\Documents\Codex\2026-06-05\i-have-sem-images-i-chategorized\outputs\unlabeled_cropped_for_review\L8_69135e859e75cc72892c3717c14ef332_cropped.jpg,true,"(0, 0, 1024, 636)","(0, 636, 1024, 768)",3d_edge,0.949178,close_up_line,0.017498,microfluidic,0.013699,
C:\Users\kom-e14-1\OneDrive\MLTraining\project\microvision-ai\data\unlabeled_test_images\MEMS_devices_and_electrodes\L8_6916eb6809a05fce0adce688d3d68f0b.jpg,C:\Users\kom-e14-1\Documents\Codex\2026-06-05\i-have-sem-images-i-chategorized\outputs\unlabeled_cropped_for_review\L8_6916eb6809a05fce0adce688d3d68f0b_cropped.jpg,true,"(0, 0, 1024, 635)","(0, 635, 1024, 768)",3d_edge,0.988832,microfluidic,0.004117,waveguide,0.002391,
C:\Users\kom-e14-1\OneDrive\MLTraining\project\microvision-ai\data\unlabeled_test_images\MEMS_devices_and_electrodes\L8_6918da0b96a3b35f6f7842e82d7e03c5.jpg,C:\Users\kom-e14-1\Documents\Codex\2026-06-05\i-have-sem-images-i-chategorized\outputs\unlabeled_cropped_for_review\L8_6918da0b96a3b35f6f7842e82d7e03c5_cropped.jpg,true,"(0, 0, 1024, 607)","(0, 607, 1024, 768)",close_up_line,0.568150,Electrode,0.344454,Bond-Pad-Array,0.059564,
C:\Users\kom-e14-1\OneDrive\MLTraining\project\microvision-ai\data\unlabeled_test_images\MEMS_devices_and_electrodes\L8_692253418f8249a0d5bce85d7a206498.jpg,C:\Users\kom-e14-1\Documents\Codex\2026-06-05\i-have-sem-images-i-chategorized\outputs\unlabeled_cropped_for_review\L8_692253418f8249a0d5bce85d7a206498_cropped.jpg,true,"(0, 0, 1024, 659)","(0, 659, 1024, 768)",Electrode,0.999450,close_up_line,0.000396,3d_edge,0.000060,
C:\Users\kom-e14-1\OneDrive\MLTraining\project\microvision-ai\data\unlabeled_test_images\MEMS_devices_and_electrodes\L8_693236687651384ec5ca03b7e71333dc.jpg,C:\Users\kom-e14-1\Documents\Codex\2026-06-05\i-have-sem-images-i-chategorized\outputs\unlabeled_cropped_for_review\L8_693236687651384ec5ca03b7e71333dc_cropped.jpg,true,"(0, 0, 1024, 635)","(0, 635, 1024, 768)",microfluidic,0.597775,3d_edge,0.315156,waveguide,0.049753,
C:\Users\kom-e14-1\OneDrive\MLTraining\project\microvision-ai\data\unlabeled_test_images\MEMS_devices_and_electrodes\L8_6937e36e1ce2ec4cb19fa87f0b26982f.jpg,C:\Users\kom-e14-1\Documents\Codex\2026-06-05\i-have-sem-images-i-chategorized\outputs\unlabeled_cropped_for_review\L8_6937e36e1ce2ec4cb19fa87f0b26982f_cropped.jpg,true,"(0, 0, 1024, 607)","(0, 607, 1024, 768)",Bond-Pad-Array,0.998657,label,0.000444,close_up_line,0.000286,
C:\Users\kom-e14-1\OneDrive\MLTraining\project\microvision-ai\data\unlabeled_test_images\MEMS_devices_and_electrodes\L8_694f001cc2c5022b51a2c9d70e32ceec.jpg,C:\Users\kom-e14-1\Documents\Codex\2026-06-05\i-have-sem-images-i-chategorized\outputs\unlabeled_cropped_for_review\L8_694f001cc2c5022b51a2c9d70e32ceec_cropped.jpg,true,"(0, 0, 1024, 499)","(0, 499, 1024, 768)",cantilever,0.855658,3d_edge,0.070553,Electrode,0.028658,
C:\Users\kom-e14-1\OneDrive\MLTraining\project\microvision-ai\data\unlabeled_test_images\MEMS_devices_and_electrodes\L8_695b59c76a490745677c2182bf900738.jpg,C:\Users\kom-e14-1\Documents\Codex\2026-06-05\i-have-sem-images-i-chategorized\outputs\unlabeled_cropped_for_review\L8_695b59c76a490745677c2182bf900738_cropped.jpg,true,"(0, 0, 1024, 635)","(0, 635, 1024, 768)",3d_edge,0.670473,waveguide,0.181102,Bond-Pad-Array,0.064956,
C:\Users\kom-e14-1\OneDrive\MLTraining\project\microvision-ai\data\unlabeled_test_images\MEMS_devices_and_electrodes\L8_6962aad6c3718bbe8d151f5c23741499.jpg,C:\Users\kom-e14-1\Documents\Codex\2026-06-05\i-have-sem-images-i-chategorized\outputs\unlabeled_cropped_for_review\L8_6962aad6c3718bbe8d151f5c23741499_cropped.jpg,true,"(0, 0, 1024, 607)","(0, 607, 1024, 768)",waveguide,0.930594,3d_edge,0.019527,cantilever,0.018064,
C:\Users\kom-e14-1\OneDrive\MLTraining\project\microvision-ai\data\unlabeled_test_images\MEMS_devices_and_electrodes\L8_6987f87701ba3ae066ff2cce95a50cc9.jpg,C:\Users\kom-e14-1\Documents\Codex\2026-06-05\i-have-sem-images-i-chategorized\outputs\unlabeled_cropped_for_review\L8_6987f87701ba3ae066ff2cce95a50cc9_cropped.jpg,true,"(0, 0, 1024, 659)","(0, 659, 1024, 768)",Electrode,0.999049,close_up_line,0.000784,3d_edge,0.000060,
C:\Users\kom-e14-1\OneDrive\MLTraining\project\microvision-ai\data\unlabeled_test_images\MEMS_devices_and_electrodes\L8_698cdd21d40d8d198f9d4630f7860092.jpg,C:\Users\kom-e14-1\Documents\Codex\2026-06-05\i-have-sem-images-i-chategorized\outputs\unlabeled_cropped_for_review\L8_698cdd21d40d8d198f9d4630f7860092_cropped.jpg,true,"(0, 0, 1024, 635)","(0, 635, 1024, 768)",microfluidic,0.857628,3d_edge,0.097969,Electrode,0.017114,
C:\Users\kom-e14-1\OneDrive\MLTraining\project\microvision-ai\data\unlabeled_test_images\MEMS_devices_and_electrodes\L8_699770489454a95e4cf4b140dcfaac41.jpg,C:\Users\kom-e14-1\Documents\Codex\2026-06-05\i-have-sem-images-i-chategorized\outputs\unlabeled_cropped_for_review\L8_699770489454a95e4cf4b140dcfaac41_cropped.jpg,true,"(0, 0, 1024, 607)","(0, 607, 1024, 768)",close_up_line,0.873784,Electrode,0.123099,Bond-Pad-Array,0.001023,
C:\Users\kom-e14-1\OneDrive\MLTraining\project\microvision-ai\data\unlabeled_test_images\MEMS_devices_and_electrodes\L8_69bcf2bfedf7a6c0d1b2253f80c76b80.jpg,C:\Users\kom-e14-1\Documents\Codex\2026-06-05\i-have-sem-images-i-chategorized\outputs\unlabeled_cropped_for_review\L8_69bcf2bfedf7a6c0d1b2253f80c76b80_cropped.jpg,true,"(0, 0, 1024, 646)","(0, 646, 1024, 768)",3d_edge,0.978000,microfluidic,0.009023,cantilever,0.005063,
C:\Users\kom-e14-1\OneDrive\MLTraining\project\microvision-ai\data\unlabeled_test_images\MEMS_devices_and_electrodes\L8_69dd709def91e626332d1f189a44d730.jpg,C:\Users\kom-e14-1\Documents\Codex\2026-06-05\i-have-sem-images-i-chategorized\outputs\unlabeled_cropped_for_review\L8_69dd709def91e626332d1f189a44d730_cropped.jpg,true,"(0, 0, 1024, 607)","(0, 607, 1024, 768)",close_up_line,0.567319,3d_edge,0.213514,Electrode,0.115736,
C:\Users\kom-e14-1\OneDrive\MLTraining\project\microvision-ai\data\unlabeled_test_images\MEMS_devices_and_electrodes\L8_69ddd7fd3444b6151e7c50a49561849c.jpg,C:\Users\kom-e14-1\Documents\Codex\2026-06-05\i-have-sem-images-i-chategorized\outputs\unlabeled_cropped_for_review\L8_69ddd7fd3444b6151e7c50a49561849c_cropped.jpg,true,"(0, 0, 1024, 636)","(0, 636, 1024, 768)",3d_edge,0.989387,microfluidic,0.005682,cantilever,0.001352,
C:\Users\kom-e14-1\OneDrive\MLTraining\project\microvision-ai\data\unlabeled_test_images\MEMS_devices_and_electrodes\L8_69ded32c11bde6833055a8e4a4c5eda1.jpg,C:\Users\kom-e14-1\Documents\Codex\2026-06-05\i-have-sem-images-i-chategorized\outputs\unlabeled_cropped_for_review\L8_69ded32c11bde6833055a8e4a4c5eda1_cropped.jpg,true,"(0, 0, 1024, 635)","(0, 635, 1024, 768)",cantilever,0.542657,Electrode,0.239704,waveguide,0.068916,
C:\Users\kom-e14-1\OneDrive\MLTraining\project\microvision-ai\data\unlabeled_test_images\MEMS_devices_and_electrodes\L8_69e0246f290715316d2211860db3a316.jpg,C:\Users\kom-e14-1\Documents\Codex\2026-06-05\i-have-sem-images-i-chategorized\outputs\unlabeled_cropped_for_review\L8_69e0246f290715316d2211860db3a316_cropped.jpg,true,"(0, 0, 1024, 542)","(0, 542, 1024, 768)",3d_edge,0.895116,cantilever,0.043576,waveguide,0.027198,
C:\Users\kom-e14-1\OneDrive\MLTraining\project\microvision-ai\data\unlabeled_test_images\MEMS_devices_and_electrodes\L8_69f575f5d32b3f43beb87c65e95ac214.jpg,C:\Users\kom-e14-1\Documents\Codex\2026-06-05\i-have-sem-images-i-chategorized\outputs\unlabeled_cropped_for_review\L8_69f575f5d32b3f43beb87c65e95ac214_cropped.jpg,true,"(0, 0, 1024, 607)","(0, 607, 1024, 768)",close_up_line,0.779565,Electrode,0.092077,microfluidic,0.065415,
C:\Users\kom-e14-1\OneDrive\MLTraining\project\microvision-ai\data\unlabeled_test_images\MEMS_devices_and_electrodes\L8_6a39f1bdeca15042314aa0f15ce6ce28.jpg,C:\Users\kom-e14-1\Documents\Codex\2026-06-05\i-have-sem-images-i-chategorized\outputs\unlabeled_cropped_for_review\L8_6a39f1bdeca15042314aa0f15ce6ce28_cropped.jpg,true,"(0, 0, 1024, 635)","(0, 635, 1024, 768)",3d_edge,0.991844,waveguide,0.004471,Electrode,0.001332,
C:\Users\kom-e14-1\OneDrive\MLTraining\project\microvision-ai\data\unlabeled_test_images\MEMS_devices_and_electrodes\L8_6a3e245e150c3f2f451e24ac337359f3.jpg,C:\Users\kom-e14-1\Documents\Codex\2026-06-05\i-have-sem-images-i-chategorized\outputs\unlabeled_cropped_for_review\L8_6a3e245e150c3f2f451e24ac337359f3_cropped.jpg,true,"(0, 0, 1024, 607)","(0, 607, 1024, 768)",close_up_line,0.511333,Electrode,0.441318,Bond-Pad-Array,0.017392,
C:\Users\kom-e14-1\OneDrive\MLTraining\project\microvision-ai\data\unlabeled_test_images\MEMS_devices_and_electrodes\L8_6a5c29787924fbb2b18d83c71ce52603.jpg,C:\Users\kom-e14-1\Documents\Codex\2026-06-05\i-have-sem-images-i-chategorized\outputs\unlabeled_cropped_for_review\L8_6a5c29787924fbb2b18d83c71ce52603_cropped.jpg,true,"(0, 0, 1024, 658)","(0, 658, 1024, 768)",3d_edge,0.891518,waveguide,0.043701,close_up_line,0.026558,
C:\Users\kom-e14-1\OneDrive\MLTraining\project\microvision-ai\data\unlabeled_test_images\MEMS_devices_and_electrodes\L8_6a8d5b089ec90cb5fa74b3b2761bbf7b.jpg,C:\Users\kom-e14-1\Documents\Codex\2026-06-05\i-have-sem-images-i-chategorized\outputs\unlabeled_cropped_for_review\L8_6a8d5b089ec90cb5fa74b3b2761bbf7b_cropped.jpg,true,"(0, 0, 1024, 636)","(0, 636, 1024, 768)",3d_edge,0.944798,waveguide,0.023554,close_up_line,0.010990,
C:\Users\kom-e14-1\OneDrive\MLTraining\project\microvision-ai\data\unlabeled_test_images\MEMS_devices_and_electrodes\L8_6af483adf056386fdd1e3af76744d055.jpg,C:\Users\kom-e14-1\Documents\Codex\2026-06-05\i-have-sem-images-i-chategorized\outputs\unlabeled_cropped_for_review\L8_6af483adf056386fdd1e3af76744d055_cropped.jpg,true,"(0, 0, 1024, 594)","(0, 594, 1024, 768)",3d_edge,0.396073,Electrode,0.311891,close_up_line,0.228951,
C:\Users\kom-e14-1\OneDrive\MLTraining\project\microvision-ai\data\unlabeled_test_images\MEMS_devices_and_electrodes\L8_6afa98c8fc8ed20402e9b0353d770545.jpg,C:\Users\kom-e14-1\Documents\Codex\2026-06-05\i-have-sem-images-i-chategorized\outputs\unlabeled_cropped_for_review\L8_6afa98c8fc8ed20402e9b0353d770545_cropped.jpg,true,"(0, 0, 1024, 584)","(0, 584, 1024, 768)",3d_edge,0.993847,Electrode,0.001961,cantilever,0.001377,
C:\Users\kom-e14-1\OneDrive\MLTraining\project\microvision-ai\data\unlabeled_test_images\MEMS_devices_and_electrodes\L8_6b11c752d11dd0d4947a4518b45777bc.jpg,C:\Users\kom-e14-1\Documents\Codex\2026-06-05\i-have-sem-images-i-chategorized\outputs\unlabeled_cropped_for_review\L8_6b11c752d11dd0d4947a4518b45777bc_cropped.jpg,true,"(0, 0, 1024, 637)","(0, 637, 1024, 768)",3d_edge,0.975040,Electrode,0.006633,waveguide,0.006509,
C:\Users\kom-e14-1\OneDrive\MLTraining\project\microvision-ai\data\unlabeled_test_images\MEMS_devices_and_electrodes\L8_6b39b22f548fc526c24ef09593e9a8d9.jpg,C:\Users\kom-e14-1\Documents\Codex\2026-06-05\i-have-sem-images-i-chategorized\outputs\unlabeled_cropped_for_review\L8_6b39b22f548fc526c24ef09593e9a8d9_cropped.jpg,true,"(0, 0, 1024, 635)","(0, 635, 1024, 768)",3d_edge,0.851355,waveguide,0.055914,close_up_line,0.030922,
C:\Users\kom-e14-1\OneDrive\MLTraining\project\microvision-ai\data\unlabeled_test_images\MEMS_devices_and_electrodes\L8_6b64ed108b47bd81fd4569eb635dc74d.jpg,C:\Users\kom-e14-1\Documents\Codex\2026-06-05\i-have-sem-images-i-chategorized\outputs\unlabeled_cropped_for_review\L8_6b64ed108b47bd81fd4569eb635dc74d_cropped.jpg,true,"(0, 0, 1024, 607)","(0, 607, 1024, 768)",3d_edge,0.615575,Electrode,0.218879,close_up_line,0.077870,
C:\Users\kom-e14-1\OneDrive\MLTraining\project\microvision-ai\data\unlabeled_test_images\MEMS_devices_and_electrodes\L8_6b6c5499989a70fbeb39568613e74c48.jpg,C:\Users\kom-e14-1\Documents\Codex\2026-06-05\i-have-sem-images-i-chategorized\outputs\unlabeled_cropped_for_review\L8_6b6c5499989a70fbeb39568613e74c48_cropped.jpg,false,"(0, 0, 1024, 768)",,Bond-Pad-Array,0.571295,Electrode,0.222826,cantilever,0.095280,
C:\Users\kom-e14-1\OneDrive\MLTraining\project\microvision-ai\data\unlabeled_test_images\MEMS_devices_and_electrodes\L8_6b804249f9c3bb68ba57415f1cf1306a.jpg,C:\Users\kom-e14-1\Documents\Codex\2026-06-05\i-have-sem-images-i-chategorized\outputs\unlabeled_cropped_for_review\L8_6b804249f9c3bb68ba57415f1cf1306a_cropped.jpg,true,"(0, 0, 1024, 631)","(0, 631, 1024, 768)",3d_edge,0.947198,waveguide,0.031914,close_up_line,0.010648,
C:\Users\kom-e14-1\OneDrive\MLTraining\project\microvision-ai\data\unlabeled_test_images\MEMS_devices_and_electrodes\L8_6b886e05972ce56ea7bea14560b21b41.jpg,C:\Users\kom-e14-1\Documents\Codex\2026-06-05\i-have-sem-images-i-chategorized\outputs\unlabeled_cropped_for_review\L8_6b886e05972ce56ea7bea14560b21b41_cropped.jpg,true,"(0, 0, 1024, 636)","(0, 636, 1024, 768)",3d_edge,0.842846,waveguide,0.088171,close_up_line,0.048224,
C:\Users\kom-e14-1\OneDrive\MLTraining\project\microvision-ai\data\unlabeled_test_images\MEMS_devices_and_electrodes\L8_6ba287c444ffba6ef02b683d861e4321.jpg,C:\Users\kom-e14-1\Documents\Codex\2026-06-05\i-have-sem-images-i-chategorized\outputs\unlabeled_cropped_for_review\L8_6ba287c444ffba6ef02b683d861e4321_cropped.jpg,true,"(0, 0, 1024, 504)","(0, 504, 1024, 768)",waveguide,0.405067,cantilever,0.367539,3d_edge,0.124059,
C:\Users\kom-e14-1\OneDrive\MLTraining\project\microvision-ai\data\unlabeled_test_images\MEMS_devices_and_electrodes\L8_6bad627261319b4a749e821371f04969.jpg,C:\Users\kom-e14-1\Documents\Codex\2026-06-05\i-have-sem-images-i-chategorized\outputs\unlabeled_cropped_for_review\L8_6bad627261319b4a749e821371f04969_cropped.jpg,true,"(0, 0, 1024, 636)","(0, 636, 1024, 768)",3d_edge,0.993283,microfluidic,0.003887,waveguide,0.001295,
C:\Users\kom-e14-1\OneDrive\MLTraining\project\microvision-ai\data\unlabeled_test_images\MEMS_devices_and_electrodes\L8_6bc7f840853ae6c7c75562115dbacbde.jpg,C:\Users\kom-e14-1\Documents\Codex\2026-06-05\i-have-sem-images-i-chategorized\outputs\unlabeled_cropped_for_review\L8_6bc7f840853ae6c7c75562115dbacbde_cropped.jpg,true,"(0, 0, 1024, 499)","(0, 499, 1024, 768)",3d_edge,0.886609,microfluidic,0.103579,waveguide,0.004925,
C:\Users\kom-e14-1\OneDrive\MLTraining\project\microvision-ai\data\unlabeled_test_images\MEMS_devices_and_electrodes\L8_6c06a55326c55c10db8c87a4c8f0aff4.jpg,C:\Users\kom-e14-1\Documents\Codex\2026-06-05\i-have-sem-images-i-chategorized\outputs\unlabeled_cropped_for_review\L8_6c06a55326c55c10db8c87a4c8f0aff4_cropped.jpg,true,"(0, 0, 1024, 636)","(0, 636, 1024, 768)",3d_edge,0.989319,microfluidic,0.004118,close_up_line,0.002649,
C:\Users\kom-e14-1\OneDrive\MLTraining\project\microvision-ai\data\unlabeled_test_images\MEMS_devices_and_electrodes\L8_6c40946abee7b6a6d3ffcad4d1790ac0.jpg,C:\Users\kom-e14-1\Documents\Codex\2026-06-05\i-have-sem-images-i-chategorized\outputs\unlabeled_cropped_for_review\L8_6c40946abee7b6a6d3ffcad4d1790ac0_cropped.jpg,true,"(0, 0, 1024, 636)","(0, 636, 1024, 768)",3d_edge,0.843296,waveguide,0.040538,Electrode,0.039748,
C:\Users\kom-e14-1\OneDrive\MLTraining\project\microvision-ai\data\unlabeled_test_images\MEMS_devices_and_electrodes\L8_6c4b7ed7f88293ee1e686eb047d273fb.jpg,C:\Users\kom-e14-1\Documents\Codex\2026-06-05\i-have-sem-images-i-chategorized\outputs\unlabeled_cropped_for_review\L8_6c4b7ed7f88293ee1e686eb047d273fb_cropped.jpg,true,"(0, 0, 1024, 607)","(0, 607, 1024, 768)",close_up_line,0.749482,Electrode,0.201582,waveguide,0.030866,
C:\Users\kom-e14-1\OneDrive\MLTraining\project\microvision-ai\data\unlabeled_test_images\MEMS_devices_and_electrodes\L8_6c7ab31a778589670ce75e7773888a1e.jpg,C:\Users\kom-e14-1\Documents\Codex\2026-06-05\i-have-sem-images-i-chategorized\outputs\unlabeled_cropped_for_review\L8_6c7ab31a778589670ce75e7773888a1e_cropped.jpg,true,"(0, 0, 1024, 691)","(0, 691, 1024, 768)",3d_edge,0.991719,waveguide,0.003467,microfluidic,0.001349,
C:\Users\kom-e14-1\OneDrive\MLTraining\project\microvision-ai\data\unlabeled_test_images\MEMS_devices_and_electrodes\L8_6c88cd8080cc7188220b77430fe6dd77.jpg,C:\Users\kom-e14-1\Documents\Codex\2026-06-05\i-have-sem-images-i-chategorized\outputs\unlabeled_cropped_for_review\L8_6c88cd8080cc7188220b77430fe6dd77_cropped.jpg,true,"(0, 0, 1024, 594)","(0, 594, 1024, 768)",3d_edge,0.564032,Electrode,0.240233,close_up_line,0.159468,
C:\Users\kom-e14-1\OneDrive\MLTraining\project\microvision-ai\data\unlabeled_test_images\MEMS_devices_and_electrodes\L8_6ccaa737a0d884f99dbff3aec68f5b34.jpg,C:\Users\kom-e14-1\Documents\Codex\2026-06-05\i-have-sem-images-i-chategorized\outputs\unlabeled_cropped_for_review\L8_6ccaa737a0d884f99dbff3aec68f5b34_cropped.jpg,true,"(0, 0, 1024, 499)","(0, 499, 1024, 768)",3d_edge,0.827721,waveguide,0.111785,cantilever,0.021021,
C:\Users\kom-e14-1\OneDrive\MLTraining\project\microvision-ai\data\unlabeled_test_images\MEMS_devices_and_electrodes\L8_6ce2a7ae1080d0d2a2de38dbcc177dc2.jpg,C:\Users\kom-e14-1\Documents\Codex\2026-06-05\i-have-sem-images-i-chategorized\outputs\unlabeled_cropped_for_review\L8_6ce2a7ae1080d0d2a2de38dbcc177dc2_cropped.jpg,true,"(0, 0, 1024, 636)","(0, 636, 1024, 768)",3d_edge,0.888131,Electrode,0.030430,cantilever,0.029833,
C:\Users\kom-e14-1\OneDrive\MLTraining\project\microvision-ai\data\unlabeled_test_images\MEMS_devices_and_electrodes\L8_6cf7c512980558f5158767021be269c2.jpg,C:\Users\kom-e14-1\Documents\Codex\2026-06-05\i-have-sem-images-i-chategorized\outputs\unlabeled_cropped_for_review\L8_6cf7c512980558f5158767021be269c2_cropped.jpg,true,"(0, 0, 1024, 607)","(0, 607, 1024, 768)",waveguide,0.969226,3d_edge,0.020108,close_up_line,0.006974,
C:\Users\kom-e14-1\OneDrive\MLTraining\project\microvision-ai\data\unlabeled_test_images\MEMS_devices_and_electrodes\L8_6db6321e5d96194700716d957043ccdf.jpg,C:\Users\kom-e14-1\Documents\Codex\2026-06-05\i-have-sem-images-i-chategorized\outputs\unlabeled_cropped_for_review\L8_6db6321e5d96194700716d957043ccdf_cropped.jpg,true,"(0, 0, 1024, 637)","(0, 637, 1024, 768)",3d_edge,0.487388,microfluidic,0.188208,cantilever,0.138020,
C:\Users\kom-e14-1\OneDrive\MLTraining\project\microvision-ai\data\unlabeled_test_images\MEMS_devices_and_electrodes\L8_6db676b02015c2da8a22d3c11425a6ae.jpg,C:\Users\kom-e14-1\Documents\Codex\2026-06-05\i-have-sem-images-i-chategorized\outputs\unlabeled_cropped_for_review\L8_6db676b02015c2da8a22d3c11425a6ae_cropped.jpg,true,"(0, 0, 1024, 499)","(0, 499, 1024, 768)",3d_edge,0.931822,waveguide,0.036073,cantilever,0.011813,
C:\Users\kom-e14-1\OneDrive\MLTraining\project\microvision-ai\data\unlabeled_test_images\MEMS_devices_and_electrodes\L8_6e0a4e55022ef55b1dfdf1a98cd7939d.jpg,C:\Users\kom-e14-1\Documents\Codex\2026-06-05\i-have-sem-images-i-chategorized\outputs\unlabeled_cropped_for_review\L8_6e0a4e55022ef55b1dfdf1a98cd7939d_cropped.jpg,true,"(0, 0, 1024, 607)","(0, 607, 1024, 768)",3d_edge,0.989138,microfluidic,0.004708,waveguide,0.002061,
C:\Users\kom-e14-1\OneDrive\MLTraining\project\microvision-ai\data\unlabeled_test_images\MEMS_devices_and_electrodes\L8_6e377bbd05e5eb68707041e2191ab149.jpg,C:\Users\kom-e14-1\Documents\Codex\2026-06-05\i-have-sem-images-i-chategorized\outputs\unlabeled_cropped_for_review\L8_6e377bbd05e5eb68707041e2191ab149_cropped.jpg,true,"(0, 0, 1024, 631)","(0, 631, 1024, 768)",3d_edge,0.996788,close_up_line,0.001486,Electrode,0.000627,
C:\Users\kom-e14-1\OneDrive\MLTraining\project\microvision-ai\data\unlabeled_test_images\MEMS_devices_and_electrodes\L8_6e418e1f0812800952b29888b8ace638.jpg,C:\Users\kom-e14-1\Documents\Codex\2026-06-05\i-have-sem-images-i-chategorized\outputs\unlabeled_cropped_for_review\L8_6e418e1f0812800952b29888b8ace638_cropped.jpg,true,"(0, 0, 1024, 635)","(0, 635, 1024, 768)",3d_edge,0.979797,microfluidic,0.011124,waveguide,0.004688,
C:\Users\kom-e14-1\OneDrive\MLTraining\project\microvision-ai\data\unlabeled_test_images\MEMS_devices_and_electrodes\L8_6e53ba19d6c26f0c07e102ea1e55d320.jpg,C:\Users\kom-e14-1\Documents\Codex\2026-06-05\i-have-sem-images-i-chategorized\outputs\unlabeled_cropped_for_review\L8_6e53ba19d6c26f0c07e102ea1e55d320_cropped.jpg,true,"(0, 0, 1024, 607)","(0, 607, 1024, 768)",Electrode,0.807675,close_up_line,0.129591,3d_edge,0.027752,
C:\Users\kom-e14-1\OneDrive\MLTraining\project\microvision-ai\data\unlabeled_test_images\MEMS_devices_and_electrodes\L8_6eb7b12a38eafe8b7a31c3c2534c3c3f.jpg,C:\Users\kom-e14-1\Documents\Codex\2026-06-05\i-have-sem-images-i-chategorized\outputs\unlabeled_cropped_for_review\L8_6eb7b12a38eafe8b7a31c3c2534c3c3f_cropped.jpg,true,"(0, 0, 1024, 607)","(0, 607, 1024, 768)",3d_edge,0.766640,close_up_line,0.148907,waveguide,0.049492,
C:\Users\kom-e14-1\OneDrive\MLTraining\project\microvision-ai\data\unlabeled_test_images\MEMS_devices_and_electrodes\L8_6ec1b7497d64df6132b6e69d9619f2b3.jpg,C:\Users\kom-e14-1\Documents\Codex\2026-06-05\i-have-sem-images-i-chategorized\outputs\unlabeled_cropped_for_review\L8_6ec1b7497d64df6132b6e69d9619f2b3_cropped.jpg,true,"(0, 0, 1024, 635)","(0, 635, 1024, 768)",3d_edge,0.763078,close_up_line,0.116446,Electrode,0.070498,
C:\Users\kom-e14-1\OneDrive\MLTraining\project\microvision-ai\data\unlabeled_test_images\MEMS_devices_and_electrodes\L8_6eee1d2781a85fc9d6aa9ee61473084e.jpg,C:\Users\kom-e14-1\Documents\Codex\2026-06-05\i-have-sem-images-i-chategorized\outputs\unlabeled_cropped_for_review\L8_6eee1d2781a85fc9d6aa9ee61473084e_cropped.jpg,true,"(0, 0, 1024, 630)","(0, 630, 1024, 768)",3d_edge,0.804870,Electrode,0.044084,microfluidic,0.042068,
C:\Users\kom-e14-1\OneDrive\MLTraining\project\microvision-ai\data\unlabeled_test_images\MEMS_devices_and_electrodes\L8_6eee260c1a8f9e1817d70512f1a181ac.jpg,C:\Users\kom-e14-1\Documents\Codex\2026-06-05\i-have-sem-images-i-chategorized\outputs\unlabeled_cropped_for_review\L8_6eee260c1a8f9e1817d70512f1a181ac_cropped.jpg,true,"(0, 0, 1024, 675)","(0, 675, 1024, 768)",3d_edge,0.612085,waveguide,0.236280,cantilever,0.066236,
C:\Users\kom-e14-1\OneDrive\MLTraining\project\microvision-ai\data\unlabeled_test_images\MEMS_devices_and_electrodes\L8_6f24a27bdfa8faa028e8e2afd6ae2e11.jpg,C:\Users\kom-e14-1\Documents\Codex\2026-06-05\i-have-sem-images-i-chategorized\outputs\unlabeled_cropped_for_review\L8_6f24a27bdfa8faa028e8e2afd6ae2e11_cropped.jpg,true,"(0, 0, 1024, 635)","(0, 635, 1024, 768)",3d_edge,0.996874,waveguide,0.002503,microfluidic,0.000204,
C:\Users\kom-e14-1\OneDrive\MLTraining\project\microvision-ai\data\unlabeled_test_images\MEMS_devices_and_electrodes\L8_6f2a14fc13c9f44860bb7dcdafa3acdd.jpg,C:\Users\kom-e14-1\Documents\Codex\2026-06-05\i-have-sem-images-i-chategorized\outputs\unlabeled_cropped_for_review\L8_6f2a14fc13c9f44860bb7dcdafa3acdd_cropped.jpg,true,"(0, 0, 1024, 607)","(0, 607, 1024, 768)",close_up_line,0.740999,Electrode,0.243225,3d_edge,0.008064,
C:\Users\kom-e14-1\OneDrive\MLTraining\project\microvision-ai\data\unlabeled_test_images\MEMS_devices_and_electrodes\L8_6f42dc573339f75c11cd54d4facf7c2c.jpg,C:\Users\kom-e14-1\Documents\Codex\2026-06-05\i-have-sem-images-i-chategorized\outputs\unlabeled_cropped_for_review\L8_6f42dc573339f75c11cd54d4facf7c2c_cropped.jpg,true,"(0, 0, 1024, 630)","(0, 630, 1024, 768)",3d_edge,0.879112,waveguide,0.059730,close_up_line,0.019704,
C:\Users\kom-e14-1\OneDrive\MLTraining\project\microvision-ai\data\unlabeled_test_images\MEMS_devices_and_electrodes\L8_6f49002932e2097569f5c4383e46d96c.jpg,C:\Users\kom-e14-1\Documents\Codex\2026-06-05\i-have-sem-images-i-chategorized\outputs\unlabeled_cropped_for_review\L8_6f49002932e2097569f5c4383e46d96c_cropped.jpg,true,"(0, 0, 1024, 643)","(0, 643, 1024, 768)",3d_edge,0.880563,waveguide,0.037765,close_up_line,0.034056,
C:\Users\kom-e14-1\OneDrive\MLTraining\project\microvision-ai\data\unlabeled_test_images\MEMS_devices_and_electrodes\L8_6f749cf75a333e0a2c11e1ab508fcee9.jpg,C:\Users\kom-e14-1\Documents\Codex\2026-06-05\i-have-sem-images-i-chategorized\outputs\unlabeled_cropped_for_review\L8_6f749cf75a333e0a2c11e1ab508fcee9_cropped.jpg,true,"(0, 0, 1024, 630)","(0, 630, 1024, 768)",3d_edge,0.973557,waveguide,0.014280,close_up_line,0.006668,
C:\Users\kom-e14-1\OneDrive\MLTraining\project\microvision-ai\data\unlabeled_test_images\MEMS_devices_and_electrodes\L8_6f76b4cc06185b553f7062e3fa122888.jpg,C:\Users\kom-e14-1\Documents\Codex\2026-06-05\i-have-sem-images-i-chategorized\outputs\unlabeled_cropped_for_review\L8_6f76b4cc06185b553f7062e3fa122888_cropped.jpg,true,"(0, 0, 1024, 630)","(0, 630, 1024, 768)",3d_edge,0.533575,waveguide,0.155058,microfluidic,0.076265,
C:\Users\kom-e14-1\OneDrive\MLTraining\project\microvision-ai\data\unlabeled_test_images\MEMS_devices_and_electrodes\L8_6f7eaadba3bb38a2b8656dae5b6f9c80.jpg,C:\Users\kom-e14-1\Documents\Codex\2026-06-05\i-have-sem-images-i-chategorized\outputs\unlabeled_cropped_for_review\L8_6f7eaadba3bb38a2b8656dae5b6f9c80_cropped.jpg,true,"(0, 0, 1024, 636)","(0, 636, 1024, 768)",3d_edge,0.986000,waveguide,0.004980,cantilever,0.002459,
C:\Users\kom-e14-1\OneDrive\MLTraining\project\microvision-ai\data\unlabeled_test_images\MEMS_devices_and_electrodes\L8_6fd2c927a071bee5096f79d03e68b30f.jpg,C:\Users\kom-e14-1\Documents\Codex\2026-06-05\i-have-sem-images-i-chategorized\outputs\unlabeled_cropped_for_review\L8_6fd2c927a071bee5096f79d03e68b30f_cropped.jpg,true,"(0, 0, 1024, 635)","(0, 635, 1024, 768)",waveguide,0.568309,3d_edge,0.224034,Bond-Pad-Array,0.095718,
C:\Users\kom-e14-1\OneDrive\MLTraining\project\microvision-ai\data\unlabeled_test_images\MEMS_devices_and_electrodes\L8_6fe25c754ae48a0f02247c779b06fb4a.jpg,C:\Users\kom-e14-1\Documents\Codex\2026-06-05\i-have-sem-images-i-chategorized\outputs\unlabeled_cropped_for_review\L8_6fe25c754ae48a0f02247c779b06fb4a_cropped.jpg,true,"(0, 0, 1024, 635)","(0, 635, 1024, 768)",3d_edge,0.818650,cantilever,0.127144,waveguide,0.036083,
C:\Users\kom-e14-1\OneDrive\MLTraining\project\microvision-ai\data\unlabeled_test_images\MEMS_devices_and_electrodes\L8_700c17c52f1915b593b176492981d504.jpg,C:\Users\kom-e14-1\Documents\Codex\2026-06-05\i-have-sem-images-i-chategorized\outputs\unlabeled_cropped_for_review\L8_700c17c52f1915b593b176492981d504_cropped.jpg,true,"(0, 0, 1024, 499)","(0, 499, 1024, 768)",3d_edge,0.950887,microfluidic,0.018973,waveguide,0.011270,
C:\Users\kom-e14-1\OneDrive\MLTraining\project\microvision-ai\data\unlabeled_test_images\MEMS_devices_and_electrodes\L8_7013dd1d6d0fdfbadd80bfb24cd6eeb6.jpg,C:\Users\kom-e14-1\Documents\Codex\2026-06-05\i-have-sem-images-i-chategorized\outputs\unlabeled_cropped_for_review\L8_7013dd1d6d0fdfbadd80bfb24cd6eeb6_cropped.jpg,true,"(0, 0, 1024, 659)","(0, 659, 1024, 768)",Electrode,0.999638,close_up_line,0.000266,3d_edge,0.000043,
C:\Users\kom-e14-1\OneDrive\MLTraining\project\microvision-ai\data\unlabeled_test_images\MEMS_devices_and_electrodes\L8_7026f48ce9dfbd18ed1df7a784921d6d.jpg,C:\Users\kom-e14-1\Documents\Codex\2026-06-05\i-have-sem-images-i-chategorized\outputs\unlabeled_cropped_for_review\L8_7026f48ce9dfbd18ed1df7a784921d6d_cropped.jpg,true,"(0, 0, 1024, 630)","(0, 630, 1024, 768)",Electrode,0.872207,close_up_line,0.046167,3d_edge,0.030254,
C:\Users\kom-e14-1\OneDrive\MLTraining\project\microvision-ai\data\unlabeled_test_images\MEMS_devices_and_electrodes\L8_70298b5c72f5c03da34bc34494ea1226.jpg,C:\Users\kom-e14-1\Documents\Codex\2026-06-05\i-have-sem-images-i-chategorized\outputs\unlabeled_cropped_for_review\L8_70298b5c72f5c03da34bc34494ea1226_cropped.jpg,true,"(0, 0, 1024, 659)","(0, 659, 1024, 768)",Electrode,0.989269,close_up_line,0.005798,3d_edge,0.001895,
C:\Users\kom-e14-1\OneDrive\MLTraining\project\microvision-ai\data\unlabeled_test_images\MEMS_devices_and_electrodes\L8_70690c1f0abace9177f2d5f743a2a926.jpg,C:\Users\kom-e14-1\Documents\Codex\2026-06-05\i-have-sem-images-i-chategorized\outputs\unlabeled_cropped_for_review\L8_70690c1f0abace9177f2d5f743a2a926_cropped.jpg,true,"(0, 0, 1024, 607)","(0, 607, 1024, 768)",Electrode,0.826047,close_up_line,0.085529,3d_edge,0.040304,
C:\Users\kom-e14-1\OneDrive\MLTraining\project\microvision-ai\data\unlabeled_test_images\MEMS_devices_and_electrodes\L8_7097a591d5cf59c6329c6c717c428f3d.jpg,C:\Users\kom-e14-1\Documents\Codex\2026-06-05\i-have-sem-images-i-chategorized\outputs\unlabeled_cropped_for_review\L8_7097a591d5cf59c6329c6c717c428f3d_cropped.jpg,true,"(0, 0, 1024, 635)","(0, 635, 1024, 768)",3d_edge,0.288546,close_up_line,0.244520,waveguide,0.129736,
C:\Users\kom-e14-1\OneDrive\MLTraining\project\microvision-ai\data\unlabeled_test_images\MEMS_devices_and_electrodes\L8_70a911aefb8e163ddc5169432e1c8d5f.jpg,C:\Users\kom-e14-1\Documents\Codex\2026-06-05\i-have-sem-images-i-chategorized\outputs\unlabeled_cropped_for_review\L8_70a911aefb8e163ddc5169432e1c8d5f_cropped.jpg,true,"(0, 0, 1024, 499)","(0, 499, 1024, 768)",microfluidic,0.990069,3d_edge,0.009369,waveguide,0.000187,
C:\Users\kom-e14-1\OneDrive\MLTraining\project\microvision-ai\data\unlabeled_test_images\MEMS_devices_and_electrodes\L8_70d50ebc533b82c4f7f907e848714ce1.jpg,C:\Users\kom-e14-1\Documents\Codex\2026-06-05\i-have-sem-images-i-chategorized\outputs\unlabeled_cropped_for_review\L8_70d50ebc533b82c4f7f907e848714ce1_cropped.jpg,true,"(0, 0, 1024, 635)","(0, 635, 1024, 768)",Electrode,0.242957,cantilever,0.236193,close_up_line,0.165055,
C:\Users\kom-e14-1\OneDrive\MLTraining\project\microvision-ai\data\unlabeled_test_images\MEMS_devices_and_electrodes\L8_70df2c57cc856848de14b5e378ac733d.jpg,C:\Users\kom-e14-1\Documents\Codex\2026-06-05\i-have-sem-images-i-chategorized\outputs\unlabeled_cropped_for_review\L8_70df2c57cc856848de14b5e378ac733d_cropped.jpg,true,"(0, 0, 1024, 607)","(0, 607, 1024, 768)",Electrode,0.792649,close_up_line,0.185482,Bond-Pad-Array,0.011525,
C:\Users\kom-e14-1\OneDrive\MLTraining\project\microvision-ai\data\unlabeled_test_images\MEMS_devices_and_electrodes\L8_71021a5cea8b57d05ee15b61c95a72c4.jpg,C:\Users\kom-e14-1\Documents\Codex\2026-06-05\i-have-sem-images-i-chategorized\outputs\unlabeled_cropped_for_review\L8_71021a5cea8b57d05ee15b61c95a72c4_cropped.jpg,true,"(0, 0, 1024, 635)","(0, 635, 1024, 768)",3d_edge,0.946916,close_up_line,0.021016,waveguide,0.009833,
C:\Users\kom-e14-1\OneDrive\MLTraining\project\microvision-ai\data\unlabeled_test_images\MEMS_devices_and_electrodes\L8_7111905fe9d5f5234091cbd36bb54d7e.jpg,C:\Users\kom-e14-1\Documents\Codex\2026-06-05\i-have-sem-images-i-chategorized\outputs\unlabeled_cropped_for_review\L8_7111905fe9d5f5234091cbd36bb54d7e_cropped.jpg,true,"(0, 0, 1024, 585)","(0, 585, 1024, 768)",3d_edge,0.476249,Electrode,0.190322,Bond-Pad-Array,0.131499,
C:\Users\kom-e14-1\OneDrive\MLTraining\project\microvision-ai\data\unlabeled_test_images\MEMS_devices_and_electrodes\L8_71206aaf60497b4fd3e979dafe6523a2.jpg,C:\Users\kom-e14-1\Documents\Codex\2026-06-05\i-have-sem-images-i-chategorized\outputs\unlabeled_cropped_for_review\L8_71206aaf60497b4fd3e979dafe6523a2_cropped.jpg,true,"(0, 0, 1024, 607)","(0, 607, 1024, 768)",waveguide,0.995786,3d_edge,0.003310,cantilever,0.000536,
C:\Users\kom-e14-1\OneDrive\MLTraining\project\microvision-ai\data\unlabeled_test_images\MEMS_devices_and_electrodes\L8_715d427f4930df2ea6afdc2d303f6f96.jpg,C:\Users\kom-e14-1\Documents\Codex\2026-06-05\i-have-sem-images-i-chategorized\outputs\unlabeled_cropped_for_review\L8_715d427f4930df2ea6afdc2d303f6f96_cropped.jpg,true,"(0, 0, 1024, 636)","(0, 636, 1024, 768)",waveguide,0.612792,3d_edge,0.138203,cantilever,0.096920,
C:\Users\kom-e14-1\OneDrive\MLTraining\project\microvision-ai\data\unlabeled_test_images\MEMS_devices_and_electrodes\L8_7188799756be5bf3579f196b72de7fe4.jpg,C:\Users\kom-e14-1\Documents\Codex\2026-06-05\i-have-sem-images-i-chategorized\outputs\unlabeled_cropped_for_review\L8_7188799756be5bf3579f196b72de7fe4_cropped.jpg,true,"(0, 0, 1024, 636)","(0, 636, 1024, 768)",3d_edge,0.992390,waveguide,0.005122,cantilever,0.000893,
C:\Users\kom-e14-1\OneDrive\MLTraining\project\microvision-ai\data\unlabeled_test_images\MEMS_devices_and_electrodes\L8_718f2a0b45a334ac486c2ed9c92974f6.jpg,C:\Users\kom-e14-1\Documents\Codex\2026-06-05\i-have-sem-images-i-chategorized\outputs\unlabeled_cropped_for_review\L8_718f2a0b45a334ac486c2ed9c92974f6_cropped.jpg,true,"(0, 0, 1024, 594)","(0, 594, 1024, 768)",Electrode,0.943985,close_up_line,0.044022,cantilever,0.006033,
C:\Users\kom-e14-1\OneDrive\MLTraining\project\microvision-ai\data\unlabeled_test_images\MEMS_devices_and_electrodes\L8_71a37e81a1953ed1d252422c485ea561.jpg,C:\Users\kom-e14-1\Documents\Codex\2026-06-05\i-have-sem-images-i-chategorized\outputs\unlabeled_cropped_for_review\L8_71a37e81a1953ed1d252422c485ea561_cropped.jpg,true,"(0, 0, 1024, 644)","(0, 644, 1024, 768)",3d_edge,0.707613,cantilever,0.152088,Electrode,0.073375,
C:\Users\kom-e14-1\OneDrive\MLTraining\project\microvision-ai\data\unlabeled_test_images\MEMS_devices_and_electrodes\L8_71dc764667b0187f744cf722d2aa2936.jpg,C:\Users\kom-e14-1\Documents\Codex\2026-06-05\i-have-sem-images-i-chategorized\outputs\unlabeled_cropped_for_review\L8_71dc764667b0187f744cf722d2aa2936_cropped.jpg,true,"(0, 0, 1024, 607)","(0, 607, 1024, 768)",waveguide,0.612501,3d_edge,0.257446,microfluidic,0.088359,
C:\Users\kom-e14-1\OneDrive\MLTraining\project\microvision-ai\data\unlabeled_test_images\MEMS_devices_and_electrodes\L8_71fbec7d8d92f5477ec0709037518619.jpg,C:\Users\kom-e14-1\Documents\Codex\2026-06-05\i-have-sem-images-i-chategorized\outputs\unlabeled_cropped_for_review\L8_71fbec7d8d92f5477ec0709037518619_cropped.jpg,true,"(0, 0, 1024, 635)","(0, 635, 1024, 768)",3d_edge,0.661605,cantilever,0.250120,Electrode,0.038024,
C:\Users\kom-e14-1\OneDrive\MLTraining\project\microvision-ai\data\unlabeled_test_images\MEMS_devices_and_electrodes\L8_71fc2c384db3d1a13803cc928ca19696.jpg,C:\Users\kom-e14-1\Documents\Codex\2026-06-05\i-have-sem-images-i-chategorized\outputs\unlabeled_cropped_for_review\L8_71fc2c384db3d1a13803cc928ca19696_cropped.jpg,true,"(0, 0, 1024, 636)","(0, 636, 1024, 768)",3d_edge,0.887374,waveguide,0.100721,microfluidic,0.008083,
C:\Users\kom-e14-1\OneDrive\MLTraining\project\microvision-ai\data\unlabeled_test_images\MEMS_devices_and_electrodes\L8_722947cc42f04532cb08cb8193bfd10d.jpg,C:\Users\kom-e14-1\Documents\Codex\2026-06-05\i-have-sem-images-i-chategorized\outputs\unlabeled_cropped_for_review\L8_722947cc42f04532cb08cb8193bfd10d_cropped.jpg,true,"(0, 0, 1024, 635)","(0, 635, 1024, 768)",3d_edge,0.621876,waveguide,0.137825,Electrode,0.081057,
C:\Users\kom-e14-1\OneDrive\MLTraining\project\microvision-ai\data\unlabeled_test_images\MEMS_devices_and_electrodes\L8_723ed0a150a0d71aec8bb227047f3534.jpg,C:\Users\kom-e14-1\Documents\Codex\2026-06-05\i-have-sem-images-i-chategorized\outputs\unlabeled_cropped_for_review\L8_723ed0a150a0d71aec8bb227047f3534_cropped.jpg,true,"(0, 0, 1024, 635)","(0, 635, 1024, 768)",waveguide,0.353974,microfluidic,0.174268,close_up_line,0.145216,
C:\Users\kom-e14-1\OneDrive\MLTraining\project\microvision-ai\data\unlabeled_test_images\MEMS_devices_and_electrodes\L8_7262f81d8aa9a63d160c20ba155187ea.jpg,C:\Users\kom-e14-1\Documents\Codex\2026-06-05\i-have-sem-images-i-chategorized\outputs\unlabeled_cropped_for_review\L8_7262f81d8aa9a63d160c20ba155187ea_cropped.jpg,true,"(0, 0, 1024, 607)","(0, 607, 1024, 768)",close_up_line,0.708823,Electrode,0.266914,3d_edge,0.008498,
C:\Users\kom-e14-1\OneDrive\MLTraining\project\microvision-ai\data\unlabeled_test_images\MEMS_devices_and_electrodes\L8_726646ec3b5c8448afb5a763f6447fab.jpg,C:\Users\kom-e14-1\Documents\Codex\2026-06-05\i-have-sem-images-i-chategorized\outputs\unlabeled_cropped_for_review\L8_726646ec3b5c8448afb5a763f6447fab_cropped.jpg,true,"(0, 0, 1024, 635)","(0, 635, 1024, 768)",3d_edge,0.664797,Electrode,0.124965,cantilever,0.082397,
C:\Users\kom-e14-1\OneDrive\MLTraining\project\microvision-ai\data\unlabeled_test_images\MEMS_devices_and_electrodes\L8_726f6ecf03a4152ce0ec37fb2007ded1.jpg,C:\Users\kom-e14-1\Documents\Codex\2026-06-05\i-have-sem-images-i-chategorized\outputs\unlabeled_cropped_for_review\L8_726f6ecf03a4152ce0ec37fb2007ded1_cropped.jpg,true,"(0, 0, 1024, 607)","(0, 607, 1024, 768)",close_up_line,0.497550,Electrode,0.486460,Bond-Pad-Array,0.005945,
C:\Users\kom-e14-1\OneDrive\MLTraining\project\microvision-ai\data\unlabeled_test_images\MEMS_devices_and_electrodes\L8_727648e2682dc110623fed00a9f97484.jpg,C:\Users\kom-e14-1\Documents\Codex\2026-06-05\i-have-sem-images-i-chategorized\outputs\unlabeled_cropped_for_review\L8_727648e2682dc110623fed00a9f97484_cropped.jpg,true,"(0, 0, 1024, 607)","(0, 607, 1024, 768)",Electrode,0.344530,Bond-Pad-Array,0.292302,3d_edge,0.130135,
C:\Users\kom-e14-1\OneDrive\MLTraining\project\microvision-ai\data\unlabeled_test_images\MEMS_devices_and_electrodes\L8_727faaaa5f8c06143829a5f4d3684813.jpg,C:\Users\kom-e14-1\Documents\Codex\2026-06-05\i-have-sem-images-i-chategorized\outputs\unlabeled_cropped_for_review\L8_727faaaa5f8c06143829a5f4d3684813_cropped.jpg,true,"(0, 0, 1024, 636)","(0, 636, 1024, 768)",3d_edge,0.657906,waveguide,0.203418,cantilever,0.047182,
C:\Users\kom-e14-1\OneDrive\MLTraining\project\microvision-ai\data\unlabeled_test_images\MEMS_devices_and_electrodes\L8_72c42bf42ce8120f8080b44d2ef176f9.jpg,C:\Users\kom-e14-1\Documents\Codex\2026-06-05\i-have-sem-images-i-chategorized\outputs\unlabeled_cropped_for_review\L8_72c42bf42ce8120f8080b44d2ef176f9_cropped.jpg,true,"(0, 0, 1024, 631)","(0, 631, 1024, 768)",3d_edge,0.908075,waveguide,0.038824,close_up_line,0.028235,
C:\Users\kom-e14-1\OneDrive\MLTraining\project\microvision-ai\data\unlabeled_test_images\MEMS_devices_and_electrodes\L8_72c690efddce4da5e2ff2c7a465f8f85.jpg,C:\Users\kom-e14-1\Documents\Codex\2026-06-05\i-have-sem-images-i-chategorized\outputs\unlabeled_cropped_for_review\L8_72c690efddce4da5e2ff2c7a465f8f85_cropped.jpg,true,"(0, 0, 1024, 631)","(0, 631, 1024, 768)",3d_edge,0.986538,microfluidic,0.004674,Electrode,0.002616,
C:\Users\kom-e14-1\OneDrive\MLTraining\project\microvision-ai\data\unlabeled_test_images\MEMS_devices_and_electrodes\L8_72ccdb2aaf6b273a876d7fad193a6b82.jpg,C:\Users\kom-e14-1\Documents\Codex\2026-06-05\i-have-sem-images-i-chategorized\outputs\unlabeled_cropped_for_review\L8_72ccdb2aaf6b273a876d7fad193a6b82_cropped.jpg,true,"(0, 0, 1024, 607)","(0, 607, 1024, 768)",waveguide,0.589824,3d_edge,0.270256,close_up_line,0.048961,
C:\Users\kom-e14-1\OneDrive\MLTraining\project\microvision-ai\data\unlabeled_test_images\MEMS_devices_and_electrodes\L8_72d77da2f43459b517ecc2ebb063703d.jpg,C:\Users\kom-e14-1\Documents\Codex\2026-06-05\i-have-sem-images-i-chategorized\outputs\unlabeled_cropped_for_review\L8_72d77da2f43459b517ecc2ebb063703d_cropped.jpg,true,"(0, 0, 1024, 635)","(0, 635, 1024, 768)",3d_edge,0.767777,microfluidic,0.190942,waveguide,0.019519,
C:\Users\kom-e14-1\OneDrive\MLTraining\project\microvision-ai\data\unlabeled_test_images\MEMS_devices_and_electrodes\L8_72fbefbd9538718f8e314e9b70000d9c.jpg,C:\Users\kom-e14-1\Documents\Codex\2026-06-05\i-have-sem-images-i-chategorized\outputs\unlabeled_cropped_for_review\L8_72fbefbd9538718f8e314e9b70000d9c_cropped.jpg,true,"(0, 0, 1024, 636)","(0, 636, 1024, 768)",3d_edge,0.968886,waveguide,0.017068,cantilever,0.008986,
C:\Users\kom-e14-1\OneDrive\MLTraining\project\microvision-ai\data\unlabeled_test_images\MEMS_devices_and_electrodes\L8_730faa7d2cdac5b98edc8d7e8cc3ca12.jpg,C:\Users\kom-e14-1\Documents\Codex\2026-06-05\i-have-sem-images-i-chategorized\outputs\unlabeled_cropped_for_review\L8_730faa7d2cdac5b98edc8d7e8cc3ca12_cropped.jpg,true,"(0, 0, 1024, 607)","(0, 607, 1024, 768)",close_up_line,0.773665,Electrode,0.203576,Bond-Pad-Array,0.012581,
C:\Users\kom-e14-1\OneDrive\MLTraining\project\microvision-ai\data\unlabeled_test_images\MEMS_devices_and_electrodes\L8_732ae38aa9a8698ee9590cb49bf9bfb7.jpg,C:\Users\kom-e14-1\Documents\Codex\2026-06-05\i-have-sem-images-i-chategorized\outputs\unlabeled_cropped_for_review\L8_732ae38aa9a8698ee9590cb49bf9bfb7_cropped.jpg,true,"(0, 0, 1024, 545)","(0, 545, 1024, 768)",3d_edge,0.978018,microfluidic,0.011475,Electrode,0.004264,
C:\Users\kom-e14-1\OneDrive\MLTraining\project\microvision-ai\data\unlabeled_test_images\MEMS_devices_and_electrodes\L8_734a87e66584d2b3a25725d57d47798a.jpg,C:\Users\kom-e14-1\Documents\Codex\2026-06-05\i-have-sem-images-i-chategorized\outputs\unlabeled_cropped_for_review\L8_734a87e66584d2b3a25725d57d47798a_cropped.jpg,true,"(0, 0, 1024, 607)","(0, 607, 1024, 768)",Electrode,0.288474,close_up_line,0.214026,microfluidic,0.175340,
C:\Users\kom-e14-1\OneDrive\MLTraining\project\microvision-ai\data\unlabeled_test_images\MEMS_devices_and_electrodes\L8_734efdb717031e432a0b706f498c75a1.jpg,C:\Users\kom-e14-1\Documents\Codex\2026-06-05\i-have-sem-images-i-chategorized\outputs\unlabeled_cropped_for_review\L8_734efdb717031e432a0b706f498c75a1_cropped.jpg,true,"(0, 0, 1023, 636)","(0, 636, 1023, 767)",3d_edge,0.645322,cantilever,0.303601,Electrode,0.031761,
C:\Users\kom-e14-1\OneDrive\MLTraining\project\microvision-ai\data\unlabeled_test_images\MEMS_devices_and_electrodes\L8_73562dd1b7416b1d99cc30c37f13cada.jpg,C:\Users\kom-e14-1\Documents\Codex\2026-06-05\i-have-sem-images-i-chategorized\outputs\unlabeled_cropped_for_review\L8_73562dd1b7416b1d99cc30c37f13cada_cropped.jpg,true,"(0, 0, 1024, 607)","(0, 607, 1024, 768)",close_up_line,0.551549,Electrode,0.436031,Bond-Pad-Array,0.005619,
C:\Users\kom-e14-1\OneDrive\MLTraining\project\microvision-ai\data\unlabeled_test_images\MEMS_devices_and_electrodes\L8_735d9ab367a4b7ab87ed6b4f09dc2319.jpg,C:\Users\kom-e14-1\Documents\Codex\2026-06-05\i-have-sem-images-i-chategorized\outputs\unlabeled_cropped_for_review\L8_735d9ab367a4b7ab87ed6b4f09dc2319_cropped.jpg,true,"(0, 0, 1024, 539)","(0, 539, 1024, 768)",3d_edge,0.672641,waveguide,0.137103,cantilever,0.092812,
C:\Users\kom-e14-1\OneDrive\MLTraining\project\microvision-ai\data\unlabeled_test_images\MEMS_devices_and_electrodes\L8_736328f446102330515022d1b2c6d68e.jpg,C:\Users\kom-e14-1\Documents\Codex\2026-06-05\i-have-sem-images-i-chategorized\outputs\unlabeled_cropped_for_review\L8_736328f446102330515022d1b2c6d68e_cropped.jpg,true,"(0, 0, 1024, 579)","(0, 579, 1024, 768)",Electrode,0.650647,close_up_line,0.191773,Bond-Pad-Array,0.097901,
C:\Users\kom-e14-1\OneDrive\MLTraining\project\microvision-ai\data\unlabeled_test_images\MEMS_devices_and_electrodes\L8_738d6043b764addb11efb9b1d80de498.jpg,C:\Users\kom-e14-1\Documents\Codex\2026-06-05\i-have-sem-images-i-chategorized\outputs\unlabeled_cropped_for_review\L8_738d6043b764addb11efb9b1d80de498_cropped.jpg,true,"(0, 0, 1024, 631)","(0, 631, 1024, 768)",3d_edge,0.989920,waveguide,0.006659,cantilever,0.001820,
C:\Users\kom-e14-1\OneDrive\MLTraining\project\microvision-ai\data\unlabeled_test_images\MEMS_devices_and_electrodes\L8_7393b79252f1bbfc512ca7f8b6bdff84.jpg,C:\Users\kom-e14-1\Documents\Codex\2026-06-05\i-have-sem-images-i-chategorized\outputs\unlabeled_cropped_for_review\L8_7393b79252f1bbfc512ca7f8b6bdff84_cropped.jpg,true,"(0, 0, 1024, 635)","(0, 635, 1024, 768)",3d_edge,0.998069,waveguide,0.000805,microfluidic,0.000646,
C:\Users\kom-e14-1\OneDrive\MLTraining\project\microvision-ai\data\unlabeled_test_images\MEMS_devices_and_electrodes\L8_73b77d6b1709f55b2c17140d19d6481f.jpg,C:\Users\kom-e14-1\Documents\Codex\2026-06-05\i-have-sem-images-i-chategorized\outputs\unlabeled_cropped_for_review\L8_73b77d6b1709f55b2c17140d19d6481f_cropped.jpg,true,"(0, 0, 1024, 607)","(0, 607, 1024, 768)",Electrode,0.852394,close_up_line,0.140294,Bond-Pad-Array,0.003882,
C:\Users\kom-e14-1\OneDrive\MLTraining\project\microvision-ai\data\unlabeled_test_images\MEMS_devices_and_electrodes\L8_73cfb69e87106d49c8c34df894d48434.jpg,C:\Users\kom-e14-1\Documents\Codex\2026-06-05\i-have-sem-images-i-chategorized\outputs\unlabeled_cropped_for_review\L8_73cfb69e87106d49c8c34df894d48434_cropped.jpg,true,"(0, 0, 1024, 535)","(0, 535, 1024, 768)",cantilever,0.886460,3d_edge,0.051851,Electrode,0.025530,
C:\Users\kom-e14-1\OneDrive\MLTraining\project\microvision-ai\data\unlabeled_test_images\MEMS_devices_and_electrodes\L8_73d879234d00cd767704f5c2142c5186.jpg,C:\Users\kom-e14-1\Documents\Codex\2026-06-05\i-have-sem-images-i-chategorized\outputs\unlabeled_cropped_for_review\L8_73d879234d00cd767704f5c2142c5186_cropped.jpg,true,"(0, 0, 1024, 635)","(0, 635, 1024, 768)",cantilever,0.437981,3d_edge,0.424660,waveguide,0.088608,
C:\Users\kom-e14-1\OneDrive\MLTraining\project\microvision-ai\data\unlabeled_test_images\MEMS_devices_and_electrodes\L8_73e63230b0e7244695e49e1e6b63d3e7.jpg,C:\Users\kom-e14-1\Documents\Codex\2026-06-05\i-have-sem-images-i-chategorized\outputs\unlabeled_cropped_for_review\L8_73e63230b0e7244695e49e1e6b63d3e7_cropped.jpg,true,"(0, 0, 1024, 607)","(0, 607, 1024, 768)",3d_edge,0.739477,Electrode,0.167026,close_up_line,0.045510,
C:\Users\kom-e14-1\OneDrive\MLTraining\project\microvision-ai\data\unlabeled_test_images\MEMS_devices_and_electrodes\L8_7406b70ae84417c8b35dc76cf4bac2b8.jpg,C:\Users\kom-e14-1\Documents\Codex\2026-06-05\i-have-sem-images-i-chategorized\outputs\unlabeled_cropped_for_review\L8_7406b70ae84417c8b35dc76cf4bac2b8_cropped.jpg,true,"(0, 0, 1024, 607)","(0, 607, 1024, 768)",Electrode,0.928412,close_up_line,0.059248,Bond-Pad-Array,0.005220,
C:\Users\kom-e14-1\OneDrive\MLTraining\project\microvision-ai\data\unlabeled_test_images\MEMS_devices_and_electrodes\L8_74092b36125d6ac1544ba2dae9ea7949.jpg,C:\Users\kom-e14-1\Documents\Codex\2026-06-05\i-have-sem-images-i-chategorized\outputs\unlabeled_cropped_for_review\L8_74092b36125d6ac1544ba2dae9ea7949_cropped.jpg,true,"(0, 0, 1024, 635)","(0, 635, 1024, 768)",3d_edge,0.814888,waveguide,0.158271,cantilever,0.010445,
C:\Users\kom-e14-1\OneDrive\MLTraining\project\microvision-ai\data\unlabeled_test_images\MEMS_devices_and_electrodes\L8_743673f8006a87221c33fd42e5777262.jpg,C:\Users\kom-e14-1\Documents\Codex\2026-06-05\i-have-sem-images-i-chategorized\outputs\unlabeled_cropped_for_review\L8_743673f8006a87221c33fd42e5777262_cropped.jpg,true,"(0, 0, 1024, 635)","(0, 635, 1024, 768)",cantilever,0.732577,Electrode,0.112203,waveguide,0.084977,
C:\Users\kom-e14-1\OneDrive\MLTraining\project\microvision-ai\data\unlabeled_test_images\MEMS_devices_and_electrodes\L8_74397f2bd9566182d1d306c5d510a778.jpg,C:\Users\kom-e14-1\Documents\Codex\2026-06-05\i-have-sem-images-i-chategorized\outputs\unlabeled_cropped_for_review\L8_74397f2bd9566182d1d306c5d510a778_cropped.jpg,true,"(0, 0, 1024, 607)","(0, 607, 1024, 768)",Electrode,0.899200,close_up_line,0.089494,Bond-Pad-Array,0.006462,
C:\Users\kom-e14-1\OneDrive\MLTraining\project\microvision-ai\data\unlabeled_test_images\MEMS_devices_and_electrodes\L8_74451704e0d49c2bb30fede0a0247bc4.jpg,C:\Users\kom-e14-1\Documents\Codex\2026-06-05\i-have-sem-images-i-chategorized\outputs\unlabeled_cropped_for_review\L8_74451704e0d49c2bb30fede0a0247bc4_cropped.jpg,true,"(0, 0, 1024, 607)","(0, 607, 1024, 768)",close_up_line,0.931933,3d_edge,0.021121,Electrode,0.018126,
C:\Users\kom-e14-1\OneDrive\MLTraining\project\microvision-ai\data\unlabeled_test_images\MEMS_devices_and_electrodes\L8_7452de040a363ab75d70ee2d1c4afa6c.jpg,C:\Users\kom-e14-1\Documents\Codex\2026-06-05\i-have-sem-images-i-chategorized\outputs\unlabeled_cropped_for_review\L8_7452de040a363ab75d70ee2d1c4afa6c_cropped.jpg,true,"(0, 0, 1024, 607)","(0, 607, 1024, 768)",Bond-Pad-Array,0.997132,close_up_line,0.000570,waveguide,0.000496,
C:\Users\kom-e14-1\OneDrive\MLTraining\project\microvision-ai\data\unlabeled_test_images\MEMS_devices_and_electrodes\L8_7478e9cfa4f38b91e43161dff63cae32.jpg,C:\Users\kom-e14-1\Documents\Codex\2026-06-05\i-have-sem-images-i-chategorized\outputs\unlabeled_cropped_for_review\L8_7478e9cfa4f38b91e43161dff63cae32_cropped.jpg,true,"(0, 0, 1024, 607)","(0, 607, 1024, 768)",Bond-Pad-Array,0.992940,label,0.003426,close_up_line,0.001172,
